QuestionID,Category,Subtopic,InitialStatus,FinalStatus,IssueTypes,Notes,AuditedAt
cmstkgbyp002k20u1qvvz710h,"Numerical Reasoning","Basic Operations - Arithmetic   Number Properties",AUDITED,VERIFIED,"","",2026-08-19T09:28:02.770Z
cmstkgbyn000g20u1eg3qvoir,"Verbal Ability","Reading Comprehension - Core Reading Skills",AUDITED,VERIFIED,"","",2026-08-19T09:28:02.773Z
cmstkgbyn000s20u1ybaaae3y,"Verbal Ability","Reading Comprehension - Core Reading Skills",AUDITED,VERIFIED,"","",2026-08-19T09:28:02.773Z
cmstkgbym000420u1xww9dorg,"Verbal Ability","Reading Comprehension - Core Reading Skills",AUDITED,VERIFIED,"","",2026-08-19T09:28:02.773Z
cmstkgbyn000y20u14frxdy58,"Verbal Ability","Reading Comprehension - Core Reading Skills",AUDITED,VERIFIED,"","",2026-08-19T09:28:02.773Z
cmstkgbyn001220u1212x3owv,"Verbal Ability","Reading Comprehension - Core Reading Skills",AUDITED,VERIFIED,"","",2026-08-19T09:28:02.774Z
cmstkgbyo001a20u1r4krz0i3,"Verbal Ability","Reading Comprehension - Core Reading Skills",AUDITED,VERIFIED,"","",2026-08-19T09:28:02.776Z
cmstkgbyo001f20u1scsp81sw,"Verbal Ability","Reading Comprehension - Core Reading Skills",AUDITED,VERIFIED,"","",2026-08-19T09:28:02.776Z
cmstkgbyo001k20u1l5qbtpz0,"Verbal Ability","Reading Comprehension - Core Reading Skills",AUDITED,VERIFIED,"","",2026-08-19T09:28:02.777Z
cmstkgbyp002q20u1zrqob1uk,"Numerical Reasoning","Basic Operations - Arithmetic   Number Properties",AUDITED,VERIFIED,"","",2026-08-19T09:28:02.777Z
cmstkgbyn000w20u1qwasucek,"Verbal Ability","Reading Comprehension - Core Reading Skills",AUDITED,VERIFIED,"","",2026-08-19T09:28:02.778Z
cmstkgbyn000o20u1rtjrep7z,"Verbal Ability","Reading Comprehension - Core Reading Skills",AUDITED,VERIFIED,"","",2026-08-19T09:28:02.778Z
cmstkgbyn000k20u1nk0xuc4n,"Verbal Ability","Reading Comprehension - Core Reading Skills",AUDITED,VERIFIED,"","",2026-08-19T09:28:02.779Z
cmstkgbyp002i20u1e2igo9st,"Numerical Reasoning","Basic Operations - Arithmetic   Number Properties",AUDITED,VERIFIED,"","",2026-08-19T09:28:02.780Z
cmstkgbyo002620u1s6qc8lh4,"Numerical Reasoning","Basic Operations - Arithmetic   Number Properties",AUDITED,VERIFIED,"","",2026-08-19T09:28:02.781Z
cmstkgbyo001o20u1cykndfqt,"Numerical Reasoning","Basic Operations - Arithmetic   Number Properties",AUDITED,MANUAL_REVIEW,"DUPLICATE_CHOICES","",2026-08-19T09:28:02.782Z
cmstkgbyp002g20u10lgc403p,"Numerical Reasoning","Basic Operations - Arithmetic   Number Properties",AUDITED,VERIFIED,"","",2026-08-19T09:28:02.783Z
cmstkgbyo001g20u1iuwnezw9,"Verbal Ability","Reading Comprehension - Core Reading Skills",AUDITED,VERIFIED,"","",2026-08-19T09:28:02.784Z
cmstkgbyp002o20u1f5ttux5z,"Numerical Reasoning","Basic Operations - Arithmetic   Number Properties",AUDITED,VERIFIED,"","",2026-08-19T09:28:02.784Z
cmstkgbyo001c20u14gvoueaz,"Verbal Ability","Reading Comprehension - Core Reading Skills",AUDITED,VERIFIED,"","",2026-08-19T09:28:02.785Z
cmstkgbyo001v20u169okcsz7,"Numerical Reasoning","Basic Operations - Arithmetic   Number Properties",AUDITED,MANUAL_REVIEW,"DUPLICATE_CHOICES","",2026-08-19T09:28:02.786Z
cmstkgbyn000j20u1tes0dvkx,"Verbal Ability","Reading Comprehension - Core Reading Skills",AUDITED,VERIFIED,"","",2026-08-19T09:28:02.787Z
cmstkgbyo002020u1r40rn6sj,"Numerical Reasoning","Basic Operations - Arithmetic   Number Properties",AUDITED,VERIFIED,"","",2026-08-19T09:28:02.788Z
cmstkgbyn001820u1n631ge93,"Verbal Ability","Reading Comprehension - Core Reading Skills",AUDITED,VERIFIED,"","",2026-08-19T09:28:02.789Z
cmstkgbyn001620u1b88x7vje,"Verbal Ability","Reading Comprehension - Core Reading Skills",AUDITED,VERIFIED,"","",2026-08-19T09:28:02.790Z
cmstkgbyn000c20u1w1sftnyg,"Verbal Ability","Reading Comprehension - Core Reading Skills",AUDITED,VERIFIED,"","",2026-08-19T09:28:02.791Z
cmstkgbyn001020u1hoqdxyyp,"Verbal Ability","Reading Comprehension - Core Reading Skills",AUDITED,VERIFIED,"","",2026-08-19T09:28:02.792Z
cmstkgbyn000x20u10l8eel3s,"Verbal Ability","Reading Comprehension - Core Reading Skills",AUDITED,VERIFIED,"","",2026-08-19T09:28:02.794Z
cmstkgbym000820u1npnukyxy,"Verbal Ability","Reading Comprehension - Core Reading Skills",AUDITED,VERIFIED,"","",2026-08-19T09:28:02.795Z
cmstkgbyo002320u173o7saw1,"Numerical Reasoning","Basic Operations - Arithmetic   Number Properties",AUDITED,VERIFIED,"","",2026-08-19T09:28:02.796Z
cmstkgbyo002420u1vkfx3f1w,"Numerical Reasoning","Basic Operations - Arithmetic   Number Properties",AUDITED,VERIFIED,"","",2026-08-19T09:28:02.799Z
cmstkgbyl000020u14j9ytmf9,"Verbal Ability","Reading Comprehension - Core Reading Skills",AUDITED,VERIFIED,"","",2026-08-19T09:28:02.800Z
cmstkgbyo001s20u1106lt2hf,"Numerical Reasoning","Basic Operations - Arithmetic   Number Properties",AUDITED,VERIFIED,"","",2026-08-19T09:28:02.801Z
cmstkgbyp002m20u1q1bm523f,"Numerical Reasoning","Basic Operations - Arithmetic   Number Properties",AUDITED,VERIFIED,"","",2026-08-19T09:28:02.802Z
cmstkgbyp002c20u1y9guvewn,"Numerical Reasoning","Basic Operations - Arithmetic   Number Properties",AUDITED,VERIFIED,"","",2026-08-19T09:28:02.802Z
cmstkgbyp002a20u1qy5hphth,"Numerical Reasoning","Basic Operations - Arithmetic   Number Properties",AUDITED,VERIFIED,"","",2026-08-19T09:28:02.803Z
cmstkgbyo001w20u16otl3mnb,"Numerical Reasoning","Basic Operations - Arithmetic   Number Properties",AUDITED,VERIFIED,"","",2026-08-19T09:28:02.804Z
cmstkgbyo001q20u1hrttcm8w,"Numerical Reasoning","Basic Operations - Arithmetic   Number Properties",AUDITED,MANUAL_REVIEW,"DUPLICATE_CHOICES","",2026-08-19T09:28:02.804Z
cmstkgbyp002820u10gq2120u,"Numerical Reasoning","Basic Operations - Arithmetic   Number Properties",AUDITED,VERIFIED,"","",2026-08-19T09:28:02.805Z
cmstkgbyn001420u13veqqt0y,"Verbal Ability","Reading Comprehension - Core Reading Skills",AUDITED,VERIFIED,"","",2026-08-19T09:28:02.807Z
cmstkgbyp002r20u1ost8yv91,"Numerical Reasoning","Basic Operations - Arithmetic   Number Properties",AUDITED,VERIFIED,"","",2026-08-19T09:28:02.808Z
cmstkgbyp002n20u1dphlfxjr,"Numerical Reasoning","Basic Operations - Arithmetic   Number Properties",AUDITED,VERIFIED,"","",2026-08-19T09:28:02.809Z
cmstkgbyp002h20u1b2f44jaq,"Numerical Reasoning","Basic Operations - Arithmetic   Number Properties",AUDITED,VERIFIED,"","",2026-08-19T09:28:02.809Z
cmstkgbyp002j20u1954mt0eb,"Numerical Reasoning","Basic Operations - Arithmetic   Number Properties",AUDITED,VERIFIED,"","",2026-08-19T09:28:02.810Z
cmstkgbyp002f20u1z4zookhk,"Numerical Reasoning","Basic Operations - Arithmetic   Number Properties",AUDITED,VERIFIED,"","",2026-08-19T09:28:02.811Z
cmstkgbyp002d20u1pqu8mm9a,"Numerical Reasoning","Basic Operations - Arithmetic   Number Properties",AUDITED,VERIFIED,"","",2026-08-19T09:28:02.812Z
cmstkgbyp002e20u1i6psqxol,"Numerical Reasoning","Basic Operations - Arithmetic   Number Properties",AUDITED,VERIFIED,"","",2026-08-19T09:28:02.813Z
cmstkgbyp002b20u1c6hihwls,"Numerical Reasoning","Basic Operations - Arithmetic   Number Properties",AUDITED,VERIFIED,"","",2026-08-19T09:28:02.815Z
cmstkgbyp002920u1php9eho7,"Numerical Reasoning","Basic Operations - Arithmetic   Number Properties",AUDITED,VERIFIED,"","",2026-08-19T09:28:02.816Z
cmstkgbyo002520u1ss4ks3v5,"Numerical Reasoning","Basic Operations - Arithmetic   Number Properties",AUDITED,VERIFIED,"","",2026-08-19T09:28:02.817Z
cmstkgbyp002720u1h23l70dy,"Numerical Reasoning","Basic Operations - Arithmetic   Number Properties",AUDITED,MANUAL_REVIEW,"DUPLICATE_CHOICES","",2026-08-19T09:28:02.818Z
cmstkgbyo002220u1c4aszr9o,"Numerical Reasoning","Basic Operations - Arithmetic   Number Properties",AUDITED,VERIFIED,"","",2026-08-19T09:28:02.819Z
cmstkgbyo002120u1tig6bvds,"Numerical Reasoning","Basic Operations - Arithmetic   Number Properties",AUDITED,VERIFIED,"","",2026-08-19T09:28:02.819Z
cmstkgbyo001z20u1ywk884go,"Numerical Reasoning","Basic Operations - Arithmetic   Number Properties",AUDITED,VERIFIED,"","",2026-08-19T09:28:02.820Z
cmstkgbyo001y20u1t97z7qf2,"Numerical Reasoning","Basic Operations - Arithmetic   Number Properties",AUDITED,VERIFIED,"","",2026-08-19T09:28:02.821Z
cmstkgbyo001x20u10lw1skbr,"Numerical Reasoning","Basic Operations - Arithmetic   Number Properties",AUDITED,MANUAL_REVIEW,"DUPLICATE_CHOICES","",2026-08-19T09:28:02.822Z
cmstkgbyo001t20u120wbs1ba,"Numerical Reasoning","Basic Operations - Arithmetic   Number Properties",AUDITED,MANUAL_REVIEW,"DUPLICATE_CHOICES","",2026-08-19T09:28:02.823Z
cmstkgbyo001u20u1gnlm5n7o,"Numerical Reasoning","Basic Operations - Arithmetic   Number Properties",AUDITED,VERIFIED,"","",2026-08-19T09:28:02.824Z
cmstkgbyo001r20u1b041nki2,"Numerical Reasoning","Basic Operations - Arithmetic   Number Properties",AUDITED,MANUAL_REVIEW,"DUPLICATE_CHOICES","",2026-08-19T09:28:02.825Z
cmstkgbyo001p20u1tz0mbh2u,"Numerical Reasoning","Basic Operations - Arithmetic   Number Properties",AUDITED,MANUAL_REVIEW,"DUPLICATE_CHOICES","",2026-08-19T09:28:02.826Z
cmstkgbyo001n20u1kkyqpykl,"Verbal Ability","Reading Comprehension - Core Reading Skills",AUDITED,VERIFIED,"","",2026-08-19T09:28:02.828Z
cmstkgbyo001m20u1scvd4web,"Verbal Ability","Reading Comprehension - Core Reading Skills",AUDITED,VERIFIED,"","",2026-08-19T09:28:02.830Z
cmstkgbyo001l20u1gqnpthbh,"Verbal Ability","Reading Comprehension - Core Reading Skills",AUDITED,VERIFIED,"","",2026-08-19T09:28:02.833Z
cmstkgbyo001j20u10eso7wnn,"Verbal Ability","Reading Comprehension - Core Reading Skills",AUDITED,VERIFIED,"","",2026-08-19T09:28:02.836Z
cmstkgbyo001i20u1ey94lfs5,"Verbal Ability","Reading Comprehension - Core Reading Skills",AUDITED,VERIFIED,"","",2026-08-19T09:28:02.845Z
cmstkgbyo001h20u1d09rr951,"Verbal Ability","Reading Comprehension - Core Reading Skills",AUDITED,VERIFIED,"","",2026-08-19T09:28:02.847Z
cmstkgbyo001e20u1lw36mcho,"Verbal Ability","Reading Comprehension - Core Reading Skills",AUDITED,VERIFIED,"","",2026-08-19T09:28:02.849Z
cmstkgbyo001d20u1tt4ok2ca,"Verbal Ability","Reading Comprehension - Core Reading Skills",AUDITED,VERIFIED,"","",2026-08-19T09:28:02.851Z
cmstkgbyo001b20u1yrflzzfh,"Verbal Ability","Reading Comprehension - Core Reading Skills",AUDITED,VERIFIED,"","",2026-08-19T09:28:02.853Z
cmstkgbyn001920u1nfrldo0x,"Verbal Ability","Reading Comprehension - Core Reading Skills",AUDITED,VERIFIED,"","",2026-08-19T09:28:02.854Z
cmstkgbyn001720u19ape0kzw,"Verbal Ability","Reading Comprehension - Core Reading Skills",AUDITED,VERIFIED,"","",2026-08-19T09:28:02.856Z
cmstkgbyn001520u1fgbm8i9u,"Verbal Ability","Reading Comprehension - Core Reading Skills",AUDITED,VERIFIED,"","",2026-08-19T09:28:02.857Z
cmstkgbyn001320u1k30lhahp,"Verbal Ability","Reading Comprehension - Core Reading Skills",AUDITED,VERIFIED,"","",2026-08-19T09:28:02.859Z
cmstkgbyn001120u1hiu296dt,"Verbal Ability","Reading Comprehension - Core Reading Skills",AUDITED,VERIFIED,"","",2026-08-19T09:28:02.861Z
cmstkgbyn000z20u1en5ky0my,"Verbal Ability","Reading Comprehension - Core Reading Skills",AUDITED,VERIFIED,"","",2026-08-19T09:28:02.863Z
cmstkgbyn000v20u1ezr2yrq9,"Verbal Ability","Reading Comprehension - Core Reading Skills",AUDITED,VERIFIED,"","",2026-08-19T09:28:02.866Z
cmstkgbyn000u20u18op8dipq,"Verbal Ability","Reading Comprehension - Core Reading Skills",AUDITED,VERIFIED,"","",2026-08-19T09:28:02.868Z
cmstkgbyn000t20u1qsnwv27m,"Verbal Ability","Reading Comprehension - Core Reading Skills",AUDITED,VERIFIED,"","",2026-08-19T09:28:02.870Z
cmstkgbyn000r20u1eqfdoh8d,"Verbal Ability","Reading Comprehension - Core Reading Skills",AUDITED,VERIFIED,"","",2026-08-19T09:28:02.872Z
cmstkgbyn000q20u1kr02ravy,"Verbal Ability","Reading Comprehension - Core Reading Skills",AUDITED,VERIFIED,"","",2026-08-19T09:28:02.874Z
cmstkgbyn000p20u1dc1aufc2,"Verbal Ability","Reading Comprehension - Core Reading Skills",AUDITED,VERIFIED,"","",2026-08-19T09:28:02.876Z
cmstkgbyn000n20u1klxghn4b,"Verbal Ability","Reading Comprehension - Core Reading Skills",AUDITED,VERIFIED,"","",2026-08-19T09:28:02.879Z
cmstkgbyn000m20u1sd4u3pch,"Verbal Ability","Reading Comprehension - Core Reading Skills",AUDITED,VERIFIED,"","",2026-08-19T09:28:02.882Z
cmstkgbyn000l20u11puw7cgu,"Verbal Ability","Reading Comprehension - Core Reading Skills",AUDITED,VERIFIED,"","",2026-08-19T09:28:02.885Z
cmstkgbyn000i20u1r0kgw1t1,"Verbal Ability","Reading Comprehension - Core Reading Skills",AUDITED,VERIFIED,"","",2026-08-19T09:28:02.887Z
cmstkgbyn000h20u1vi01q4lo,"Verbal Ability","Reading Comprehension - Core Reading Skills",AUDITED,VERIFIED,"","",2026-08-19T09:28:02.890Z
cmstkgbyn000f20u1m5klaaeq,"Verbal Ability","Reading Comprehension - Core Reading Skills",AUDITED,VERIFIED,"","",2026-08-19T09:28:02.892Z
cmstkgbyn000e20u1slicpxtw,"Verbal Ability","Reading Comprehension - Core Reading Skills",AUDITED,VERIFIED,"","",2026-08-19T09:28:02.895Z
cmstkgbyn000d20u1icslskxg,"Verbal Ability","Reading Comprehension - Core Reading Skills",AUDITED,VERIFIED,"","",2026-08-19T09:28:02.899Z
cmstkgbym000b20u1o6wf0wdy,"Verbal Ability","Reading Comprehension - Core Reading Skills",AUDITED,VERIFIED,"","",2026-08-19T09:28:02.902Z
cmstkgbym000a20u1pe0zuq2l,"Verbal Ability","Reading Comprehension - Core Reading Skills",AUDITED,VERIFIED,"","",2026-08-19T09:28:02.905Z
cmstkgbym000920u15vn09ui6,"Verbal Ability","Reading Comprehension - Core Reading Skills",AUDITED,VERIFIED,"","",2026-08-19T09:28:02.908Z
cmstkgbym000720u18jp70bl4,"Verbal Ability","Reading Comprehension - Core Reading Skills",AUDITED,VERIFIED,"","",2026-08-19T09:28:02.911Z
cmstkgbym000620u18e551rp9,"Verbal Ability","Reading Comprehension - Core Reading Skills",AUDITED,VERIFIED,"","",2026-08-19T09:28:02.915Z
cmstkgbym000520u1sqk5lrhu,"Verbal Ability","Reading Comprehension - Core Reading Skills",AUDITED,VERIFIED,"","",2026-08-19T09:28:02.918Z
cmstkgbym000320u1g5hq0ta8,"Verbal Ability","Reading Comprehension - Core Reading Skills",AUDITED,VERIFIED,"","",2026-08-19T09:28:02.922Z
cmstkgbym000220u123l57kj1,"Verbal Ability","Reading Comprehension - Core Reading Skills",AUDITED,VERIFIED,"","",2026-08-19T09:28:02.925Z
cmstkgbym000120u107g9xdos,"Verbal Ability","Reading Comprehension - Core Reading Skills",AUDITED,VERIFIED,"","",2026-08-19T09:28:02.928Z
cmstkgbyp002l20u1lh7qkm7d,"Numerical Reasoning","Basic Operations - Arithmetic   Number Properties",AUDITED,VERIFIED,"","",2026-08-19T09:28:02.932Z
cmstkgbyp002p20u1cuqbmhyv,"Numerical Reasoning","Basic Operations - Arithmetic   Number Properties",AUDITED,VERIFIED,"","",2026-08-19T09:28:02.935Z
cmstkgcbr004m20u1si7h4x8g,"Numerical Reasoning","Basic Operations - Arithmetic   Number Properties",AUDITED,VERIFIED,"","",2026-08-19T09:28:03.035Z
cmstkgcbp002t20u1xicfuelk,"Numerical Reasoning","Basic Operations - Arithmetic   Number Properties",AUDITED,VERIFIED,"","",2026-08-19T09:28:03.038Z
cmstkgcbp002u20u1au6e5xmc,"Numerical Reasoning","Basic Operations - Arithmetic   Number Properties",AUDITED,VERIFIED,"","",2026-08-19T09:28:03.041Z
cmstkgcbp002z20u1ne5e98g9,"Numerical Reasoning","Basic Operations - Arithmetic   Number Properties",AUDITED,VERIFIED,"","",2026-08-19T09:28:03.042Z
cmstkgcbp002x20u1nlkqdq0w,"Numerical Reasoning","Basic Operations - Arithmetic   Number Properties",AUDITED,VERIFIED,"","",2026-08-19T09:28:03.045Z
cmstkgcbp003320u1xnx07hri,"Numerical Reasoning","Basic Operations - Arithmetic   Number Properties",AUDITED,VERIFIED,"","",2026-08-19T09:28:03.047Z
cmstkgcbp003120u1prvb44qb,"Numerical Reasoning","Basic Operations - Arithmetic   Number Properties",AUDITED,VERIFIED,"","",2026-08-19T09:28:03.050Z
cmstkgcbp003520u1ysevx0pw,"Numerical Reasoning","Basic Operations - Arithmetic   Number Properties",AUDITED,VERIFIED,"","",2026-08-19T09:28:03.052Z
cmstkgcbp003620u1qoaovmnd,"Numerical Reasoning","Basic Operations - Arithmetic   Number Properties",AUDITED,VERIFIED,"","",2026-08-19T09:28:03.055Z
cmstkgcbp003920u1186dla19,"Numerical Reasoning","Basic Operations - Arithmetic   Number Properties",AUDITED,VERIFIED,"","",2026-08-19T09:28:03.057Z
cmstkgcbp003a20u1ahxkn59p,"Numerical Reasoning","Basic Operations - Arithmetic   Number Properties",AUDITED,VERIFIED,"","",2026-08-19T09:28:03.060Z
cmstkgcbq003d20u1ffpj6slx,"Numerical Reasoning","Basic Operations - Arithmetic   Number Properties",AUDITED,VERIFIED,"","",2026-08-19T09:28:03.062Z
cmstkgcbq003f20u1lpizrn8r,"Numerical Reasoning","Basic Operations - Arithmetic   Number Properties",AUDITED,MANUAL_REVIEW,"DUPLICATE_CHOICES","",2026-08-19T09:28:03.065Z
cmstkgcbq003h20u1p4djdy1d,"Numerical Reasoning","Basic Operations - Arithmetic   Number Properties",AUDITED,VERIFIED,"","",2026-08-19T09:28:03.067Z
cmstkgcbq003i20u10hzob83f,"Numerical Reasoning","Basic Operations - Arithmetic   Number Properties",AUDITED,MANUAL_REVIEW,"DUPLICATE_CHOICES","",2026-08-19T09:28:03.069Z
cmstkgcbq003j20u1c4kvsn28,"Numerical Reasoning","Basic Operations - Arithmetic   Number Properties",AUDITED,VERIFIED,"","",2026-08-19T09:28:03.071Z
cmstkgcbq003l20u1wb4f742q,"Numerical Reasoning","Basic Operations - Arithmetic   Number Properties",AUDITED,MANUAL_REVIEW,"DUPLICATE_CHOICES","",2026-08-19T09:28:03.073Z
cmstkgcbq003n20u1c0mhje3w,"Numerical Reasoning","Basic Operations - Arithmetic   Number Properties",AUDITED,MANUAL_REVIEW,"DUPLICATE_CHOICES","",2026-08-19T09:28:03.076Z
cmstkgcbq003m20u1x1sncc2g,"Numerical Reasoning","Basic Operations - Arithmetic   Number Properties",AUDITED,VERIFIED,"","",2026-08-19T09:28:03.079Z
cmstkgcbq003s20u1fzporict,"Numerical Reasoning","Basic Operations - Arithmetic   Number Properties",AUDITED,MANUAL_REVIEW,"DUPLICATE_CHOICES","",2026-08-19T09:28:03.083Z
cmstkgcbq003q20u1b8cc7qmj,"Numerical Reasoning","Basic Operations - Arithmetic   Number Properties",AUDITED,MANUAL_REVIEW,"DUPLICATE_CHOICES","",2026-08-19T09:28:03.085Z
cmstkgcbq003u20u12uif0i4x,"Numerical Reasoning","Basic Operations - Arithmetic   Number Properties",AUDITED,MANUAL_REVIEW,"DUPLICATE_CHOICES","",2026-08-19T09:28:03.088Z
cmstkgcbq003v20u152cf5zc5,"Numerical Reasoning","Basic Operations - Arithmetic   Number Properties",AUDITED,VERIFIED,"","",2026-08-19T09:28:03.091Z
cmstkgcbq004020u1i3jz1sl9,"Numerical Reasoning","Basic Operations - Arithmetic   Number Properties",AUDITED,VERIFIED,"","",2026-08-19T09:28:03.094Z
cmstkgcbq003y20u12tywhj4t,"Numerical Reasoning","Basic Operations - Arithmetic   Number Properties",AUDITED,VERIFIED,"","",2026-08-19T09:28:03.097Z
cmstkgcbr004220u1g0l72974,"Numerical Reasoning","Basic Operations - Arithmetic   Number Properties",AUDITED,VERIFIED,"","",2026-08-19T09:28:03.100Z
cmstkgcbr004420u1suy2f5lg,"Numerical Reasoning","Basic Operations - Arithmetic   Number Properties",AUDITED,VERIFIED,"","",2026-08-19T09:28:03.102Z
cmstkgcbr004720u1duytt0k3,"Numerical Reasoning","Basic Operations - Arithmetic   Number Properties",AUDITED,VERIFIED,"","",2026-08-19T09:28:03.105Z
cmstkgcbr004620u1sek0oltv,"Numerical Reasoning","Basic Operations - Arithmetic   Number Properties",AUDITED,VERIFIED,"","",2026-08-19T09:28:03.107Z
cmstkgcbr004b20u11jlwrga2,"Numerical Reasoning","Basic Operations - Arithmetic   Number Properties",AUDITED,VERIFIED,"","",2026-08-19T09:28:03.110Z
cmstkgcbr004a20u1vllim5rw,"Numerical Reasoning","Basic Operations - Arithmetic   Number Properties",AUDITED,VERIFIED,"","",2026-08-19T09:28:03.112Z
cmstkgcbr004e20u1df5fe9as,"Numerical Reasoning","Basic Operations - Arithmetic   Number Properties",AUDITED,MANUAL_REVIEW,"DUPLICATE_CHOICES","",2026-08-19T09:28:03.116Z
cmstkgcbr004g20u1kovsbeux,"Numerical Reasoning","Basic Operations - Arithmetic   Number Properties",AUDITED,VERIFIED,"","",2026-08-19T09:28:03.119Z
cmstkgcbr004i20u1jzg0znxf,"Numerical Reasoning","Basic Operations - Arithmetic   Number Properties",AUDITED,VERIFIED,"","",2026-08-19T09:28:03.121Z
cmstkgcbr004k20u1ii10q28f,"Numerical Reasoning","Basic Operations - Arithmetic   Number Properties",AUDITED,VERIFIED,"","",2026-08-19T09:28:03.124Z
cmstkgcbr004o20u1qusdn96l,"Numerical Reasoning","Basic Operations - Arithmetic   Number Properties",AUDITED,VERIFIED,"","",2026-08-19T09:28:03.127Z
cmstkgcbs004s20u1vl5qrsbe,"Numerical Reasoning","Number Sequence - Arithmetic   Geometric Sequences",AUDITED,VERIFIED,"","",2026-08-19T09:28:03.130Z
cmstkgcbr004q20u1p4a0o715,"Numerical Reasoning","Number Sequence - Arithmetic   Geometric Sequences",AUDITED,VERIFIED,"","",2026-08-19T09:28:03.134Z
cmstkgcbs004u20u1cy9bimb3,"Numerical Reasoning","Number Sequence - Arithmetic   Geometric Sequences",AUDITED,VERIFIED,"","",2026-08-19T09:28:03.137Z
cmstkgcbs004w20u1fypqtgbx,"Numerical Reasoning","Number Sequence - Arithmetic   Geometric Sequences",AUDITED,VERIFIED,"","",2026-08-19T09:28:03.139Z
cmstkgcbs005020u1br0s4ixp,"Numerical Reasoning","Number Sequence - Pattern Recognition",AUDITED,VERIFIED,"","",2026-08-19T09:28:03.142Z
cmstkgcbs004y20u1v2aqy05p,"Numerical Reasoning","Number Sequence - Arithmetic   Geometric Sequences",AUDITED,VERIFIED,"","",2026-08-19T09:28:03.144Z
cmstkgcbs005620u1fueixsdc,"Numerical Reasoning","Number Sequence - Pattern Recognition",AUDITED,VERIFIED,"","",2026-08-19T09:28:03.147Z
cmstkgcbs005720u140t4h7k3,"Numerical Reasoning","Number Sequence - Pattern Recognition",AUDITED,VERIFIED,"","",2026-08-19T09:28:03.150Z
cmstkgcbs005c20u1mu0sz7mh,"Numerical Reasoning","Number Sequence - Pattern Recognition",AUDITED,VERIFIED,"","",2026-08-19T09:28:03.153Z
cmstkgcbs005e20u138b0yjvr,"Numerical Reasoning","Number Sequence - Pattern Recognition",AUDITED,VERIFIED,"","",2026-08-19T09:28:03.156Z
cmstkgcbt005g20u19a6luoea,"Numerical Reasoning","Number Sequence - Pattern Recognition",AUDITED,VERIFIED,"","",2026-08-19T09:28:03.158Z
cmstkgcbt005i20u18wafrtzm,"Numerical Reasoning","Number Sequence - Pattern Recognition",AUDITED,VERIFIED,"","",2026-08-19T09:28:03.161Z
cmstkgcbp002w20u1fs33nnsj,"Numerical Reasoning","Basic Operations - Arithmetic   Number Properties",AUDITED,VERIFIED,"","",2026-08-19T09:28:03.164Z
cmstkgcbo002s20u1ss8cb1ih,"Numerical Reasoning","Basic Operations - Arithmetic   Number Properties",AUDITED,VERIFIED,"","",2026-08-19T09:28:03.167Z
cmstkgcbp003020u1h7qnnohx,"Numerical Reasoning","Basic Operations - Arithmetic   Number Properties",AUDITED,VERIFIED,"","",2026-08-19T09:28:03.170Z
cmstkgcbr004p20u1ipc757rl,"Numerical Reasoning","Basic Operations - Arithmetic   Number Properties",AUDITED,VERIFIED,"","",2026-08-19T09:28:03.174Z
cmstkgcbr004f20u1p3y0a5ia,"Numerical Reasoning","Basic Operations - Arithmetic   Number Properties",AUDITED,VERIFIED,"","",2026-08-19T09:28:03.176Z
cmstkgcbr004520u16k2uddha,"Numerical Reasoning","Basic Operations - Arithmetic   Number Properties",AUDITED,MANUAL_REVIEW,"DUPLICATE_CHOICES","",2026-08-19T09:28:03.179Z
cmstkgcbq003r20u1uyt3fj0t,"Numerical Reasoning","Basic Operations - Arithmetic   Number Properties",AUDITED,VERIFIED,"","",2026-08-19T09:28:03.184Z
cmstkgcbq003o20u1fss1py4u,"Numerical Reasoning","Basic Operations - Arithmetic   Number Properties",AUDITED,MANUAL_REVIEW,"DUPLICATE_CHOICES","",2026-08-19T09:28:03.186Z
cmstkgcbq003e20u1z9mf4m4d,"Numerical Reasoning","Basic Operations - Arithmetic   Number Properties",AUDITED,VERIFIED,"","",2026-08-19T09:28:03.188Z
cmstkgcbq003c20u1gjqb87rg,"Numerical Reasoning","Basic Operations - Arithmetic   Number Properties",AUDITED,MANUAL_REVIEW,"DUPLICATE_CHOICES","",2026-08-19T09:28:03.191Z
cmstkgcbp003220u1exp2s3y0,"Numerical Reasoning","Basic Operations - Arithmetic   Number Properties",AUDITED,VERIFIED,"","",2026-08-19T09:28:03.194Z
cmstkgcbp003420u1ichr3ydp,"Numerical Reasoning","Basic Operations - Arithmetic   Number Properties",AUDITED,VERIFIED,"","",2026-08-19T09:28:03.198Z
cmstkgcbs004t20u19mfyunde,"Numerical Reasoning","Number Sequence - Arithmetic   Geometric Sequences",AUDITED,VERIFIED,"","",2026-08-19T09:28:03.203Z
cmstkgcbr004920u1cea07qe4,"Numerical Reasoning","Basic Operations - Arithmetic   Number Properties",AUDITED,VERIFIED,"","",2026-08-19T09:28:03.206Z
cmstkgcbr004h20u1lwm00piu,"Numerical Reasoning","Basic Operations - Arithmetic   Number Properties",AUDITED,VERIFIED,"","",2026-08-19T09:28:03.209Z
cmstkgcbs004v20u1s0evmcit,"Numerical Reasoning","Number Sequence - Arithmetic   Geometric Sequences",AUDITED,VERIFIED,"","",2026-08-19T09:28:03.212Z
cmstkgcbs005520u1wzw7bpo5,"Numerical Reasoning","Number Sequence - Pattern Recognition",AUDITED,VERIFIED,"","",2026-08-19T09:28:03.216Z
cmstkgcbs005120u15gmjdwgu,"Numerical Reasoning","Number Sequence - Pattern Recognition",AUDITED,VERIFIED,"","",2026-08-19T09:28:03.219Z
cmstkgcbp002y20u1dc5uuo94,"Numerical Reasoning","Basic Operations - Arithmetic   Number Properties",AUDITED,VERIFIED,"","",2026-08-19T09:28:03.222Z
cmstkgcbp003820u13oji9ick,"Numerical Reasoning","Basic Operations - Arithmetic   Number Properties",AUDITED,VERIFIED,"","",2026-08-19T09:28:03.225Z
cmstkgcbq003g20u11b69u8te,"Numerical Reasoning","Basic Operations - Arithmetic   Number Properties",AUDITED,VERIFIED,"","",2026-08-19T09:28:03.227Z
cmstkgcbq003k20u1176hxh1b,"Numerical Reasoning","Basic Operations - Arithmetic   Number Properties",AUDITED,VERIFIED,"","",2026-08-19T09:28:03.230Z
cmstkgcbq003p20u10gcvat8m,"Numerical Reasoning","Basic Operations - Arithmetic   Number Properties",AUDITED,VERIFIED,"","",2026-08-19T09:28:03.235Z
cmstkgcbq003x20u1o6wgxyak,"Numerical Reasoning","Basic Operations - Arithmetic   Number Properties",AUDITED,VERIFIED,"","",2026-08-19T09:28:03.238Z
cmstkgcbq003t20u1j4fdndb9,"Numerical Reasoning","Basic Operations - Arithmetic   Number Properties",AUDITED,MANUAL_REVIEW,"DUPLICATE_CHOICES","",2026-08-19T09:28:03.240Z
cmstkgcbr004820u1f71i4m3s,"Numerical Reasoning","Basic Operations - Arithmetic   Number Properties",AUDITED,MANUAL_REVIEW,"DUPLICATE_CHOICES","",2026-08-19T09:28:03.243Z
cmstkgcbp002v20u1i3h5gbyq,"Numerical Reasoning","Basic Operations - Arithmetic   Number Properties",AUDITED,VERIFIED,"","",2026-08-19T09:28:03.245Z
cmstkgcbq004120u1atwdotke,"Numerical Reasoning","Basic Operations - Arithmetic   Number Properties",AUDITED,VERIFIED,"","",2026-08-19T09:28:03.248Z
cmstkgcbr004j20u1i7v4s7ys,"Numerical Reasoning","Basic Operations - Arithmetic   Number Properties",AUDITED,VERIFIED,"","",2026-08-19T09:28:03.252Z
cmstkgcbt005f20u132qgauw7,"Numerical Reasoning","Number Sequence - Pattern Recognition",AUDITED,VERIFIED,"","",2026-08-19T09:28:03.254Z
cmstkgcbr004d20u1bjwrobfg,"Numerical Reasoning","Basic Operations - Arithmetic   Number Properties",AUDITED,VERIFIED,"","",2026-08-19T09:28:03.257Z
cmstkgcbr004c20u1ifjgx4ay,"Numerical Reasoning","Basic Operations - Arithmetic   Number Properties",AUDITED,VERIFIED,"","",2026-08-19T09:28:03.260Z
cmstkgcbr004l20u1ze263ryt,"Numerical Reasoning","Basic Operations - Arithmetic   Number Properties",AUDITED,VERIFIED,"","",2026-08-19T09:28:03.264Z
cmstkgcbr004n20u1a7k6av0v,"Numerical Reasoning","Basic Operations - Arithmetic   Number Properties",AUDITED,VERIFIED,"","",2026-08-19T09:28:03.268Z
cmstkgcbs004r20u10y5sk90o,"Numerical Reasoning","Number Sequence - Arithmetic   Geometric Sequences",AUDITED,VERIFIED,"","",2026-08-19T09:28:03.271Z
cmstkgcbs004x20u1ne9z0r6f,"Numerical Reasoning","Number Sequence - Arithmetic   Geometric Sequences",AUDITED,MANUAL_REVIEW,"DUPLICATE_CHOICES","",2026-08-19T09:28:03.274Z
cmstkgcbs004z20u1jia6j9th,"Numerical Reasoning","Number Sequence - Arithmetic   Geometric Sequences",AUDITED,VERIFIED,"","",2026-08-19T09:28:03.277Z
cmstkgcbs005820u1p6rf3nc5,"Numerical Reasoning","Number Sequence - Pattern Recognition",AUDITED,VERIFIED,"","",2026-08-19T09:28:03.279Z
cmstkgcbs005420u1jt4zvkya,"Numerical Reasoning","Number Sequence - Pattern Recognition",AUDITED,VERIFIED,"","",2026-08-19T09:28:03.283Z
cmstkgcbs005b20u12lrkqdst,"Numerical Reasoning","Number Sequence - Pattern Recognition",AUDITED,VERIFIED,"","",2026-08-19T09:28:03.286Z
cmstkgcbt005h20u1d8rc2jib,"Numerical Reasoning","Number Sequence - Pattern Recognition",AUDITED,VERIFIED,"","",2026-08-19T09:28:03.289Z
cmstkgcbs005d20u1op9dxmh0,"Numerical Reasoning","Number Sequence - Pattern Recognition",AUDITED,VERIFIED,"","",2026-08-19T09:28:03.292Z
cmstkgcbs005920u1jz7gd9vo,"Numerical Reasoning","Number Sequence - Pattern Recognition",AUDITED,VERIFIED,"","",2026-08-19T09:28:03.295Z
cmstkgcbs005220u1i29kjnqa,"Numerical Reasoning","Number Sequence - Pattern Recognition",AUDITED,VERIFIED,"","",2026-08-19T09:28:03.299Z
cmstkgcbr004320u106dqxvnt,"Numerical Reasoning","Basic Operations - Arithmetic   Number Properties",AUDITED,MANUAL_REVIEW,"DUPLICATE_CHOICES","",2026-08-19T09:28:03.302Z
cmstkgcbq003z20u11gr0ubns,"Numerical Reasoning","Basic Operations - Arithmetic   Number Properties",AUDITED,VERIFIED,"","",2026-08-19T09:28:03.305Z
cmstkgcbs005320u1f0eq67w0,"Numerical Reasoning","Number Sequence - Pattern Recognition",AUDITED,VERIFIED,"","",2026-08-19T09:28:03.308Z
cmstkgcbs005a20u1t0suzsod,"Numerical Reasoning","Number Sequence - Pattern Recognition",AUDITED,VERIFIED,"","",2026-08-19T09:28:03.310Z
cmstkgcbt005j20u1sbjnpcxh,"Numerical Reasoning","Number Sequence - Pattern Recognition",AUDITED,VERIFIED,"","",2026-08-19T09:28:03.314Z
cmstkgcbq003w20u1dzht2zv2,"Numerical Reasoning","Basic Operations - Arithmetic   Number Properties",AUDITED,VERIFIED,"","",2026-08-19T09:28:03.318Z
cmstkgcbp003b20u1ke7gnjqn,"Numerical Reasoning","Basic Operations - Arithmetic   Number Properties",AUDITED,VERIFIED,"","",2026-08-19T09:28:03.320Z
cmstkgcbp003720u19i4q6sdm,"Numerical Reasoning","Basic Operations - Arithmetic   Number Properties",AUDITED,MANUAL_REVIEW,"DUPLICATE_CHOICES","",2026-08-19T09:28:03.324Z
cmstkgcjj006q20u1z85oezpv,"Numerical Reasoning","Number Sequence - Pattern Recognition",AUDITED,VERIFIED,"","",2026-08-19T09:28:03.419Z
cmstkgcjj006620u1twddgkop,"Numerical Reasoning","Number Sequence - Pattern Recognition",AUDITED,VERIFIED,"","",2026-08-19T09:28:03.422Z
cmstkgcjk007l20u160f9k2gd,"Numerical Reasoning","Number Sequence - Higher",AUDITED,VERIFIED,"","",2026-08-19T09:28:03.426Z
cmstkgcjk007e20u148529bur,"Numerical Reasoning","Number Sequence - Special Sequences",AUDITED,VERIFIED,"","",2026-08-19T09:28:03.429Z
cmstkgcjj006k20u1xp7c0wpd,"Numerical Reasoning","Number Sequence - Pattern Recognition",AUDITED,VERIFIED,"","",2026-08-19T09:28:03.433Z
cmstkgcjj005x20u1n6t3u911,"Numerical Reasoning","Number Sequence - Pattern Recognition",AUDITED,VERIFIED,"","",2026-08-19T09:28:03.436Z
cmstkgcjl008a20u19y8lvl7f,"Numerical Reasoning","Number Sequence - Higher",AUDITED,VERIFIED,"","",2026-08-19T09:28:03.438Z
cmstkgcjl008520u1mhnhwx3r,"Numerical Reasoning","Number Sequence - Higher",AUDITED,VERIFIED,"","",2026-08-19T09:28:03.442Z
cmstkgcjl007z20u1kmg7ce1m,"Numerical Reasoning","Number Sequence - Higher",AUDITED,VERIFIED,"","",2026-08-19T09:28:03.445Z
cmstkgcjk007p20u1bssow647,"Numerical Reasoning","Number Sequence - Higher",AUDITED,VERIFIED,"","",2026-08-19T09:28:03.449Z
cmstkgcjk006y20u1v9dgctki,"Numerical Reasoning","Number Sequence - Special Sequences",AUDITED,VERIFIED,"","",2026-08-19T09:28:03.452Z
cmstkgcjk006u20u1wlh2rtte,"Numerical Reasoning","Number Sequence - Pattern Recognition",AUDITED,VERIFIED,"","",2026-08-19T09:28:03.455Z
cmstkgcjj006g20u1402323uy,"Numerical Reasoning","Number Sequence - Pattern Recognition",AUDITED,VERIFIED,"","",2026-08-19T09:28:03.458Z
cmstkgcjj006m20u1ugyvc1zq,"Numerical Reasoning","Number Sequence - Pattern Recognition",AUDITED,VERIFIED,"","",2026-08-19T09:28:03.461Z
cmstkgcjk007h20u11hjr8tyc,"Numerical Reasoning","Number Sequence - Special Sequences",AUDITED,VERIFIED,"","",2026-08-19T09:28:03.465Z
cmstkgcjk007320u15ttc3db3,"Numerical Reasoning","Number Sequence - Special Sequences",AUDITED,VERIFIED,"","",2026-08-19T09:28:03.468Z
cmstkgcjk007f20u1jln1f23t,"Numerical Reasoning","Number Sequence - Special Sequences",AUDITED,VERIFIED,"","",2026-08-19T09:28:03.472Z
cmstkgcjk007b20u110l8u5go,"Numerical Reasoning","Number Sequence - Special Sequences",AUDITED,VERIFIED,"","",2026-08-19T09:28:03.474Z
cmstkgcjk006s20u1jezwvcdb,"Numerical Reasoning","Number Sequence - Pattern Recognition",AUDITED,VERIFIED,"","",2026-08-19T09:28:03.477Z
cmstkgcji005k20u1352dbksv,"Numerical Reasoning","Number Sequence - Pattern Recognition",AUDITED,VERIFIED,"","",2026-08-19T09:28:03.480Z
cmstkgcjk007620u14bvb5wn7,"Numerical Reasoning","Number Sequence - Special Sequences",AUDITED,VERIFIED,"","",2026-08-19T09:28:03.484Z
cmstkgcjj006r20u131t5rnvj,"Numerical Reasoning","Number Sequence - Pattern Recognition",AUDITED,VERIFIED,"","",2026-08-19T09:28:03.487Z
cmstkgcjk006v20u10mdg2u5x,"Numerical Reasoning","Number Sequence - Pattern Recognition",AUDITED,VERIFIED,"","",2026-08-19T09:28:03.491Z
cmstkgcjl008820u1ji7bm9yd,"Numerical Reasoning","Number Sequence - Higher",AUDITED,VERIFIED,"","",2026-08-19T09:28:03.494Z
cmstkgcjj005z20u1swscsa9a,"Numerical Reasoning","Number Sequence - Pattern Recognition",AUDITED,VERIFIED,"","",2026-08-19T09:28:03.498Z
cmstkgcjj005o20u1bw5r4n66,"Numerical Reasoning","Number Sequence - Pattern Recognition",AUDITED,VERIFIED,"","",2026-08-19T09:28:03.501Z
cmstkgcjj006a20u12dqpfelr,"Numerical Reasoning","Number Sequence - Pattern Recognition",AUDITED,VERIFIED,"","",2026-08-19T09:28:03.504Z
cmstkgcjk007720u103lxn0pc,"Numerical Reasoning","Number Sequence - Special Sequences",AUDITED,VERIFIED,"","",2026-08-19T09:28:03.507Z
cmstkgcjl008b20u14vito6va,"Numerical Reasoning","Number Sequence - Higher",AUDITED,VERIFIED,"","",2026-08-19T09:28:03.510Z
cmstkgcjl008720u1hz7qpjxq,"Numerical Reasoning","Number Sequence - Higher",AUDITED,VERIFIED,"","",2026-08-19T09:28:03.514Z
cmstkgcjl008320u1nnqkq650,"Numerical Reasoning","Number Sequence - Higher",AUDITED,VERIFIED,"","",2026-08-19T09:28:03.518Z
cmstkgcjk007t20u1kbgedbo8,"Numerical Reasoning","Number Sequence - Higher",AUDITED,VERIFIED,"","",2026-08-19T09:28:03.520Z
cmstkgcjk007v20u1haxnazxl,"Numerical Reasoning","Number Sequence - Higher",AUDITED,VERIFIED,"","",2026-08-19T09:28:03.522Z
cmstkgcjk007r20u1uyk8uh2z,"Numerical Reasoning","Number Sequence - Higher",AUDITED,VERIFIED,"","",2026-08-19T09:28:03.525Z
cmstkgcjk007n20u1jon828ch,"Numerical Reasoning","Number Sequence - Higher",AUDITED,VERIFIED,"","",2026-08-19T09:28:03.528Z
cmstkgcjk007520u13qy4t5zd,"Numerical Reasoning","Number Sequence - Special Sequences",AUDITED,VERIFIED,"","",2026-08-19T09:28:03.532Z
cmstkgcjk007020u1kincm712,"Numerical Reasoning","Number Sequence - Special Sequences",AUDITED,VERIFIED,"","",2026-08-19T09:28:03.535Z
cmstkgcjk006w20u1i5ewtr9v,"Numerical Reasoning","Number Sequence - Pattern Recognition",AUDITED,VERIFIED,"","",2026-08-19T09:28:03.538Z
cmstkgcjj006o20u1qckhdjjk,"Numerical Reasoning","Number Sequence - Pattern Recognition",AUDITED,VERIFIED,"","",2026-08-19T09:28:03.541Z
cmstkgcjj006i20u1iwfongrr,"Numerical Reasoning","Number Sequence - Pattern Recognition",AUDITED,VERIFIED,"","",2026-08-19T09:28:03.544Z
cmstkgcjj006e20u1zqy0qcej,"Numerical Reasoning","Number Sequence - Pattern Recognition",AUDITED,VERIFIED,"","",2026-08-19T09:28:03.546Z
cmstkgcjj006420u10czk9ibk,"Numerical Reasoning","Number Sequence - Pattern Recognition",AUDITED,VERIFIED,"","",2026-08-19T09:28:03.550Z
cmstkgcjj006220u1vpw4dodg,"Numerical Reasoning","Number Sequence - Pattern Recognition",AUDITED,VERIFIED,"","",2026-08-19T09:28:03.553Z
cmstkgcjj005u20u1l4n83xol,"Numerical Reasoning","Number Sequence - Pattern Recognition",AUDITED,VERIFIED,"","",2026-08-19T09:28:03.556Z
cmstkgcjj005q20u1cok5y0f5,"Numerical Reasoning","Number Sequence - Pattern Recognition",AUDITED,MANUAL_REVIEW,"DUPLICATE_CHOICES","",2026-08-19T09:28:03.559Z
cmstkgcjk007j20u14zrfv49f,"Numerical Reasoning","Number Sequence - Higher",AUDITED,VERIFIED,"","",2026-08-19T09:28:03.562Z
cmstkgcjj005l20u17yfk6fmq,"Numerical Reasoning","Number Sequence - Pattern Recognition",AUDITED,VERIFIED,"","",2026-08-19T09:28:03.566Z
cmstkgcjj005y20u1imrltsx3,"Numerical Reasoning","Number Sequence - Pattern Recognition",AUDITED,VERIFIED,"","",2026-08-19T09:28:03.569Z
cmstkgcjj005m20u189hod2rt,"Numerical Reasoning","Number Sequence - Pattern Recognition",AUDITED,MANUAL_REVIEW,"DUPLICATE_CHOICES","",2026-08-19T09:28:03.572Z
cmstkgcjj005n20u1pnbrnfs6,"Numerical Reasoning","Number Sequence - Pattern Recognition",AUDITED,VERIFIED,"","",2026-08-19T09:28:03.575Z
cmstkgcjj005s20u1g7cjk62l,"Numerical Reasoning","Number Sequence - Pattern Recognition",AUDITED,VERIFIED,"","",2026-08-19T09:28:03.579Z
cmstkgcjj005r20u1n0xkag2f,"Numerical Reasoning","Number Sequence - Pattern Recognition",AUDITED,VERIFIED,"","",2026-08-19T09:28:03.582Z
cmstkgcjj005t20u1doh29l1l,"Numerical Reasoning","Number Sequence - Pattern Recognition",AUDITED,MANUAL_REVIEW,"DUPLICATE_CHOICES","",2026-08-19T09:28:03.585Z
cmstkgcjj005v20u1g24gl6q0,"Numerical Reasoning","Number Sequence - Pattern Recognition",AUDITED,VERIFIED,"","",2026-08-19T09:28:03.588Z
cmstkgcjj005w20u1jcazh7tz,"Numerical Reasoning","Number Sequence - Pattern Recognition",AUDITED,VERIFIED,"","",2026-08-19T09:28:03.590Z
cmstkgcjj006020u1ybx59uqt,"Numerical Reasoning","Number Sequence - Pattern Recognition",AUDITED,VERIFIED,"","",2026-08-19T09:28:03.593Z
cmstkgcjj006120u1udkjn6sh,"Numerical Reasoning","Number Sequence - Pattern Recognition",AUDITED,MANUAL_REVIEW,"DUPLICATE_CHOICES","",2026-08-19T09:28:03.596Z
cmstkgcjj006520u1r4hyhmg1,"Numerical Reasoning","Number Sequence - Pattern Recognition",AUDITED,VERIFIED,"","",2026-08-19T09:28:03.601Z
cmstkgcjj006320u1xby4gn3k,"Numerical Reasoning","Number Sequence - Pattern Recognition",AUDITED,MANUAL_REVIEW,"DUPLICATE_CHOICES","",2026-08-19T09:28:03.605Z
cmstkgcjj006820u10jop34rx,"Numerical Reasoning","Number Sequence - Pattern Recognition",AUDITED,VERIFIED,"","",2026-08-19T09:28:03.608Z
cmstkgcjj006920u1j30n3h1o,"Numerical Reasoning","Number Sequence - Pattern Recognition",AUDITED,VERIFIED,"","",2026-08-19T09:28:03.611Z
cmstkgcjj006720u11xmqyqm7,"Numerical Reasoning","Number Sequence - Pattern Recognition",AUDITED,MANUAL_REVIEW,"DUPLICATE_CHOICES","",2026-08-19T09:28:03.615Z
cmstkgcjj006b20u1di7hz5nr,"Numerical Reasoning","Number Sequence - Pattern Recognition",AUDITED,VERIFIED,"","",2026-08-19T09:28:03.619Z
cmstkgcjj006c20u1169iwynq,"Numerical Reasoning","Number Sequence - Pattern Recognition",AUDITED,VERIFIED,"","",2026-08-19T09:28:03.622Z
cmstkgcjj006d20u15k7op9wp,"Numerical Reasoning","Number Sequence - Pattern Recognition",AUDITED,VERIFIED,"","",2026-08-19T09:28:03.626Z
cmstkgcjj006f20u1qva74lt3,"Numerical Reasoning","Number Sequence - Pattern Recognition",AUDITED,VERIFIED,"","",2026-08-19T09:28:03.629Z
cmstkgcjj006h20u138djym9y,"Numerical Reasoning","Number Sequence - Pattern Recognition",AUDITED,VERIFIED,"","",2026-08-19T09:28:03.632Z
cmstkgcjj006j20u1p2y6ztk4,"Numerical Reasoning","Number Sequence - Pattern Recognition",AUDITED,VERIFIED,"","",2026-08-19T09:28:03.636Z
cmstkgcjj006l20u10eaohmka,"Numerical Reasoning","Number Sequence - Pattern Recognition",AUDITED,VERIFIED,"","",2026-08-19T09:28:03.639Z
cmstkgcjj006n20u1md99vy5t,"Numerical Reasoning","Number Sequence - Pattern Recognition",AUDITED,VERIFIED,"","",2026-08-19T09:28:03.642Z
cmstkgcjj006p20u1okoztkt5,"Numerical Reasoning","Number Sequence - Pattern Recognition",AUDITED,VERIFIED,"","",2026-08-19T09:28:03.645Z
cmstkgcjk006t20u1wch70pqa,"Numerical Reasoning","Number Sequence - Pattern Recognition",AUDITED,VERIFIED,"","",2026-08-19T09:28:03.649Z
cmstkgcjk006x20u1ryp83qb8,"Numerical Reasoning","Number Sequence - Pattern Recognition",AUDITED,VERIFIED,"","",2026-08-19T09:28:03.653Z
cmstkgcjk006z20u13tjdy2ts,"Numerical Reasoning","Number Sequence - Special Sequences",AUDITED,VERIFIED,"","",2026-08-19T09:28:03.656Z
cmstkgcjk007120u120pdkzrj,"Numerical Reasoning","Number Sequence - Special Sequences",AUDITED,VERIFIED,"","",2026-08-19T09:28:03.660Z
cmstkgcjk007420u18ywqrmmp,"Numerical Reasoning","Number Sequence - Special Sequences",AUDITED,VERIFIED,"","",2026-08-19T09:28:03.663Z
cmstkgcjk007920u1cubpl7iv,"Numerical Reasoning","Number Sequence - Special Sequences",AUDITED,VERIFIED,"","",2026-08-19T09:28:03.667Z
cmstkgcjk007a20u18da3wjqj,"Numerical Reasoning","Number Sequence - Special Sequences",AUDITED,VERIFIED,"","",2026-08-19T09:28:03.671Z
cmstkgcjk007820u12i1rxmhw,"Numerical Reasoning","Number Sequence - Special Sequences",AUDITED,VERIFIED,"","",2026-08-19T09:28:03.674Z
cmstkgcjk007d20u1zeqn1afn,"Numerical Reasoning","Number Sequence - Special Sequences",AUDITED,VERIFIED,"","",2026-08-19T09:28:03.678Z
cmstkgcjk007c20u1tvp9ilji,"Numerical Reasoning","Number Sequence - Special Sequences",AUDITED,VERIFIED,"","",2026-08-19T09:28:03.682Z
cmstkgcjk007i20u18n58xzyb,"Numerical Reasoning","Number Sequence - Higher",AUDITED,VERIFIED,"","",2026-08-19T09:28:03.686Z
cmstkgcjk007g20u1d3zisxfi,"Numerical Reasoning","Number Sequence - Special Sequences",AUDITED,MANUAL_REVIEW,"DUPLICATE_CHOICES","",2026-08-19T09:28:03.690Z
cmstkgcjk007220u1kaccgp2e,"Numerical Reasoning","Number Sequence - Special Sequences",AUDITED,VERIFIED,"","",2026-08-19T09:28:03.694Z
cmstkgcjj005p20u10089v97l,"Numerical Reasoning","Number Sequence - Pattern Recognition",AUDITED,MANUAL_REVIEW,"DUPLICATE_CHOICES","",2026-08-19T09:28:03.701Z
cmstkgcjk007k20u19z7kybqf,"Numerical Reasoning","Number Sequence - Higher",AUDITED,VERIFIED,"","",2026-08-19T09:28:03.707Z
cmstkgcjk007m20u11y6lgpqb,"Numerical Reasoning","Number Sequence - Higher",AUDITED,VERIFIED,"","",2026-08-19T09:28:03.711Z
cmstkgcjk007o20u1iipfighr,"Numerical Reasoning","Number Sequence - Higher",AUDITED,VERIFIED,"","",2026-08-19T09:28:03.716Z
cmstkgcjk007q20u1j5043v5j,"Numerical Reasoning","Number Sequence - Higher",AUDITED,VERIFIED,"","",2026-08-19T09:28:03.720Z
cmstkgcjk007s20u1bmfslhbx,"Numerical Reasoning","Number Sequence - Higher",AUDITED,VERIFIED,"","",2026-08-19T09:28:03.724Z
cmstkgcjk007u20u1ouioyu3u,"Numerical Reasoning","Number Sequence - Higher",AUDITED,VERIFIED,"","",2026-08-19T09:28:03.726Z
cmstkgcjk007x20u147ys3l7q,"Numerical Reasoning","Number Sequence - Higher",AUDITED,VERIFIED,"","",2026-08-19T09:28:03.729Z
cmstkgcjk007y20u1klxz6cme,"Numerical Reasoning","Number Sequence - Higher",AUDITED,VERIFIED,"","",2026-08-19T09:28:03.733Z
cmstkgcjk007w20u1yrzaq5mj,"Numerical Reasoning","Number Sequence - Higher",AUDITED,VERIFIED,"","",2026-08-19T09:28:03.737Z
cmstkgcjl008120u112u4lnpv,"Numerical Reasoning","Number Sequence - Higher",AUDITED,VERIFIED,"","",2026-08-19T09:28:03.740Z
cmstkgcjl008220u17zx68wz1,"Numerical Reasoning","Number Sequence - Higher",AUDITED,VERIFIED,"","",2026-08-19T09:28:03.744Z
cmstkgcjl008020u1b1wnb2uh,"Numerical Reasoning","Number Sequence - Higher",AUDITED,VERIFIED,"","",2026-08-19T09:28:03.746Z
cmstkgcjl008420u1r707eins,"Numerical Reasoning","Number Sequence - Higher",AUDITED,MANUAL_REVIEW,"DUPLICATE_CHOICES","",2026-08-19T09:28:03.751Z
cmstkgcjl008620u1k24okfbv,"Numerical Reasoning","Number Sequence - Higher",AUDITED,VERIFIED,"","",2026-08-19T09:28:03.753Z
cmstkgcjl008920u1log9vnz8,"Numerical Reasoning","Number Sequence - Higher",AUDITED,VERIFIED,"","",2026-08-19T09:28:03.757Z
cmstkgcqu008q20u1fpbqz3u5,"Numerical Reasoning","Number Sequence - Higher",AUDITED,VERIFIED,"","",2026-08-19T09:28:03.852Z
cmstkgcqw00ap20u1r7qi6r9r,"Numerical Reasoning","Word Problems - Arithmetic Word Problems",AUDITED,VERIFIED,"","",2026-08-19T09:28:03.856Z
cmstkgcqu008e20u19td6vcdr,"Numerical Reasoning","Number Sequence - Higher",AUDITED,VERIFIED,"","",2026-08-19T09:28:03.859Z
cmstkgcqu008g20u14ayzjlp8,"Numerical Reasoning","Number Sequence - Higher",AUDITED,VERIFIED,"","",2026-08-19T09:28:03.863Z
cmstkgcqu008k20u1baoy1l6m,"Numerical Reasoning","Number Sequence - Higher",AUDITED,MANUAL_REVIEW,"DUPLICATE_CHOICES","",2026-08-19T09:28:03.867Z
cmstkgcqu008o20u1lvcbt8kx,"Numerical Reasoning","Number Sequence - Higher",AUDITED,VERIFIED,"","",2026-08-19T09:28:03.870Z
cmstkgcqw00ar20u1jxwwfsfk,"Numerical Reasoning","Word Problems - Arithmetic Word Problems",AUDITED,VERIFIED,"","",2026-08-19T09:28:03.874Z
cmstkgcqu008u20u10o0m6vxd,"Numerical Reasoning","Number Sequence - Higher",AUDITED,VERIFIED,"","",2026-08-19T09:28:03.877Z
cmstkgcqu008w20u1n5lkqmgp,"Numerical Reasoning","Word Problems - Arithmetic Word Problems",AUDITED,VERIFIED,"","",2026-08-19T09:28:03.881Z
cmstkgcqu008y20u116e62agt,"Numerical Reasoning","Word Problems - Arithmetic Word Problems",AUDITED,VERIFIED,"","",2026-08-19T09:28:03.886Z
cmstkgcqu009120u11ukvmut4,"Numerical Reasoning","Word Problems - Arithmetic Word Problems",AUDITED,VERIFIED,"","",2026-08-19T09:28:03.890Z
cmstkgcqu009020u1anx6f3bw,"Numerical Reasoning","Word Problems - Arithmetic Word Problems",AUDITED,VERIFIED,"","",2026-08-19T09:28:03.894Z
cmstkgcqu009220u1lmvadvi1,"Numerical Reasoning","Word Problems - Arithmetic Word Problems",AUDITED,VERIFIED,"","",2026-08-19T09:28:03.899Z
cmstkgcqu009620u1o7xoq5vq,"Numerical Reasoning","Word Problems - Arithmetic Word Problems",AUDITED,VERIFIED,"","",2026-08-19T09:28:03.904Z
cmstkgcqu009420u1671frpww,"Numerical Reasoning","Word Problems - Arithmetic Word Problems",AUDITED,VERIFIED,"","",2026-08-19T09:28:03.907Z
cmstkgcqv009a20u1ujweot7b,"Numerical Reasoning","Word Problems - Arithmetic Word Problems",AUDITED,VERIFIED,"","",2026-08-19T09:28:03.911Z
cmstkgcqv009820u1n3q8y5r8,"Numerical Reasoning","Word Problems - Arithmetic Word Problems",AUDITED,VERIFIED,"","",2026-08-19T09:28:03.916Z
cmstkgcqv009c20u1h30fhski,"Numerical Reasoning","Word Problems - Arithmetic Word Problems",AUDITED,VERIFIED,"","",2026-08-19T09:28:03.920Z
cmstkgcqv009e20u19jn65nvz,"Numerical Reasoning","Word Problems - Arithmetic Word Problems",AUDITED,VERIFIED,"","",2026-08-19T09:28:03.924Z
cmstkgcqv009i20u1ttd5cdrk,"Numerical Reasoning","Word Problems - Arithmetic Word Problems",AUDITED,VERIFIED,"","",2026-08-19T09:28:03.928Z
cmstkgcqv009g20u116th17gq,"Numerical Reasoning","Word Problems - Arithmetic Word Problems",AUDITED,VERIFIED,"","",2026-08-19T09:28:03.933Z
cmstkgcqv009k20u1snwic4ty,"Numerical Reasoning","Word Problems - Arithmetic Word Problems",AUDITED,VERIFIED,"","",2026-08-19T09:28:03.937Z
cmstkgcqv009m20u1mxoqg7vz,"Numerical Reasoning","Word Problems - Arithmetic Word Problems",AUDITED,VERIFIED,"","",2026-08-19T09:28:03.941Z
cmstkgcqv009o20u1seqow224,"Numerical Reasoning","Word Problems - Arithmetic Word Problems",AUDITED,VERIFIED,"","",2026-08-19T09:28:03.945Z
cmstkgcqv009q20u1mgvpio68,"Numerical Reasoning","Word Problems - Arithmetic Word Problems",AUDITED,VERIFIED,"","",2026-08-19T09:28:03.950Z
cmstkgcqv009y20u19fqg3p8q,"Numerical Reasoning","Word Problems - Arithmetic Word Problems",AUDITED,VERIFIED,"","",2026-08-19T09:28:03.954Z
cmstkgcqv009w20u1bvbhf43v,"Numerical Reasoning","Word Problems - Arithmetic Word Problems",AUDITED,VERIFIED,"","",2026-08-19T09:28:03.958Z
cmstkgcqv00a020u1347r90wj,"Numerical Reasoning","Word Problems - Arithmetic Word Problems",AUDITED,VERIFIED,"","",2026-08-19T09:28:03.962Z
cmstkgcqv00a120u1mb2zwqp2,"Numerical Reasoning","Word Problems - Arithmetic Word Problems",AUDITED,VERIFIED,"","",2026-08-19T09:28:03.967Z
cmstkgcqv00a220u1sjxsrqzp,"Numerical Reasoning","Word Problems - Arithmetic Word Problems",AUDITED,VERIFIED,"","",2026-08-19T09:28:03.971Z
cmstkgcqv00a420u1thhibi45,"Numerical Reasoning","Word Problems - Arithmetic Word Problems",AUDITED,VERIFIED,"","",2026-08-19T09:28:03.976Z
cmstkgcqv00a620u1477opuov,"Numerical Reasoning","Word Problems - Arithmetic Word Problems",AUDITED,VERIFIED,"","",2026-08-19T09:28:03.982Z
cmstkgcqv00a820u1xqec6bkt,"Numerical Reasoning","Word Problems - Arithmetic Word Problems",AUDITED,VERIFIED,"","",2026-08-19T09:28:03.987Z
cmstkgcqv00a920u1p565cwmj,"Numerical Reasoning","Word Problems - Arithmetic Word Problems",AUDITED,VERIFIED,"","",2026-08-19T09:28:03.991Z
cmstkgcqv00ac20u1of5zs59n,"Numerical Reasoning","Word Problems - Arithmetic Word Problems",AUDITED,VERIFIED,"","",2026-08-19T09:28:03.995Z
cmstkgcqv00ae20u1th6g67ah,"Numerical Reasoning","Word Problems - Arithmetic Word Problems",AUDITED,VERIFIED,"","",2026-08-19T09:28:04.000Z
cmstkgcqv00ag20u1aoi37xw7,"Numerical Reasoning","Word Problems - Arithmetic Word Problems",AUDITED,VERIFIED,"","",2026-08-19T09:28:04.004Z
cmstkgcqv00ai20u1y3sbsg9p,"Numerical Reasoning","Word Problems - Arithmetic Word Problems",AUDITED,VERIFIED,"","",2026-08-19T09:28:04.008Z
cmstkgcqv00ak20u1bf0x5b62,"Numerical Reasoning","Word Problems - Arithmetic Word Problems",AUDITED,VERIFIED,"","",2026-08-19T09:28:04.012Z
cmstkgcqv00am20u134vg306z,"Numerical Reasoning","Word Problems - Arithmetic Word Problems",AUDITED,VERIFIED,"","",2026-08-19T09:28:04.017Z
cmstkgcqv00an20u1zb0c3auw,"Numerical Reasoning","Word Problems - Arithmetic Word Problems",AUDITED,VERIFIED,"","",2026-08-19T09:28:04.021Z
cmstkgcqw00b320u1cqvie8sa,"Numerical Reasoning","Word Problems - Arithmetic Word Problems",AUDITED,VERIFIED,"","",2026-08-19T09:28:04.025Z
cmstkgcqw00b120u1a132ua58,"Numerical Reasoning","Word Problems - Arithmetic Word Problems",AUDITED,VERIFIED,"","",2026-08-19T09:28:04.029Z
cmstkgcqw00az20u1d5kpdrpc,"Numerical Reasoning","Word Problems - Arithmetic Word Problems",AUDITED,VERIFIED,"","",2026-08-19T09:28:04.034Z
cmstkgcqw00av20u1pa8be7kl,"Numerical Reasoning","Word Problems - Arithmetic Word Problems",AUDITED,VERIFIED,"","",2026-08-19T09:28:04.038Z
cmstkgcqw00au20u18wbqueho,"Numerical Reasoning","Word Problems - Arithmetic Word Problems",AUDITED,VERIFIED,"","",2026-08-19T09:28:04.042Z
cmstkgcqw00aw20u1knesy7bl,"Numerical Reasoning","Word Problems - Arithmetic Word Problems",AUDITED,VERIFIED,"","",2026-08-19T09:28:04.046Z
cmstkgcqu008v20u143wirv98,"Numerical Reasoning","Number Sequence - Higher",AUDITED,VERIFIED,"","",2026-08-19T09:28:04.049Z
cmstkgcqu009520u1g0ben81y,"Numerical Reasoning","Word Problems - Arithmetic Word Problems",AUDITED,VERIFIED,"","",2026-08-19T09:28:04.054Z
cmstkgcqv009x20u14deara81,"Numerical Reasoning","Word Problems - Arithmetic Word Problems",AUDITED,VERIFIED,"","",2026-08-19T09:28:04.059Z
cmstkgcqu008h20u1iimv3rmk,"Numerical Reasoning","Number Sequence - Higher",AUDITED,MANUAL_REVIEW,"DUPLICATE_CHOICES","",2026-08-19T09:28:04.063Z
cmstkgcqw00b020u1c4lc9xrw,"Numerical Reasoning","Word Problems - Arithmetic Word Problems",AUDITED,MANUAL_REVIEW,"DUPLICATE_CHOICES","",2026-08-19T09:28:04.067Z
cmstkgcqu008d20u1mb05ceuo,"Numerical Reasoning","Number Sequence - Higher",AUDITED,VERIFIED,"","",2026-08-19T09:28:04.071Z
cmstkgcqw00as20u11c1jn20b,"Numerical Reasoning","Word Problems - Arithmetic Word Problems",AUDITED,VERIFIED,"","",2026-08-19T09:28:04.076Z
cmstkgcqu008l20u1gv1jegav,"Numerical Reasoning","Number Sequence - Higher",AUDITED,VERIFIED,"","",2026-08-19T09:28:04.080Z
cmstkgcqw00ay20u1ujehsj44,"Numerical Reasoning","Word Problems - Arithmetic Word Problems",AUDITED,VERIFIED,"","",2026-08-19T09:28:04.085Z
cmstkgcqv009b20u165fxymws,"Numerical Reasoning","Word Problems - Arithmetic Word Problems",AUDITED,VERIFIED,"","",2026-08-19T09:28:04.089Z
cmstkgcqv00aa20u1gk50fisv,"Numerical Reasoning","Word Problems - Arithmetic Word Problems",AUDITED,VERIFIED,"","",2026-08-19T09:28:04.093Z
cmstkgcqv009h20u1dv8hfcpb,"Numerical Reasoning","Word Problems - Arithmetic Word Problems",AUDITED,VERIFIED,"","",2026-08-19T09:28:04.098Z
cmstkgcqu008c20u1ojkwy60y,"Numerical Reasoning","Number Sequence - Higher",AUDITED,VERIFIED,"","",2026-08-19T09:28:04.103Z
cmstkgcqw00aq20u1t6atqmkx,"Numerical Reasoning","Word Problems - Arithmetic Word Problems",AUDITED,VERIFIED,"","",2026-08-19T09:28:04.107Z
cmstkgcqw00ax20u17iw1gq5i,"Numerical Reasoning","Word Problems - Arithmetic Word Problems",AUDITED,VERIFIED,"","",2026-08-19T09:28:04.110Z
cmstkgcqu008n20u1f9dhrbog,"Numerical Reasoning","Number Sequence - Higher",AUDITED,VERIFIED,"","",2026-08-19T09:28:04.114Z
cmstkgcqu008i20u1cyes3wz2,"Numerical Reasoning","Number Sequence - Higher",AUDITED,VERIFIED,"","",2026-08-19T09:28:04.119Z
cmstkgcqv00aj20u1phgkm49d,"Numerical Reasoning","Word Problems - Arithmetic Word Problems",AUDITED,VERIFIED,"","",2026-08-19T09:28:04.124Z
cmstkgcqv00ah20u13rlcn3ko,"Numerical Reasoning","Word Problems - Arithmetic Word Problems",AUDITED,VERIFIED,"","",2026-08-19T09:28:04.128Z
cmstkgcqu008x20u15q9yysmk,"Numerical Reasoning","Word Problems - Arithmetic Word Problems",AUDITED,VERIFIED,"","",2026-08-19T09:28:04.133Z
cmstkgcqv00ab20u1sf6g51of,"Numerical Reasoning","Word Problems - Arithmetic Word Problems",AUDITED,VERIFIED,"","",2026-08-19T09:28:04.138Z
cmstkgcqw00b220u1vwuwpeoo,"Numerical Reasoning","Word Problems - Arithmetic Word Problems",AUDITED,VERIFIED,"","",2026-08-19T09:28:04.142Z
cmstkgcqv009u20u10pc541xw,"Numerical Reasoning","Word Problems - Arithmetic Word Problems",AUDITED,VERIFIED,"","",2026-08-19T09:28:04.148Z
cmstkgcqv009l20u1i8egbx2k,"Numerical Reasoning","Word Problems - Arithmetic Word Problems",AUDITED,VERIFIED,"","",2026-08-19T09:28:04.153Z
cmstkgcqv00ad20u1wf862wp4,"Numerical Reasoning","Word Problems - Arithmetic Word Problems",AUDITED,VERIFIED,"","",2026-08-19T09:28:04.158Z
cmstkgcqu008z20u1rdiryj39,"Numerical Reasoning","Word Problems - Arithmetic Word Problems",AUDITED,VERIFIED,"","",2026-08-19T09:28:04.163Z
cmstkgcqu008s20u1leyyy7w7,"Numerical Reasoning","Number Sequence - Higher",AUDITED,VERIFIED,"","",2026-08-19T09:28:04.168Z
cmstkgcqv00a720u17iv3mz23,"Numerical Reasoning","Word Problems - Arithmetic Word Problems",AUDITED,VERIFIED,"","",2026-08-19T09:28:04.173Z
cmstkgcqv00a520u1z0vemink,"Numerical Reasoning","Word Problems - Arithmetic Word Problems",AUDITED,VERIFIED,"","",2026-08-19T09:28:04.178Z
cmstkgcqv009720u17ssdy62o,"Numerical Reasoning","Word Problems - Arithmetic Word Problems",AUDITED,VERIFIED,"","",2026-08-19T09:28:04.184Z
cmstkgcqu008m20u16evqm6a6,"Numerical Reasoning","Number Sequence - Higher",AUDITED,VERIFIED,"","",2026-08-19T09:28:04.189Z
cmstkgcqu008r20u16a72hext,"Numerical Reasoning","Number Sequence - Higher",AUDITED,VERIFIED,"","",2026-08-19T09:28:04.194Z
cmstkgcqu009320u1ipqb6bng,"Numerical Reasoning","Word Problems - Arithmetic Word Problems",AUDITED,VERIFIED,"","",2026-08-19T09:28:04.202Z
cmstkgcqv00af20u1pkblz3ny,"Numerical Reasoning","Word Problems - Arithmetic Word Problems",AUDITED,VERIFIED,"","",2026-08-19T09:28:04.206Z
cmstkgcqv00a320u1bxljxt6q,"Numerical Reasoning","Word Problems - Arithmetic Word Problems",AUDITED,VERIFIED,"","",2026-08-19T09:28:04.210Z
cmstkgcqv00ao20u1kudzhkpr,"Numerical Reasoning","Word Problems - Arithmetic Word Problems",AUDITED,VERIFIED,"","",2026-08-19T09:28:04.215Z
cmstkgcqv009v20u1ct3bcvm9,"Numerical Reasoning","Word Problems - Arithmetic Word Problems",AUDITED,VERIFIED,"","",2026-08-19T09:28:04.221Z
cmstkgcqu008j20u1kluf9fyu,"Numerical Reasoning","Number Sequence - Higher",AUDITED,VERIFIED,"","",2026-08-19T09:28:04.225Z
cmstkgcqv009s20u1eeou5jev,"Numerical Reasoning","Word Problems - Arithmetic Word Problems",AUDITED,VERIFIED,"","",2026-08-19T09:28:04.230Z
cmstkgcqu008p20u1jdub55ib,"Numerical Reasoning","Number Sequence - Higher",AUDITED,VERIFIED,"","",2026-08-19T09:28:04.235Z
cmstkgcqv009n20u1pk175mwc,"Numerical Reasoning","Word Problems - Arithmetic Word Problems",AUDITED,VERIFIED,"","",2026-08-19T09:28:04.240Z
cmstkgcqv009p20u1ztlortrc,"Numerical Reasoning","Word Problems - Arithmetic Word Problems",AUDITED,VERIFIED,"","",2026-08-19T09:28:04.244Z
cmstkgcqv009r20u1dbcyx0jl,"Numerical Reasoning","Word Problems - Arithmetic Word Problems",AUDITED,VERIFIED,"","",2026-08-19T09:28:04.251Z
cmstkgcqu008f20u1gvmoa9n7,"Numerical Reasoning","Number Sequence - Higher",AUDITED,VERIFIED,"","",2026-08-19T09:28:04.254Z
cmstkgcqu008t20u19mhhlrrr,"Numerical Reasoning","Number Sequence - Higher",AUDITED,VERIFIED,"","",2026-08-19T09:28:04.259Z
cmstkgcqv009t20u1mm7fald2,"Numerical Reasoning","Word Problems - Arithmetic Word Problems",AUDITED,VERIFIED,"","",2026-08-19T09:28:04.264Z
cmstkgcqv009z20u16w84cbk4,"Numerical Reasoning","Word Problems - Arithmetic Word Problems",AUDITED,VERIFIED,"","",2026-08-19T09:28:04.270Z
cmstkgcqv009f20u1g1d5oo07,"Numerical Reasoning","Word Problems - Arithmetic Word Problems",AUDITED,VERIFIED,"","",2026-08-19T09:28:04.275Z
cmstkgcqv009d20u1kryr5wxu,"Numerical Reasoning","Word Problems - Arithmetic Word Problems",AUDITED,VERIFIED,"","",2026-08-19T09:28:04.280Z
cmstkgcqv009920u1sswi97lp,"Numerical Reasoning","Word Problems - Arithmetic Word Problems",AUDITED,VERIFIED,"","",2026-08-19T09:28:04.286Z
cmstkgcqv00al20u1l5tshtxn,"Numerical Reasoning","Word Problems - Arithmetic Word Problems",AUDITED,VERIFIED,"","",2026-08-19T09:28:04.290Z
cmstkgcqw00at20u1tebywbua,"Numerical Reasoning","Word Problems - Arithmetic Word Problems",AUDITED,VERIFIED,"","",2026-08-19T09:28:04.295Z
cmstkgcqv009j20u1q82xw9cq,"Numerical Reasoning","Word Problems - Arithmetic Word Problems",AUDITED,VERIFIED,"","",2026-08-19T09:28:04.300Z
cmstkgcxg00cc20u14otnj8ws,"Numerical Reasoning","Word Problems - Commercial Mathematics",AUDITED,VERIFIED,"","",2026-08-19T09:28:04.397Z
cmstkgcxe00bc20u1yz7a2rt1,"Numerical Reasoning","Word Problems - Arithmetic Word Problems",AUDITED,VERIFIED,"","",2026-08-19T09:28:04.402Z
cmstkgcxf00bz20u19gadfbfo,"Numerical Reasoning","Word Problems - Commercial Mathematics",AUDITED,VERIFIED,"","",2026-08-19T09:28:04.408Z
cmstkgcxg00c820u160mh3kyf,"Numerical Reasoning","Word Problems - Commercial Mathematics",AUDITED,VERIFIED,"","",2026-08-19T09:28:04.413Z
cmstkgcxg00ce20u1mx9in9m9,"Numerical Reasoning","Word Problems - Commercial Mathematics",AUDITED,VERIFIED,"","",2026-08-19T09:28:04.418Z
cmstkgcxh00dp20u1seorsxza,"Numerical Reasoning","Word Problems - Algebraic and Geometric Word Problems",AUDITED,VERIFIED,"","",2026-08-19T09:28:04.423Z
cmstkgcxe00b620u1ezt75rfp,"Numerical Reasoning","Word Problems - Arithmetic Word Problems",AUDITED,VERIFIED,"","",2026-08-19T09:28:04.427Z
cmstkgcxh00dn20u1gac7vzwr,"Numerical Reasoning","Word Problems - Algebraic and Geometric Word Problems",AUDITED,VERIFIED,"","",2026-08-19T09:28:04.434Z
cmstkgcxe00b820u1neqq7658,"Numerical Reasoning","Word Problems - Arithmetic Word Problems",AUDITED,VERIFIED,"","",2026-08-19T09:28:04.439Z
cmstkgcxh00db20u1f2sqnxzd,"Numerical Reasoning","Word Problems - Commercial Mathematics",AUDITED,VERIFIED,"","",2026-08-19T09:28:04.445Z
cmstkgcxh00df20u17osul86r,"Numerical Reasoning","Word Problems - Commercial Mathematics",AUDITED,VERIFIED,"","",2026-08-19T09:28:04.451Z
cmstkgcxf00bn20u1kiofalki,"Numerical Reasoning","Word Problems - Arithmetic Word Problems",AUDITED,VERIFIED,"","",2026-08-19T09:28:04.456Z
cmstkgcxh00cz20u1b46qrgun,"Numerical Reasoning","Word Problems - Commercial Mathematics",AUDITED,VERIFIED,"","",2026-08-19T09:28:04.461Z
cmstkgcxg00cv20u1wv6npwdf,"Numerical Reasoning","Word Problems - Commercial Mathematics",AUDITED,VERIFIED,"","",2026-08-19T09:28:04.467Z
cmstkgcxg00cn20u17zgy6q0l,"Numerical Reasoning","Word Problems - Commercial Mathematics",AUDITED,VERIFIED,"","",2026-08-19T09:28:04.472Z
cmstkgcxg00cm20u158po8imn,"Numerical Reasoning","Word Problems - Commercial Mathematics",AUDITED,VERIFIED,"","",2026-08-19T09:28:04.476Z
cmstkgcxg00cg20u1ymvx7b11,"Numerical Reasoning","Word Problems - Commercial Mathematics",AUDITED,VERIFIED,"","",2026-08-19T09:28:04.482Z
cmstkgcxg00c720u1bv0224oa,"Numerical Reasoning","Word Problems - Commercial Mathematics",AUDITED,VERIFIED,"","",2026-08-19T09:28:04.487Z
cmstkgcxf00bp20u17qnf8kgc,"Numerical Reasoning","Word Problems - Arithmetic Word Problems",AUDITED,VERIFIED,"","",2026-08-19T09:28:04.492Z
cmstkgcxg00cf20u1jr8yfthw,"Numerical Reasoning","Word Problems - Commercial Mathematics",AUDITED,VERIFIED,"","",2026-08-19T09:28:04.497Z
cmstkgcxe00bg20u1jexjqn79,"Numerical Reasoning","Word Problems - Arithmetic Word Problems",AUDITED,VERIFIED,"","",2026-08-19T09:28:04.504Z
cmstkgcxg00cb20u1m6iq3moo,"Numerical Reasoning","Word Problems - Commercial Mathematics",AUDITED,VERIFIED,"","",2026-08-19T09:28:04.510Z
cmstkgcxg00ca20u18lwpkvxj,"Numerical Reasoning","Word Problems - Commercial Mathematics",AUDITED,VERIFIED,"","",2026-08-19T09:28:04.516Z
cmstkgcxg00cp20u1zequajs2,"Numerical Reasoning","Word Problems - Commercial Mathematics",AUDITED,VERIFIED,"","",2026-08-19T09:28:04.521Z
cmstkgcxf00c320u17zradyw8,"Numerical Reasoning","Word Problems - Commercial Mathematics",AUDITED,VERIFIED,"","",2026-08-19T09:28:04.527Z
cmstkgcxf00bu20u1xgh30h5j,"Numerical Reasoning","Word Problems - Arithmetic Word Problems",AUDITED,VERIFIED,"","",2026-08-19T09:28:04.534Z
cmstkgcxf00bq20u15bdwvq5y,"Numerical Reasoning","Word Problems - Arithmetic Word Problems",AUDITED,VERIFIED,"","",2026-08-19T09:28:04.538Z
cmstkgcxf00bw20u11cx25xcp,"Numerical Reasoning","Word Problems - Arithmetic Word Problems",AUDITED,VERIFIED,"","",2026-08-19T09:28:04.543Z
cmstkgcxf00bm20u1dwypspe6,"Numerical Reasoning","Word Problems - Arithmetic Word Problems",AUDITED,VERIFIED,"","",2026-08-19T09:28:04.548Z
cmstkgcxg00cj20u1uzmdg8lj,"Numerical Reasoning","Word Problems - Commercial Mathematics",AUDITED,VERIFIED,"","",2026-08-19T09:28:04.555Z
cmstkgcxe00be20u19mfcbgg9,"Numerical Reasoning","Word Problems - Arithmetic Word Problems",AUDITED,VERIFIED,"","",2026-08-19T09:28:04.560Z
cmstkgcxg00cr20u1trflnqxd,"Numerical Reasoning","Word Problems - Commercial Mathematics",AUDITED,VERIFIED,"","",2026-08-19T09:28:04.565Z
cmstkgcxh00d120u1knzdwrqe,"Numerical Reasoning","Word Problems - Commercial Mathematics",AUDITED,VERIFIED,"","",2026-08-19T09:28:04.571Z
cmstkgcxh00d720u1ilmk8ss2,"Numerical Reasoning","Word Problems - Commercial Mathematics",AUDITED,VERIFIED,"","",2026-08-19T09:28:04.577Z
cmstkgcxf00bi20u1lfl0g28a,"Numerical Reasoning","Word Problems - Arithmetic Word Problems",AUDITED,VERIFIED,"","",2026-08-19T09:28:04.584Z
cmstkgcxi00dv20u12culi8ws,"Numerical Reasoning","Word Problems - Algebraic and Geometric Word Problems",AUDITED,VERIFIED,"","",2026-08-19T09:28:04.588Z
cmstkgcxe00ba20u1mqvjbzem,"Numerical Reasoning","Word Problems - Arithmetic Word Problems",AUDITED,VERIFIED,"","",2026-08-19T09:28:04.593Z
cmstkgcxd00b420u1av8fkdhv,"Numerical Reasoning","Word Problems - Arithmetic Word Problems",AUDITED,VERIFIED,"","",2026-08-19T09:28:04.599Z
cmstkgcxh00d520u1y32499w4,"Numerical Reasoning","Word Problems - Commercial Mathematics",AUDITED,VERIFIED,"","",2026-08-19T09:28:04.605Z
cmstkgcxf00bk20u1hf8k86nt,"Numerical Reasoning","Word Problems - Arithmetic Word Problems",AUDITED,VERIFIED,"","",2026-08-19T09:28:04.610Z
cmstkgcxf00bs20u1lmwywxar,"Numerical Reasoning","Word Problems - Arithmetic Word Problems",AUDITED,VERIFIED,"","",2026-08-19T09:28:04.616Z
cmstkgcxh00d320u18nn4s31a,"Numerical Reasoning","Word Problems - Commercial Mathematics",AUDITED,VERIFIED,"","",2026-08-19T09:28:04.622Z
cmstkgcxg00ci20u1pf4861zi,"Numerical Reasoning","Word Problems - Commercial Mathematics",AUDITED,VERIFIED,"","",2026-08-19T09:28:04.627Z
cmstkgcxh00de20u19c8chbow,"Numerical Reasoning","Word Problems - Commercial Mathematics",AUDITED,VERIFIED,"","",2026-08-19T09:28:04.634Z
cmstkgcxg00ct20u1dykij66n,"Numerical Reasoning","Word Problems - Commercial Mathematics",AUDITED,VERIFIED,"","",2026-08-19T09:28:04.640Z
cmstkgcxf00c120u1ncr9wm8i,"Numerical Reasoning","Word Problems - Commercial Mathematics",AUDITED,VERIFIED,"","",2026-08-19T09:28:04.646Z
cmstkgcxg00cx20u1pr88ygqc,"Numerical Reasoning","Word Problems - Commercial Mathematics",AUDITED,VERIFIED,"","",2026-08-19T09:28:04.652Z
cmstkgcxi00dt20u1a3iz9quv,"Numerical Reasoning","Word Problems - Algebraic and Geometric Word Problems",AUDITED,VERIFIED,"","",2026-08-19T09:28:04.657Z
cmstkgcxh00dr20u1vqbfyr8v,"Numerical Reasoning","Word Problems - Algebraic and Geometric Word Problems",AUDITED,VERIFIED,"","",2026-08-19T09:28:04.663Z
cmstkgcxh00dj20u1ojnx4dkl,"Numerical Reasoning","Word Problems - Commercial Mathematics",AUDITED,VERIFIED,"","",2026-08-19T09:28:04.670Z
cmstkgcxh00d820u1fc1dzcn1,"Numerical Reasoning","Word Problems - Commercial Mathematics",AUDITED,VERIFIED,"","",2026-08-19T09:28:04.675Z
cmstkgcxh00da20u1lozk10p4,"Numerical Reasoning","Word Problems - Commercial Mathematics",AUDITED,VERIFIED,"","",2026-08-19T09:28:04.681Z
cmstkgcxh00d920u150iykjf9,"Numerical Reasoning","Word Problems - Commercial Mathematics",AUDITED,VERIFIED,"","",2026-08-19T09:28:04.688Z
cmstkgcxh00d420u1wq6wfnuo,"Numerical Reasoning","Word Problems - Commercial Mathematics",AUDITED,VERIFIED,"","",2026-08-19T09:28:04.695Z
cmstkgcxh00d620u1dru19qxa,"Numerical Reasoning","Word Problems - Commercial Mathematics",AUDITED,VERIFIED,"","",2026-08-19T09:28:04.701Z
cmstkgcxh00d220u1rh8bdmr9,"Numerical Reasoning","Word Problems - Commercial Mathematics",AUDITED,VERIFIED,"","",2026-08-19T09:28:04.708Z
cmstkgcxh00d020u1ptvphpg9,"Numerical Reasoning","Word Problems - Commercial Mathematics",AUDITED,VERIFIED,"","",2026-08-19T09:28:04.714Z
cmstkgcxg00cw20u1gdl2vg4e,"Numerical Reasoning","Word Problems - Commercial Mathematics",AUDITED,VERIFIED,"","",2026-08-19T09:28:04.721Z
cmstkgcxg00cy20u1jupavkj2,"Numerical Reasoning","Word Problems - Commercial Mathematics",AUDITED,VERIFIED,"","",2026-08-19T09:28:04.726Z
cmstkgcxg00cu20u1vwav7t9g,"Numerical Reasoning","Word Problems - Commercial Mathematics",AUDITED,VERIFIED,"","",2026-08-19T09:28:04.731Z
cmstkgcxg00cs20u1o6l0h2xk,"Numerical Reasoning","Word Problems - Commercial Mathematics",AUDITED,POSSIBLE_DUPLICATE,"DUPLICATE:NEAR DUPLICATE","",2026-08-19T09:28:04.738Z
cmstkgcxg00cq20u1tg9owzww,"Numerical Reasoning","Word Problems - Commercial Mathematics",AUDITED,VERIFIED,"","",2026-08-19T09:28:04.744Z
cmstkgcxg00co20u1p8ab5vhr,"Numerical Reasoning","Word Problems - Commercial Mathematics",AUDITED,VERIFIED,"","",2026-08-19T09:28:04.751Z
cmstkgcxg00ck20u1ih7pjcgi,"Numerical Reasoning","Word Problems - Commercial Mathematics",AUDITED,VERIFIED,"","",2026-08-19T09:28:04.756Z
cmstkgcxe00b720u1wrww75lv,"Numerical Reasoning","Word Problems - Arithmetic Word Problems",AUDITED,VERIFIED,"","",2026-08-19T09:28:04.762Z
cmstkgcxg00cl20u1ww77vaub,"Numerical Reasoning","Word Problems - Commercial Mathematics",AUDITED,VERIFIED,"","",2026-08-19T09:28:04.769Z
cmstkgcxg00ch20u1c5rt10g9,"Numerical Reasoning","Word Problems - Commercial Mathematics",AUDITED,VERIFIED,"","",2026-08-19T09:28:04.775Z
cmstkgcxe00b920u1ptor2eef,"Numerical Reasoning","Word Problems - Arithmetic Word Problems",AUDITED,VERIFIED,"","",2026-08-19T09:28:04.780Z
cmstkgcxe00b520u1x1gn2h9w,"Numerical Reasoning","Word Problems - Arithmetic Word Problems",AUDITED,VERIFIED,"","",2026-08-19T09:28:04.787Z
cmstkgcxg00cd20u13s16hwhl,"Numerical Reasoning","Word Problems - Commercial Mathematics",AUDITED,VERIFIED,"","",2026-08-19T09:28:04.792Z
cmstkgcxh00ds20u1rfjg5eqv,"Numerical Reasoning","Word Problems - Algebraic and Geometric Word Problems",AUDITED,VERIFIED,"","",2026-08-19T09:28:04.797Z
cmstkgcxg00c920u1dzz4bzei,"Numerical Reasoning","Word Problems - Commercial Mathematics",AUDITED,VERIFIED,"","",2026-08-19T09:28:04.804Z
cmstkgcxf00c420u12dnsn32p,"Numerical Reasoning","Word Problems - Commercial Mathematics",AUDITED,VERIFIED,"","",2026-08-19T09:28:04.811Z
cmstkgcxf00c620u1m09t7oaz,"Numerical Reasoning","Word Problems - Commercial Mathematics",AUDITED,VERIFIED,"","",2026-08-19T09:28:04.818Z
cmstkgcxf00c520u15s4y3yoe,"Numerical Reasoning","Word Problems - Commercial Mathematics",AUDITED,VERIFIED,"","",2026-08-19T09:28:04.823Z
cmstkgcxf00c020u1faltulrz,"Numerical Reasoning","Word Problems - Commercial Mathematics",AUDITED,VERIFIED,"","",2026-08-19T09:28:04.829Z
cmstkgcxf00c220u12hpslv0v,"Numerical Reasoning","Word Problems - Commercial Mathematics",AUDITED,VERIFIED,"","",2026-08-19T09:28:04.835Z
cmstkgcxf00bv20u1gqyaalgp,"Numerical Reasoning","Word Problems - Arithmetic Word Problems",AUDITED,VERIFIED,"","",2026-08-19T09:28:04.840Z
cmstkgcxf00bx20u1wmieu5gz,"Numerical Reasoning","Word Problems - Arithmetic Word Problems",AUDITED,VERIFIED,"","",2026-08-19T09:28:04.847Z
cmstkgcxf00bt20u1uadot9xy,"Numerical Reasoning","Word Problems - Arithmetic Word Problems",AUDITED,VERIFIED,"","",2026-08-19T09:28:04.853Z
cmstkgcxf00br20u1ehmm18z5,"Numerical Reasoning","Word Problems - Arithmetic Word Problems",AUDITED,VERIFIED,"","",2026-08-19T09:28:04.859Z
cmstkgcxf00by20u1lw6v8its,"Numerical Reasoning","Word Problems - Commercial Mathematics",AUDITED,VERIFIED,"","",2026-08-19T09:28:04.866Z
cmstkgcxf00bo20u1get4pj55,"Numerical Reasoning","Word Problems - Arithmetic Word Problems",AUDITED,VERIFIED,"","",2026-08-19T09:28:04.872Z
cmstkgcxf00bl20u1p0sr87ux,"Numerical Reasoning","Word Problems - Arithmetic Word Problems",AUDITED,VERIFIED,"","",2026-08-19T09:28:04.878Z
cmstkgcxf00bj20u1ubwm7gwh,"Numerical Reasoning","Word Problems - Arithmetic Word Problems",AUDITED,VERIFIED,"","",2026-08-19T09:28:04.884Z
cmstkgcxe00bh20u1c9scxq91,"Numerical Reasoning","Word Problems - Arithmetic Word Problems",AUDITED,VERIFIED,"","",2026-08-19T09:28:04.890Z
cmstkgcxe00bf20u1gt7k007a,"Numerical Reasoning","Word Problems - Arithmetic Word Problems",AUDITED,VERIFIED,"","",2026-08-19T09:28:04.895Z
cmstkgcxe00bd20u1g9i763xb,"Numerical Reasoning","Word Problems - Arithmetic Word Problems",AUDITED,VERIFIED,"","",2026-08-19T09:28:04.902Z
cmstkgcxi00du20u1maqqsvof,"Numerical Reasoning","Word Problems - Algebraic and Geometric Word Problems",AUDITED,VERIFIED,"","",2026-08-19T09:28:04.910Z
cmstkgcxe00bb20u1wkbtogby,"Numerical Reasoning","Word Problems - Arithmetic Word Problems",AUDITED,VERIFIED,"","",2026-08-19T09:28:04.917Z
cmstkgcxh00dq20u1v9v49flf,"Numerical Reasoning","Word Problems - Algebraic and Geometric Word Problems",AUDITED,VERIFIED,"","",2026-08-19T09:28:04.923Z
cmstkgcxh00do20u1idzitl9y,"Numerical Reasoning","Word Problems - Algebraic and Geometric Word Problems",AUDITED,VERIFIED,"","",2026-08-19T09:28:04.928Z
cmstkgcxh00dm20u1al1pclns,"Numerical Reasoning","Word Problems - Algebraic and Geometric Word Problems",AUDITED,VERIFIED,"","",2026-08-19T09:28:04.935Z
cmstkgcxh00dk20u12u505jve,"Numerical Reasoning","Word Problems - Commercial Mathematics",AUDITED,VERIFIED,"","",2026-08-19T09:28:04.942Z
cmstkgcxh00dl20u1ym2ekrze,"Numerical Reasoning","Word Problems - Commercial Mathematics",AUDITED,VERIFIED,"","",2026-08-19T09:28:04.948Z
cmstkgcxh00dg20u14vxgi68o,"Numerical Reasoning","Word Problems - Commercial Mathematics",AUDITED,VERIFIED,"","",2026-08-19T09:28:04.956Z
cmstkgcxh00di20u1hjq336n4,"Numerical Reasoning","Word Problems - Commercial Mathematics",AUDITED,VERIFIED,"","",2026-08-19T09:28:04.962Z
cmstkgcxh00dh20u1d9ip6kxn,"Numerical Reasoning","Word Problems - Commercial Mathematics",AUDITED,VERIFIED,"","",2026-08-19T09:28:04.969Z
cmstkgcxh00dd20u1b50w7egi,"Numerical Reasoning","Word Problems - Commercial Mathematics",AUDITED,VERIFIED,"","",2026-08-19T09:28:04.976Z
cmstkgcxh00dc20u1vixf0q99,"Numerical Reasoning","Word Problems - Commercial Mathematics",AUDITED,VERIFIED,"","",2026-08-19T09:28:04.983Z
cmstkgd4h00f120u1y1drz3bh,"Analytical Reasoning","Word Analogy - Analogy Types",AUDITED,VERIFIED,"","",2026-08-19T09:28:05.079Z
cmstkgd4i00gk20u1cwb11jvw,"Analytical Reasoning","Word Analogy - Analogy Types",AUDITED,VERIFIED,"","",2026-08-19T09:28:05.083Z
cmstkgd4i00gm20u1adpwl9cv,"Analytical Reasoning","Word Analogy - Analogy Types",AUDITED,VERIFIED,"","",2026-08-19T09:28:05.088Z
cmstkgd4i00gl20u19n3ey5xr,"Analytical Reasoning","Word Analogy - Analogy Types",AUDITED,VERIFIED,"","",2026-08-19T09:28:05.093Z
cmstkgd4i00gg20u1ajknu923,"Analytical Reasoning","Word Analogy - Analogy Types",AUDITED,VERIFIED,"","",2026-08-19T09:28:05.097Z
cmstkgd4i00gi20u1za8b93ea,"Analytical Reasoning","Word Analogy - Analogy Types",AUDITED,VERIFIED,"","",2026-08-19T09:28:05.103Z
cmstkgd4i00gh20u1cz4p83uh,"Analytical Reasoning","Word Analogy - Analogy Types",AUDITED,VERIFIED,"","",2026-08-19T09:28:05.107Z
cmstkgd4i00gd20u1gte4b4z4,"Analytical Reasoning","Word Analogy - Analogy Types",AUDITED,VERIFIED,"","",2026-08-19T09:28:05.111Z
cmstkgd4i00gb20u1p8nh18m7,"Analytical Reasoning","Word Analogy - Analogy Types",AUDITED,VERIFIED,"","",2026-08-19T09:28:05.115Z
cmstkgd4i00ge20u1s3ylkz1f,"Analytical Reasoning","Word Analogy - Analogy Types",AUDITED,VERIFIED,"","",2026-08-19T09:28:05.120Z
cmstkgd4i00g720u1duk41tpo,"Analytical Reasoning","Word Analogy - Analogy Types",AUDITED,VERIFIED,"","",2026-08-19T09:28:05.124Z
cmstkgd4i00g920u1iawkasy1,"Analytical Reasoning","Word Analogy - Analogy Types",AUDITED,VERIFIED,"","",2026-08-19T09:28:05.128Z
cmstkgd4i00g820u1umguim7z,"Analytical Reasoning","Word Analogy - Analogy Types",AUDITED,VERIFIED,"","",2026-08-19T09:28:05.133Z
cmstkgd4i00g420u1oly63amr,"Analytical Reasoning","Word Analogy - Analogy Types",AUDITED,VERIFIED,"","",2026-08-19T09:28:05.137Z
cmstkgd4i00g320u1vn0o4aqo,"Analytical Reasoning","Word Analogy - Analogy Types",AUDITED,VERIFIED,"","",2026-08-19T09:28:05.141Z
cmstkgd4i00fz20u1cbiajd2b,"Analytical Reasoning","Word Analogy - Analogy Types",AUDITED,VERIFIED,"","",2026-08-19T09:28:05.145Z
cmstkgd4i00g120u1zeibo3ei,"Analytical Reasoning","Word Analogy - Analogy Types",AUDITED,VERIFIED,"","",2026-08-19T09:28:05.151Z
cmstkgd4i00g020u1e9px8ego,"Analytical Reasoning","Word Analogy - Analogy Types",AUDITED,VERIFIED,"","",2026-08-19T09:28:05.155Z
cmstkgd4i00fv20u11qv0btek,"Analytical Reasoning","Word Analogy - Analogy Types",AUDITED,VERIFIED,"","",2026-08-19T09:28:05.159Z
cmstkgd4i00fx20u1xpyg1og7,"Analytical Reasoning","Word Analogy - Analogy Types",AUDITED,VERIFIED,"","",2026-08-19T09:28:05.163Z
cmstkgd4i00fw20u10dpxl5zj,"Analytical Reasoning","Word Analogy - Analogy Types",AUDITED,VERIFIED,"","",2026-08-19T09:28:05.170Z
cmstkgd4i00fr20u112hw9fum,"Analytical Reasoning","Word Analogy - Analogy Types",AUDITED,VERIFIED,"","",2026-08-19T09:28:05.174Z
cmstkgd4i00ft20u1f6i5oe0d,"Analytical Reasoning","Word Analogy - Analogy Types",AUDITED,VERIFIED,"","",2026-08-19T09:28:05.178Z
cmstkgd4i00fs20u1upolof4w,"Analytical Reasoning","Word Analogy - Analogy Types",AUDITED,VERIFIED,"","",2026-08-19T09:28:05.182Z
cmstkgd4i00fp20u1e3bn6m1o,"Analytical Reasoning","Word Analogy - Analogy Types",AUDITED,VERIFIED,"","",2026-08-19T09:28:05.187Z
cmstkgd4i00fn20u1dkeo8q2b,"Analytical Reasoning","Word Analogy - Analogy Types",AUDITED,VERIFIED,"","",2026-08-19T09:28:05.192Z
cmstkgd4i00fj20u1fijn7e7l,"Analytical Reasoning","Word Analogy - Analogy Types",AUDITED,VERIFIED,"","",2026-08-19T09:28:05.196Z
cmstkgd4i00fl20u1962zt4ae,"Analytical Reasoning","Word Analogy - Analogy Types",AUDITED,VERIFIED,"","",2026-08-19T09:28:05.203Z
cmstkgd4i00fk20u1fkw8d06h,"Analytical Reasoning","Word Analogy - Analogy Types",AUDITED,VERIFIED,"","",2026-08-19T09:28:05.208Z
cmstkgd4i00ff20u1jwtjvaqn,"Analytical Reasoning","Word Analogy - Analogy Types",AUDITED,VERIFIED,"","",2026-08-19T09:28:05.215Z
cmstkgd4i00fh20u1ommsditm,"Analytical Reasoning","Word Analogy - Analogy Types",AUDITED,VERIFIED,"","",2026-08-19T09:28:05.224Z
cmstkgd4i00fg20u1zno7zuj9,"Analytical Reasoning","Word Analogy - Analogy Types",AUDITED,VERIFIED,"","",2026-08-19T09:28:05.228Z
cmstkgd4i00fb20u1mmmks0xy,"Analytical Reasoning","Word Analogy - Analogy Types",AUDITED,VERIFIED,"","",2026-08-19T09:28:05.234Z
cmstkgd4i00fd20u1pmq1ijie,"Analytical Reasoning","Word Analogy - Analogy Types",AUDITED,VERIFIED,"","",2026-08-19T09:28:05.239Z
cmstkgd4i00fc20u1vsxw7c6a,"Analytical Reasoning","Word Analogy - Analogy Types",AUDITED,VERIFIED,"","",2026-08-19T09:28:05.244Z
cmstkgd4h00ex20u14cv7elrq,"Analytical Reasoning","Word Analogy - Analogy Types",AUDITED,VERIFIED,"","",2026-08-19T09:28:05.252Z
cmstkgd4h00ey20u1krozs5o4,"Analytical Reasoning","Word Analogy - Analogy Types",AUDITED,VERIFIED,"","",2026-08-19T09:28:05.257Z
cmstkgd4h00f020u1ytixnba1,"Analytical Reasoning","Word Analogy - Analogy Types",AUDITED,VERIFIED,"","",2026-08-19T09:28:05.262Z
cmstkgd4h00ev20u1oxqbwnna,"Analytical Reasoning","Word Analogy - Analogy Types",AUDITED,VERIFIED,"","",2026-08-19T09:28:05.267Z
cmstkgd4h00et20u1w6qkjq3c,"Analytical Reasoning","Word Analogy - Analogy Types",AUDITED,VERIFIED,"","",2026-08-19T09:28:05.273Z
cmstkgd4h00eq20u1huwjf5c0,"Analytical Reasoning","Word Analogy - Analogy Types",AUDITED,VERIFIED,"","",2026-08-19T09:28:05.280Z
cmstkgd4h00eo20u19g7pr2kr,"Numerical Reasoning","Word Problems - Algebraic and Geometric Word Problems",AUDITED,VERIFIED,"","",2026-08-19T09:28:05.291Z
cmstkgd4h00ek20u1lholkuio,"Numerical Reasoning","Word Problems - Algebraic and Geometric Word Problems",AUDITED,VERIFIED,"","",2026-08-19T09:28:05.301Z
cmstkgd4h00em20u1mzw0cqld,"Numerical Reasoning","Word Problems - Algebraic and Geometric Word Problems",AUDITED,VERIFIED,"","",2026-08-19T09:28:05.308Z
cmstkgd4h00eh20u1pgkh62aj,"Numerical Reasoning","Word Problems - Algebraic and Geometric Word Problems",AUDITED,VERIFIED,"","",2026-08-19T09:28:05.318Z
cmstkgd4h00eg20u1g5ncdsy3,"Numerical Reasoning","Word Problems - Algebraic and Geometric Word Problems",AUDITED,VERIFIED,"","",2026-08-19T09:28:05.328Z
cmstkgd4h00ec20u1w9u796my,"Numerical Reasoning","Word Problems - Algebraic and Geometric Word Problems",AUDITED,VERIFIED,"","",2026-08-19T09:28:05.340Z
cmstkgd4h00ee20u1vo94bsp9,"Numerical Reasoning","Word Problems - Algebraic and Geometric Word Problems",AUDITED,VERIFIED,"","",2026-08-19T09:28:05.347Z
cmstkgd4h00f620u1j6zu66yg,"Analytical Reasoning","Word Analogy - Analogy Types",AUDITED,VERIFIED,"","",2026-08-19T09:28:05.354Z
cmstkgd4h00e820u144puueic,"Numerical Reasoning","Word Problems - Algebraic and Geometric Word Problems",AUDITED,VERIFIED,"","",2026-08-19T09:28:05.363Z
cmstkgd4h00f520u1q9ynrndg,"Analytical Reasoning","Word Analogy - Analogy Types",AUDITED,VERIFIED,"","",2026-08-19T09:28:05.388Z
cmstkgd4h00e520u1n2jkuidd,"Numerical Reasoning","Word Problems - Algebraic and Geometric Word Problems",AUDITED,VERIFIED,"","",2026-08-19T09:28:05.395Z
cmstkgd4h00e220u1hug7lzf5,"Numerical Reasoning","Word Problems - Algebraic and Geometric Word Problems",AUDITED,VERIFIED,"","",2026-08-19T09:28:05.403Z
cmstkgd4h00e020u1mfocaf7c,"Numerical Reasoning","Word Problems - Algebraic and Geometric Word Problems",AUDITED,VERIFIED,"","",2026-08-19T09:28:05.409Z
cmstkgd4h00dw20u1ne0sw0eu,"Numerical Reasoning","Word Problems - Algebraic and Geometric Word Problems",AUDITED,VERIFIED,"","",2026-08-19T09:28:05.415Z
cmstkgd4h00f420u10msqe7mc,"Analytical Reasoning","Word Analogy - Analogy Types",AUDITED,VERIFIED,"","",2026-08-19T09:28:05.421Z
cmstkgd4h00f320u1mza9ehqk,"Analytical Reasoning","Word Analogy - Analogy Types",AUDITED,VERIFIED,"","",2026-08-19T09:28:05.426Z
cmstkgd4h00f220u1dv2kebbm,"Analytical Reasoning","Word Analogy - Analogy Types",AUDITED,VERIFIED,"","",2026-08-19T09:28:05.430Z
cmstkgd4h00dy20u1n62hk93v,"Numerical Reasoning","Word Problems - Algebraic and Geometric Word Problems",AUDITED,VERIFIED,"","",2026-08-19T09:28:05.437Z
cmstkgd4i00gj20u1c3ptmgh3,"Analytical Reasoning","Word Analogy - Analogy Types",AUDITED,VERIFIED,"","",2026-08-19T09:28:05.442Z
cmstkgd4i00fo20u187d0eehc,"Analytical Reasoning","Word Analogy - Analogy Types",AUDITED,VERIFIED,"","",2026-08-19T09:28:05.446Z
cmstkgd4i00fa20u1c1buoq2h,"Analytical Reasoning","Word Analogy - Analogy Types",AUDITED,VERIFIED,"","",2026-08-19T09:28:05.451Z
cmstkgd4h00e320u1ql68rrfy,"Numerical Reasoning","Word Problems - Algebraic and Geometric Word Problems",AUDITED,VERIFIED,"","",2026-08-19T09:28:05.457Z
cmstkgd4h00ed20u17mm0fbin,"Numerical Reasoning","Word Problems - Algebraic and Geometric Word Problems",AUDITED,VERIFIED,"","",2026-08-19T09:28:05.461Z
cmstkgd4h00ef20u15duaa1wb,"Numerical Reasoning","Word Problems - Algebraic and Geometric Word Problems",AUDITED,VERIFIED,"","",2026-08-19T09:28:05.469Z
cmstkgd4h00ej20u16n2lob9j,"Numerical Reasoning","Word Problems - Algebraic and Geometric Word Problems",AUDITED,VERIFIED,"","",2026-08-19T09:28:05.476Z
cmstkgd4i00g520u1ekt4vofc,"Analytical Reasoning","Word Analogy - Analogy Types",AUDITED,VERIFIED,"","",2026-08-19T09:28:05.480Z
cmstkgd4h00es20u1mzjuzaid,"Analytical Reasoning","Word Analogy - Analogy Types",AUDITED,VERIFIED,"","",2026-08-19T09:28:05.485Z
cmstkgd4h00ep20u1fhoqb6su,"Numerical Reasoning","Word Problems - Algebraic and Geometric Word Problems",AUDITED,VERIFIED,"","",2026-08-19T09:28:05.492Z
cmstkgd4h00f720u1a7b645m1,"Analytical Reasoning","Word Analogy - Analogy Types",AUDITED,VERIFIED,"","",2026-08-19T09:28:05.496Z
cmstkgd4h00f820u1uph96okw,"Analytical Reasoning","Word Analogy - Analogy Types",AUDITED,VERIFIED,"","",2026-08-19T09:28:05.502Z
cmstkgd4h00e120u1fkal69ae,"Numerical Reasoning","Word Problems - Algebraic and Geometric Word Problems",AUDITED,VERIFIED,"","",2026-08-19T09:28:05.510Z
cmstkgd4h00f920u164hfnaz7,"Analytical Reasoning","Word Analogy - Analogy Types",AUDITED,VERIFIED,"","",2026-08-19T09:28:05.514Z
cmstkgd4h00ew20u1bj4ya1ar,"Analytical Reasoning","Word Analogy - Analogy Types",AUDITED,VERIFIED,"","",2026-08-19T09:28:05.521Z
cmstkgd4i00gn20u1vocaxbgm,"Analytical Reasoning","Word Analogy - Analogy Types",AUDITED,VERIFIED,"","",2026-08-19T09:28:05.526Z
cmstkgd4h00e720u1kp1v2miz,"Numerical Reasoning","Word Problems - Algebraic and Geometric Word Problems",AUDITED,VERIFIED,"","",2026-08-19T09:28:05.532Z
cmstkgd4i00gc20u1php5c0az,"Analytical Reasoning","Word Analogy - Analogy Types",AUDITED,VERIFIED,"","",2026-08-19T09:28:05.538Z
cmstkgd4i00ga20u12lv4z0u2,"Analytical Reasoning","Word Analogy - Analogy Types",AUDITED,VERIFIED,"","",2026-08-19T09:28:05.542Z
cmstkgd4i00gf20u1u5pxg30l,"Analytical Reasoning","Word Analogy - Analogy Types",AUDITED,VERIFIED,"","",2026-08-19T09:28:05.546Z
cmstkgd4i00fe20u1138ux751,"Analytical Reasoning","Word Analogy - Analogy Types",AUDITED,VERIFIED,"","",2026-08-19T09:28:05.552Z
cmstkgd4i00fy20u19nh3nf4b,"Analytical Reasoning","Word Analogy - Analogy Types",AUDITED,VERIFIED,"","",2026-08-19T09:28:05.556Z
cmstkgd4i00fu20u1vsv00cbo,"Analytical Reasoning","Word Analogy - Analogy Types",AUDITED,VERIFIED,"","",2026-08-19T09:28:05.560Z
cmstkgd4i00fm20u1rlh2lzhm,"Analytical Reasoning","Word Analogy - Analogy Types",AUDITED,VERIFIED,"","",2026-08-19T09:28:05.565Z
cmstkgd4i00fi20u1mq0yvlwl,"Analytical Reasoning","Word Analogy - Analogy Types",AUDITED,VERIFIED,"","",2026-08-19T09:28:05.570Z
cmstkgd4h00ez20u1zyx0aku5,"Analytical Reasoning","Word Analogy - Analogy Types",AUDITED,VERIFIED,"","",2026-08-19T09:28:05.574Z
cmstkgd4h00er20u1leix7ncb,"Analytical Reasoning","Word Analogy - Analogy Types",AUDITED,VERIFIED,"","",2026-08-19T09:28:05.578Z
cmstkgd4i00fq20u1fwq3z9co,"Analytical Reasoning","Word Analogy - Analogy Types",AUDITED,VERIFIED,"","",2026-08-19T09:28:05.583Z
cmstkgd4h00eu20u11668nok6,"Analytical Reasoning","Word Analogy - Analogy Types",AUDITED,VERIFIED,"","",2026-08-19T09:28:05.588Z
cmstkgd4i00g220u1aa89di4m,"Analytical Reasoning","Word Analogy - Analogy Types",AUDITED,VERIFIED,"","",2026-08-19T09:28:05.592Z
cmstkgd4h00en20u10vgowlo2,"Numerical Reasoning","Word Problems - Algebraic and Geometric Word Problems",AUDITED,VERIFIED,"","",2026-08-19T09:28:05.599Z
cmstkgd4h00eb20u1fjvcvaqe,"Numerical Reasoning","Word Problems - Algebraic and Geometric Word Problems",AUDITED,VERIFIED,"","",2026-08-19T09:28:05.606Z
cmstkgd4h00e920u1moje57d6,"Numerical Reasoning","Word Problems - Algebraic and Geometric Word Problems",AUDITED,VERIFIED,"","",2026-08-19T09:28:05.611Z
cmstkgd4h00e620u1dlji3n4o,"Numerical Reasoning","Word Problems - Algebraic and Geometric Word Problems",AUDITED,VERIFIED,"","",2026-08-19T09:28:05.619Z
cmstkgd4h00ea20u1oyeqbelx,"Numerical Reasoning","Word Problems - Algebraic and Geometric Word Problems",AUDITED,VERIFIED,"","",2026-08-19T09:28:05.626Z
cmstkgd4h00ei20u1to4p3oci,"Numerical Reasoning","Word Problems - Algebraic and Geometric Word Problems",AUDITED,VERIFIED,"","",2026-08-19T09:28:05.634Z
cmstkgd4h00dz20u1ifbxgj74,"Numerical Reasoning","Word Problems - Algebraic and Geometric Word Problems",AUDITED,VERIFIED,"","",2026-08-19T09:28:05.640Z
cmstkgd4h00dx20u162kqbb58,"Numerical Reasoning","Word Problems - Algebraic and Geometric Word Problems",AUDITED,VERIFIED,"","",2026-08-19T09:28:05.647Z
cmstkgd4i00g620u1azrbntx5,"Analytical Reasoning","Word Analogy - Analogy Types",AUDITED,VERIFIED,"","",2026-08-19T09:28:05.652Z
cmstkgd4h00el20u1s8jra76f,"Numerical Reasoning","Word Problems - Algebraic and Geometric Word Problems",AUDITED,VERIFIED,"","",2026-08-19T09:28:05.659Z
cmstkgd4h00e420u1o7st688r,"Numerical Reasoning","Word Problems - Algebraic and Geometric Word Problems",AUDITED,VERIFIED,"","",2026-08-19T09:28:05.666Z
cmstkgdbk00ik20u1vq74jni7,"Analytical Reasoning","Word Analogy - Analogy Types",AUDITED,VERIFIED,"","",2026-08-19T09:28:05.763Z
cmstkgdbk00ir20u1ghgx28k8,"Analytical Reasoning","Word Analogy - Analogy Types",AUDITED,VERIFIED,"","",2026-08-19T09:28:05.768Z
cmstkgdbj00hc20u1d3ugrr1b,"Analytical Reasoning","Word Analogy - Analogy Types",AUDITED,VERIFIED,"","",2026-08-19T09:28:05.772Z
cmstkgdbj00h020u1midx7r0d,"Analytical Reasoning","Word Analogy - Analogy Types",AUDITED,VERIFIED,"","",2026-08-19T09:28:05.777Z
cmstkgdbj00h620u1dysq5imz,"Analytical Reasoning","Word Analogy - Analogy Types",AUDITED,VERIFIED,"","",2026-08-19T09:28:05.781Z
cmstkgdbk00jd20u1kl05b75m,"Analytical Reasoning","Symbolic Logic Abstract Reasoning - Logic Reasoning Types",AUDITED,VERIFIED,"","",2026-08-19T09:28:05.789Z
cmstkgdbk00j820u1r2em50dv,"Analytical Reasoning","Word Analogy - Analogy Types",AUDITED,VERIFIED,"","",2026-08-19T09:28:05.793Z
cmstkgdbk00j220u1g96d77rc,"Analytical Reasoning","Word Analogy - Analogy Types",AUDITED,VERIFIED,"","",2026-08-19T09:28:05.799Z
cmstkgdbj00he20u1s5pzbsrg,"Analytical Reasoning","Word Analogy - Analogy Types",AUDITED,VERIFIED,"","",2026-08-19T09:28:05.804Z
cmstkgdbk00io20u1kjk6jibh,"Analytical Reasoning","Word Analogy - Analogy Types",AUDITED,VERIFIED,"","",2026-08-19T09:28:05.809Z
cmstkgdbk00is20u1a3ls3fqn,"Analytical Reasoning","Word Analogy - Analogy Types",AUDITED,VERIFIED,"","",2026-08-19T09:28:05.813Z
cmstkgdbj00i320u16lfku1jv,"Analytical Reasoning","Word Analogy - Analogy Types",AUDITED,VERIFIED,"","",2026-08-19T09:28:05.819Z
cmstkgdbk00ig20u1vljlaxhn,"Analytical Reasoning","Word Analogy - Analogy Types",AUDITED,VERIFIED,"","",2026-08-19T09:28:05.824Z
cmstkgdbj00hi20u12uba77ya,"Analytical Reasoning","Word Analogy - Analogy Types",AUDITED,VERIFIED,"","",2026-08-19T09:28:05.829Z
cmstkgdbk00ia20u1tr77mi11,"Analytical Reasoning","Word Analogy - Analogy Types",AUDITED,VERIFIED,"","",2026-08-19T09:28:05.834Z
cmstkgdbk00i820u1mj09vi0m,"Analytical Reasoning","Word Analogy - Analogy Types",AUDITED,VERIFIED,"","",2026-08-19T09:28:05.839Z
cmstkgdbj00hv20u1chmbd0qg,"Analytical Reasoning","Word Analogy - Analogy Types",AUDITED,VERIFIED,"","",2026-08-19T09:28:05.843Z
cmstkgdbj00i420u1koflz0et,"Analytical Reasoning","Word Analogy - Analogy Types",AUDITED,VERIFIED,"","",2026-08-19T09:28:05.848Z
cmstkgdbj00i020u1ahybjx36,"Analytical Reasoning","Word Analogy - Analogy Types",AUDITED,VERIFIED,"","",2026-08-19T09:28:05.853Z
cmstkgdbj00h720u14i7e1nld,"Analytical Reasoning","Word Analogy - Analogy Types",AUDITED,VERIFIED,"","",2026-08-19T09:28:05.857Z
cmstkgdbk00id20u1cktqjzcf,"Analytical Reasoning","Word Analogy - Analogy Types",AUDITED,VERIFIED,"","",2026-08-19T09:28:05.861Z
cmstkgdbj00ho20u1jsp5z9hm,"Analytical Reasoning","Word Analogy - Analogy Types",AUDITED,VERIFIED,"","",2026-08-19T09:28:05.866Z
cmstkgdbk00iy20u158qlswsn,"Analytical Reasoning","Word Analogy - Analogy Types",AUDITED,VERIFIED,"","",2026-08-19T09:28:05.872Z
cmstkgdbj00h920u1exgcng3p,"Analytical Reasoning","Word Analogy - Analogy Types",AUDITED,VERIFIED,"","",2026-08-19T09:28:05.878Z
cmstkgdbk00j720u1yl530p1z,"Analytical Reasoning","Word Analogy - Analogy Types",AUDITED,VERIFIED,"","",2026-08-19T09:28:05.882Z
cmstkgdbj00gt20u1bwazmxmf,"Analytical Reasoning","Word Analogy - Analogy Types",AUDITED,VERIFIED,"","",2026-08-19T09:28:05.888Z
cmstkgdbj00gr20u14kjsrh7n,"Analytical Reasoning","Word Analogy - Analogy Types",AUDITED,VERIFIED,"","",2026-08-19T09:28:05.893Z
cmstkgdbk00j420u122y08rcl,"Analytical Reasoning","Word Analogy - Analogy Types",AUDITED,VERIFIED,"","",2026-08-19T09:28:05.898Z
cmstkgdbk00iw20u1l6hywle4,"Analytical Reasoning","Word Analogy - Analogy Types",AUDITED,VERIFIED,"","",2026-08-19T09:28:05.903Z
cmstkgdbj00h420u12kkzxryg,"Analytical Reasoning","Word Analogy - Analogy Types",AUDITED,VERIFIED,"","",2026-08-19T09:28:05.907Z
cmstkgdbj00gv20u11ulrbhv4,"Analytical Reasoning","Word Analogy - Analogy Types",AUDITED,VERIFIED,"","",2026-08-19T09:28:05.912Z
cmstkgdbk00if20u1bdkp7rlw,"Analytical Reasoning","Word Analogy - Analogy Types",AUDITED,VERIFIED,"","",2026-08-19T09:28:05.917Z
cmstkgdbk00in20u1rfjfx9bb,"Analytical Reasoning","Word Analogy - Analogy Types",AUDITED,VERIFIED,"","",2026-08-19T09:28:05.922Z
cmstkgdbk00j020u1ij03asm4,"Analytical Reasoning","Word Analogy - Analogy Types",AUDITED,VERIFIED,"","",2026-08-19T09:28:05.926Z
cmstkgdbk00ii20u1e081g89p,"Analytical Reasoning","Word Analogy - Analogy Types",AUDITED,VERIFIED,"","",2026-08-19T09:28:05.931Z
cmstkgdbj00hm20u11sc3jtk3,"Analytical Reasoning","Word Analogy - Analogy Types",AUDITED,VERIFIED,"","",2026-08-19T09:28:05.936Z
cmstkgdbj00hg20u1inhkkuim,"Analytical Reasoning","Word Analogy - Analogy Types",AUDITED,VERIFIED,"","",2026-08-19T09:28:05.941Z
cmstkgdbj00h220u16n08ektq,"Analytical Reasoning","Word Analogy - Analogy Types",AUDITED,VERIFIED,"","",2026-08-19T09:28:05.945Z
cmstkgdbj00gw20u16swwrfo8,"Analytical Reasoning","Word Analogy - Analogy Types",AUDITED,VERIFIED,"","",2026-08-19T09:28:05.950Z
cmstkgdbk00ic20u1o56zuv6z,"Analytical Reasoning","Word Analogy - Analogy Types",AUDITED,VERIFIED,"","",2026-08-19T09:28:05.955Z
cmstkgdbk00i720u1ktmxvjp7,"Analytical Reasoning","Word Analogy - Analogy Types",AUDITED,VERIFIED,"","",2026-08-19T09:28:05.959Z
cmstkgdbj00hq20u1cizt1jmb,"Analytical Reasoning","Word Analogy - Analogy Types",AUDITED,VERIFIED,"","",2026-08-19T09:28:05.964Z
cmstkgdbi00gp20u17rtkhm54,"Analytical Reasoning","Word Analogy - Analogy Types",AUDITED,VERIFIED,"","",2026-08-19T09:28:05.969Z
cmstkgdbi00go20u1n0sfa3kx,"Analytical Reasoning","Word Analogy - Analogy Types",AUDITED,VERIFIED,"","",2026-08-19T09:28:05.974Z
cmstkgdbj00gq20u1pbcwnvxb,"Analytical Reasoning","Word Analogy - Analogy Types",AUDITED,VERIFIED,"","",2026-08-19T09:28:05.978Z
cmstkgdbj00gs20u1txptdv6g,"Analytical Reasoning","Word Analogy - Analogy Types",AUDITED,VERIFIED,"","",2026-08-19T09:28:05.984Z
cmstkgdbj00gu20u1gl50m9a5,"Analytical Reasoning","Word Analogy - Analogy Types",AUDITED,VERIFIED,"","",2026-08-19T09:28:05.989Z
cmstkgdbj00gy20u12eq4akuf,"Analytical Reasoning","Word Analogy - Analogy Types",AUDITED,VERIFIED,"","",2026-08-19T09:28:05.994Z
cmstkgdbj00gz20u1i0y4vn5q,"Analytical Reasoning","Word Analogy - Analogy Types",AUDITED,VERIFIED,"","",2026-08-19T09:28:05.998Z
cmstkgdbj00gx20u19b3cg68o,"Analytical Reasoning","Word Analogy - Analogy Types",AUDITED,VERIFIED,"","",2026-08-19T09:28:06.004Z
cmstkgdbj00h120u19yna7sk8,"Analytical Reasoning","Word Analogy - Analogy Types",AUDITED,VERIFIED,"","",2026-08-19T09:28:06.008Z
cmstkgdbj00h320u1xgtvu3vn,"Analytical Reasoning","Word Analogy - Analogy Types",AUDITED,VERIFIED,"","",2026-08-19T09:28:06.013Z
cmstkgdbj00h520u1c1bgrcc3,"Analytical Reasoning","Word Analogy - Analogy Types",AUDITED,VERIFIED,"","",2026-08-19T09:28:06.018Z
cmstkgdbj00h820u1cr718oua,"Analytical Reasoning","Word Analogy - Analogy Types",AUDITED,VERIFIED,"","",2026-08-19T09:28:06.023Z
cmstkgdbj00hd20u1jlkuy28n,"Analytical Reasoning","Word Analogy - Analogy Types",AUDITED,VERIFIED,"","",2026-08-19T09:28:06.027Z
cmstkgdbj00hb20u187f63b6g,"Analytical Reasoning","Word Analogy - Analogy Types",AUDITED,VERIFIED,"","",2026-08-19T09:28:06.032Z
cmstkgdbj00ha20u1ylbb55lh,"Analytical Reasoning","Word Analogy - Analogy Types",AUDITED,VERIFIED,"","",2026-08-19T09:28:06.038Z
cmstkgdbj00hf20u114txbgto,"Analytical Reasoning","Word Analogy - Analogy Types",AUDITED,VERIFIED,"","",2026-08-19T09:28:06.042Z
cmstkgdbj00hh20u1nedg3xhg,"Analytical Reasoning","Word Analogy - Analogy Types",AUDITED,VERIFIED,"","",2026-08-19T09:28:06.047Z
cmstkgdbj00hk20u18sqkerng,"Analytical Reasoning","Word Analogy - Analogy Types",AUDITED,VERIFIED,"","",2026-08-19T09:28:06.053Z
cmstkgdbj00hl20u1ve5bvb0d,"Analytical Reasoning","Word Analogy - Analogy Types",AUDITED,VERIFIED,"","",2026-08-19T09:28:06.057Z
cmstkgdbj00hj20u1f2mtmez0,"Analytical Reasoning","Word Analogy - Analogy Types",AUDITED,VERIFIED,"","",2026-08-19T09:28:06.063Z
cmstkgdbj00hn20u1do8361sv,"Analytical Reasoning","Word Analogy - Analogy Types",AUDITED,VERIFIED,"","",2026-08-19T09:28:06.068Z
cmstkgdbj00hp20u1emxcvyze,"Analytical Reasoning","Word Analogy - Analogy Types",AUDITED,VERIFIED,"","",2026-08-19T09:28:06.073Z
cmstkgdbj00hs20u181d7q64b,"Analytical Reasoning","Word Analogy - Analogy Types",AUDITED,VERIFIED,"","",2026-08-19T09:28:06.077Z
cmstkgdbj00ht20u1q5gpc4gx,"Analytical Reasoning","Word Analogy - Analogy Types",AUDITED,VERIFIED,"","",2026-08-19T09:28:06.081Z
cmstkgdbj00hr20u1hrrazsbw,"Analytical Reasoning","Word Analogy - Analogy Types",AUDITED,VERIFIED,"","",2026-08-19T09:28:06.087Z
cmstkgdbj00hx20u1lg9ph86p,"Analytical Reasoning","Word Analogy - Analogy Types",AUDITED,VERIFIED,"","",2026-08-19T09:28:06.091Z
cmstkgdbj00hw20u1qjlqvzhb,"Analytical Reasoning","Word Analogy - Analogy Types",AUDITED,VERIFIED,"","",2026-08-19T09:28:06.095Z
cmstkgdbj00i120u1mszvd5rc,"Analytical Reasoning","Word Analogy - Analogy Types",AUDITED,VERIFIED,"","",2026-08-19T09:28:06.100Z
cmstkgdbk00i620u1r6dkymvi,"Analytical Reasoning","Word Analogy - Analogy Types",AUDITED,VERIFIED,"","",2026-08-19T09:28:06.105Z
cmstkgdbk00i920u1lj7ofi61,"Analytical Reasoning","Word Analogy - Analogy Types",AUDITED,VERIFIED,"","",2026-08-19T09:28:06.110Z
cmstkgdbk00ib20u1qznm3ahs,"Analytical Reasoning","Word Analogy - Analogy Types",AUDITED,VERIFIED,"","",2026-08-19T09:28:06.114Z
cmstkgdbk00ie20u1fs4r42go,"Analytical Reasoning","Word Analogy - Analogy Types",AUDITED,VERIFIED,"","",2026-08-19T09:28:06.121Z
cmstkgdbk00ih20u12meb98ab,"Analytical Reasoning","Word Analogy - Analogy Types",AUDITED,VERIFIED,"","",2026-08-19T09:28:06.125Z
cmstkgdbk00ij20u1nqcoobcg,"Analytical Reasoning","Word Analogy - Analogy Types",AUDITED,VERIFIED,"","",2026-08-19T09:28:06.129Z
cmstkgdbk00il20u1kod3xltt,"Analytical Reasoning","Word Analogy - Analogy Types",AUDITED,VERIFIED,"","",2026-08-19T09:28:06.133Z
cmstkgdbk00im20u1cxr1vqbp,"Analytical Reasoning","Word Analogy - Analogy Types",AUDITED,VERIFIED,"","",2026-08-19T09:28:06.139Z
cmstkgdbk00iq20u1mtagrz59,"Analytical Reasoning","Word Analogy - Analogy Types",AUDITED,VERIFIED,"","",2026-08-19T09:28:06.143Z
cmstkgdbk00ip20u1ie0n586q,"Analytical Reasoning","Word Analogy - Analogy Types",AUDITED,VERIFIED,"","",2026-08-19T09:28:06.147Z
cmstkgdbk00iu20u1pxlhnjee,"Analytical Reasoning","Word Analogy - Analogy Types",AUDITED,VERIFIED,"","",2026-08-19T09:28:06.152Z
cmstkgdbk00it20u1aiguzeh9,"Analytical Reasoning","Word Analogy - Analogy Types",AUDITED,VERIFIED,"","",2026-08-19T09:28:06.157Z
cmstkgdbk00iv20u1ao5vk7vi,"Analytical Reasoning","Word Analogy - Analogy Types",AUDITED,VERIFIED,"","",2026-08-19T09:28:06.161Z
cmstkgdbk00iz20u1g4fojy8s,"Analytical Reasoning","Word Analogy - Analogy Types",AUDITED,VERIFIED,"","",2026-08-19T09:28:06.167Z
cmstkgdbk00ix20u131vxadp0,"Analytical Reasoning","Word Analogy - Analogy Types",AUDITED,VERIFIED,"","",2026-08-19T09:28:06.173Z
cmstkgdbk00j120u1xzw1j7yw,"Analytical Reasoning","Word Analogy - Analogy Types",AUDITED,VERIFIED,"","",2026-08-19T09:28:06.177Z
cmstkgdbk00j320u19uk4gd72,"Analytical Reasoning","Word Analogy - Analogy Types",AUDITED,VERIFIED,"","",2026-08-19T09:28:06.181Z
cmstkgdbk00j520u1baaa5ek2,"Analytical Reasoning","Word Analogy - Analogy Types",AUDITED,VERIFIED,"","",2026-08-19T09:28:06.187Z
cmstkgdbk00j620u1qssvvqso,"Analytical Reasoning","Word Analogy - Analogy Types",AUDITED,VERIFIED,"","",2026-08-19T09:28:06.192Z
cmstkgdbk00ja20u1ui4eqx1l,"Analytical Reasoning","Word Analogy - Analogy Types",AUDITED,VERIFIED,"","",2026-08-19T09:28:06.197Z
cmstkgdbk00jb20u14a6okxz7,"Analytical Reasoning","Symbolic Logic Abstract Reasoning - Logic Reasoning Types",AUDITED,VERIFIED,"","",2026-08-19T09:28:06.207Z
cmstkgdbk00j920u1rcbk5vo2,"Analytical Reasoning","Word Analogy - Analogy Types",AUDITED,VERIFIED,"","",2026-08-19T09:28:06.212Z
cmstkgdbk00jf20u1x26rjvuj,"Analytical Reasoning","Symbolic Logic Abstract Reasoning - Logic Reasoning Types",AUDITED,VERIFIED,"","",2026-08-19T09:28:06.219Z
cmstkgdi700jh20u12iy8deou,"Analytical Reasoning","Symbolic Logic Abstract Reasoning - Logic Reasoning Types",AUDITED,VERIFIED,"","",2026-08-19T09:28:06.226Z
cmstkgdi700jk20u11812ok6g,"Analytical Reasoning","Symbolic Logic Abstract Reasoning - Logic Reasoning Types",AUDITED,VERIFIED,"","",2026-08-19T09:28:06.235Z
cmstkgdi700jm20u1goonotoi,"Analytical Reasoning","Symbolic Logic Abstract Reasoning - Logic Reasoning Types",AUDITED,VERIFIED,"","",2026-08-19T09:28:06.242Z
cmstkgdi700jq20u151h9noch,"Analytical Reasoning","Symbolic Logic Abstract Reasoning - Logic Reasoning Types",AUDITED,VERIFIED,"","",2026-08-19T09:28:06.249Z
cmstkgdi700jo20u1aq9xvez0,"Analytical Reasoning","Symbolic Logic Abstract Reasoning - Logic Reasoning Types",AUDITED,VERIFIED,"","",2026-08-19T09:28:06.258Z
cmstkgdi700ju20u1fcqvzwhi,"Analytical Reasoning","Symbolic Logic Abstract Reasoning - Logic Reasoning Types",AUDITED,VERIFIED,"","",2026-08-19T09:28:06.265Z
cmstkgdi700jt20u1b9t40zr5,"Analytical Reasoning","Symbolic Logic Abstract Reasoning - Logic Reasoning Types",AUDITED,VERIFIED,"","",2026-08-19T09:28:06.273Z
cmstkgdi700k020u1vl43zscs,"Analytical Reasoning","Symbolic Logic Abstract Reasoning - Logic Reasoning Types",AUDITED,VERIFIED,"","",2026-08-19T09:28:06.371Z
cmstkgdi700k420u1ylu49l73,"Analytical Reasoning","Symbolic Logic Abstract Reasoning - Logic Reasoning Types",AUDITED,VERIFIED,"","",2026-08-19T09:28:06.378Z
cmstkgdi700k220u1n0hhxjcy,"Analytical Reasoning","Symbolic Logic Abstract Reasoning - Logic Reasoning Types",AUDITED,VERIFIED,"","",2026-08-19T09:28:06.385Z
cmstkgdi700k320u1bib9gz9l,"Analytical Reasoning","Symbolic Logic Abstract Reasoning - Logic Reasoning Types",AUDITED,VERIFIED,"","",2026-08-19T09:28:06.393Z
cmstkgdi800k620u15ebt1jql,"Analytical Reasoning","Symbolic Logic Abstract Reasoning - Logic Reasoning Types",AUDITED,VERIFIED,"","",2026-08-19T09:28:06.402Z
cmstkgdi800k820u1s7z7c8r0,"Analytical Reasoning","Symbolic Logic Abstract Reasoning - Logic Reasoning Types",AUDITED,VERIFIED,"","",2026-08-19T09:28:06.409Z
cmstkgdi800kd20u1h2yp1nl3,"Analytical Reasoning","Symbolic Logic Abstract Reasoning - Logic Reasoning Types",AUDITED,VERIFIED,"","",2026-08-19T09:28:06.417Z
cmstkgdi800kg20u1at2nppnx,"Analytical Reasoning","Symbolic Logic Abstract Reasoning - Logic Reasoning Types",AUDITED,VERIFIED,"","",2026-08-19T09:28:06.425Z
cmstkgdi900lo20u12s33kjhf,"Analytical Reasoning","Symbolic Logic Abstract Reasoning - Logic Reasoning Types",AUDITED,VERIFIED,"","",2026-08-19T09:28:06.433Z
cmstkgdi800kl20u15kn0splc,"Analytical Reasoning","Symbolic Logic Abstract Reasoning - Logic Reasoning Types",AUDITED,VERIFIED,"","",2026-08-19T09:28:06.442Z
cmstkgdi800kq20u1bfttq2ax,"Analytical Reasoning","Symbolic Logic Abstract Reasoning - Logic Reasoning Types",AUDITED,VERIFIED,"","",2026-08-19T09:28:06.450Z
cmstkgdi800ko20u1des5810b,"Analytical Reasoning","Symbolic Logic Abstract Reasoning - Logic Reasoning Types",AUDITED,VERIFIED,"","",2026-08-19T09:28:06.458Z
cmstkgdi800kv20u1lc47360w,"Analytical Reasoning","Symbolic Logic Abstract Reasoning - Logic Reasoning Types",AUDITED,VERIFIED,"","",2026-08-19T09:28:06.464Z
cmstkgdi800kx20u1abg3a86r,"Analytical Reasoning","Symbolic Logic Abstract Reasoning - Logic Reasoning Types",AUDITED,VERIFIED,"","",2026-08-19T09:28:06.473Z
cmstkgdi900l020u1z47x6nm5,"Analytical Reasoning","Symbolic Logic Abstract Reasoning - Logic Reasoning Types",AUDITED,VERIFIED,"","",2026-08-19T09:28:06.480Z
cmstkgdi900l420u1tbugofov,"Analytical Reasoning","Symbolic Logic Abstract Reasoning - Logic Reasoning Types",AUDITED,VERIFIED,"","",2026-08-19T09:28:06.488Z
cmstkgdi900l520u1wuuqd9vu,"Analytical Reasoning","Symbolic Logic Abstract Reasoning - Logic Reasoning Types",AUDITED,VERIFIED,"","",2026-08-19T09:28:06.494Z
cmstkgdi900lc20u18bwcloj8,"Analytical Reasoning","Symbolic Logic Abstract Reasoning - Logic Reasoning Types",AUDITED,VERIFIED,"","",2026-08-19T09:28:06.502Z
cmstkgdi900ld20u1td3dda6c,"Analytical Reasoning","Symbolic Logic Abstract Reasoning - Logic Reasoning Types",AUDITED,VERIFIED,"","",2026-08-19T09:28:06.511Z
cmstkgdi900ll20u1yh17u3ey,"Analytical Reasoning","Symbolic Logic Abstract Reasoning - Logic Reasoning Types",AUDITED,VERIFIED,"","",2026-08-19T09:28:06.518Z
cmstkgdi900lr20u1dohnepu3,"Analytical Reasoning","Symbolic Logic Abstract Reasoning - Logic Reasoning Types",AUDITED,VERIFIED,"","",2026-08-19T09:28:06.526Z
cmstkgdia00lt20u1yfyegh4r,"Analytical Reasoning","Symbolic Logic Abstract Reasoning - Logic Reasoning Types",AUDITED,VERIFIED,"","",2026-08-19T09:28:06.534Z
cmstkgdia00m020u1z7pdf7nw,"Analytical Reasoning","Symbolic Logic Abstract Reasoning - Logic Reasoning Types",AUDITED,VERIFIED,"","",2026-08-19T09:28:06.542Z
cmstkgdia00m320u1da9g1p7s,"Analytical Reasoning","Symbolic Logic Abstract Reasoning - Logic Reasoning Types",AUDITED,MANUAL_REVIEW,"DUPLICATE_CHOICES","",2026-08-19T09:28:06.550Z
cmstkgdi800kf20u1avrwpgjj,"Analytical Reasoning","Symbolic Logic Abstract Reasoning - Logic Reasoning Types",AUDITED,VERIFIED,"","",2026-08-19T09:28:06.559Z
cmstkgdi900l920u1tztajnff,"Analytical Reasoning","Symbolic Logic Abstract Reasoning - Logic Reasoning Types",AUDITED,VERIFIED,"","",2026-08-19T09:28:06.566Z
cmstkgdi800kh20u1la6dkbkt,"Analytical Reasoning","Symbolic Logic Abstract Reasoning - Logic Reasoning Types",AUDITED,VERIFIED,"","",2026-08-19T09:28:06.574Z
cmstkgdi800ke20u16kwy6fka,"Analytical Reasoning","Symbolic Logic Abstract Reasoning - Logic Reasoning Types",AUDITED,VERIFIED,"","",2026-08-19T09:28:06.582Z
cmstkgdi700jr20u1gfxf0652,"Analytical Reasoning","Symbolic Logic Abstract Reasoning - Logic Reasoning Types",AUDITED,MANUAL_REVIEW,"DUPLICATE_CHOICES","",2026-08-19T09:28:06.590Z
cmstkgdi700jw20u1c0878y1v,"Analytical Reasoning","Symbolic Logic Abstract Reasoning - Logic Reasoning Types",AUDITED,VERIFIED,"","",2026-08-19T09:28:06.597Z
cmstkgdi900ln20u1lxujbdwg,"Analytical Reasoning","Symbolic Logic Abstract Reasoning - Logic Reasoning Types",AUDITED,VERIFIED,"","",2026-08-19T09:28:06.606Z
cmstkgdi700jl20u1sh2rbvk9,"Analytical Reasoning","Symbolic Logic Abstract Reasoning - Logic Reasoning Types",AUDITED,VERIFIED,"","",2026-08-19T09:28:06.613Z
cmstkgdi900lh20u166joauf0,"Analytical Reasoning","Symbolic Logic Abstract Reasoning - Logic Reasoning Types",AUDITED,VERIFIED,"","",2026-08-19T09:28:06.621Z
cmstkgdi900l720u1bjps4xpz,"Analytical Reasoning","Symbolic Logic Abstract Reasoning - Logic Reasoning Types",AUDITED,VERIFIED,"","",2026-08-19T09:28:06.628Z
cmstkgdi900lj20u1rg5p35t4,"Analytical Reasoning","Symbolic Logic Abstract Reasoning - Logic Reasoning Types",AUDITED,VERIFIED,"","",2026-08-19T09:28:06.637Z
cmstkgdia00m620u1vgzj8l6z,"Analytical Reasoning","Symbolic Logic Abstract Reasoning - Logic Reasoning Types",AUDITED,VERIFIED,"","",2026-08-19T09:28:06.645Z
cmstkgdia00ly20u10zqkz3br,"Analytical Reasoning","Symbolic Logic Abstract Reasoning - Logic Reasoning Types",AUDITED,VERIFIED,"","",2026-08-19T09:28:06.654Z
cmstkgdi800kr20u192c0soq2,"Analytical Reasoning","Symbolic Logic Abstract Reasoning - Logic Reasoning Types",AUDITED,VERIFIED,"","",2026-08-19T09:28:06.663Z
cmstkgdi800kj20u1fdp3yona,"Analytical Reasoning","Symbolic Logic Abstract Reasoning - Logic Reasoning Types",AUDITED,VERIFIED,"","",2026-08-19T09:28:06.671Z
cmstkgdia00m520u1gj7snmpv,"Analytical Reasoning","Symbolic Logic Abstract Reasoning - Logic Reasoning Types",AUDITED,VERIFIED,"","",2026-08-19T09:28:06.678Z
cmstkgdia00m720u1ng4c956l,"Analytical Reasoning","Symbolic Logic Abstract Reasoning - Logic Reasoning Types",AUDITED,VERIFIED,"","",2026-08-19T09:28:06.687Z
cmstkgdi900ls20u11jkgb71f,"Analytical Reasoning","Symbolic Logic Abstract Reasoning - Logic Reasoning Types",AUDITED,VERIFIED,"","",2026-08-19T09:28:06.695Z
cmstkgdia00m220u1hf1qx3fs,"Analytical Reasoning","Symbolic Logic Abstract Reasoning - Logic Reasoning Types",AUDITED,MANUAL_REVIEW,"DUPLICATE_CHOICES","",2026-08-19T09:28:06.705Z
cmstkgdi800k720u1j3elib5s,"Analytical Reasoning","Symbolic Logic Abstract Reasoning - Logic Reasoning Types",AUDITED,VERIFIED,"","",2026-08-19T09:28:06.713Z
cmstkgdi800kw20u1shmabmiz,"Analytical Reasoning","Symbolic Logic Abstract Reasoning - Logic Reasoning Types",AUDITED,VERIFIED,"","",2026-08-19T09:28:06.722Z
cmstkgdi700jn20u1spcsoggb,"Analytical Reasoning","Symbolic Logic Abstract Reasoning - Logic Reasoning Types",AUDITED,VERIFIED,"","",2026-08-19T09:28:06.729Z
cmstkgdia00m420u1lreodcd7,"Analytical Reasoning","Symbolic Logic Abstract Reasoning - Logic Reasoning Types",AUDITED,VERIFIED,"","",2026-08-19T09:28:06.739Z
cmstkgdi700jp20u1ccl327ra,"Analytical Reasoning","Symbolic Logic Abstract Reasoning - Logic Reasoning Types",AUDITED,VERIFIED,"","",2026-08-19T09:28:06.746Z
cmstkgdi700jz20u1kcozt91e,"Analytical Reasoning","Symbolic Logic Abstract Reasoning - Logic Reasoning Types",AUDITED,VERIFIED,"","",2026-08-19T09:28:06.755Z
cmstkgdi700k120u1ah9u0xcg,"Analytical Reasoning","Symbolic Logic Abstract Reasoning - Logic Reasoning Types",AUDITED,VERIFIED,"","",2026-08-19T09:28:06.762Z
cmstkgdi700k520u1vc0p0dnd,"Analytical Reasoning","Symbolic Logic Abstract Reasoning - Logic Reasoning Types",AUDITED,VERIFIED,"","",2026-08-19T09:28:06.770Z
cmstkgdi800ka20u1jou1p0pf,"Analytical Reasoning","Symbolic Logic Abstract Reasoning - Logic Reasoning Types",AUDITED,VERIFIED,"","",2026-08-19T09:28:06.779Z
cmstkgdi800kb20u18w036guk,"Analytical Reasoning","Symbolic Logic Abstract Reasoning - Logic Reasoning Types",AUDITED,VERIFIED,"","",2026-08-19T09:28:06.788Z
cmstkgdi900lq20u1e1jy7jok,"Analytical Reasoning","Symbolic Logic Abstract Reasoning - Logic Reasoning Types",AUDITED,VERIFIED,"","",2026-08-19T09:28:06.796Z
cmstkgdi800ki20u1vkocukdr,"Analytical Reasoning","Symbolic Logic Abstract Reasoning - Logic Reasoning Types",AUDITED,VERIFIED,"","",2026-08-19T09:28:06.804Z
cmstkgdi800kp20u15jwkngzq,"Analytical Reasoning","Symbolic Logic Abstract Reasoning - Logic Reasoning Types",AUDITED,VERIFIED,"","",2026-08-19T09:28:06.811Z
cmstkgdi800ku20u163muyrvl,"Analytical Reasoning","Symbolic Logic Abstract Reasoning - Logic Reasoning Types",AUDITED,VERIFIED,"","",2026-08-19T09:28:06.820Z
cmstkgdi900l120u1qrziu68e,"Analytical Reasoning","Symbolic Logic Abstract Reasoning - Logic Reasoning Types",AUDITED,VERIFIED,"","",2026-08-19T09:28:06.827Z
cmstkgdi900l320u14rd1kiq1,"Analytical Reasoning","Symbolic Logic Abstract Reasoning - Logic Reasoning Types",AUDITED,VERIFIED,"","",2026-08-19T09:28:06.837Z
cmstkgdi700jj20u1kh9cex64,"Analytical Reasoning","Symbolic Logic Abstract Reasoning - Logic Reasoning Types",AUDITED,VERIFIED,"","",2026-08-19T09:28:06.844Z
cmstkgdi800kn20u1gwfdxypa,"Analytical Reasoning","Symbolic Logic Abstract Reasoning - Logic Reasoning Types",AUDITED,VERIFIED,"","",2026-08-19T09:28:06.852Z
cmstkgdia00m120u12bwmzpfs,"Analytical Reasoning","Symbolic Logic Abstract Reasoning - Logic Reasoning Types",AUDITED,VERIFIED,"","",2026-08-19T09:28:06.860Z
cmstkgdia00lx20u184lh5ovm,"Analytical Reasoning","Symbolic Logic Abstract Reasoning - Logic Reasoning Types",AUDITED,VERIFIED,"","",2026-08-19T09:28:06.868Z
cmstkgdi900le20u1z80pbxg8,"Analytical Reasoning","Symbolic Logic Abstract Reasoning - Logic Reasoning Types",AUDITED,VERIFIED,"","",2026-08-19T09:28:06.876Z
cmstkgdi900lm20u1cdoq2rr8,"Analytical Reasoning","Symbolic Logic Abstract Reasoning - Logic Reasoning Types",AUDITED,VERIFIED,"","",2026-08-19T09:28:06.883Z
cmstkgdi900kz20u1svayfhdy,"Analytical Reasoning","Symbolic Logic Abstract Reasoning - Logic Reasoning Types",AUDITED,VERIFIED,"","",2026-08-19T09:28:06.892Z
cmstkgdp800mf20u1ianzcrqk,"Analytical Reasoning","Symbolic Logic Abstract Reasoning - Logic Reasoning Types",AUDITED,VERIFIED,"","",2026-08-19T09:28:06.900Z
cmstkgdp900o320u15ezafrkg,"Analytical Reasoning","Symbolic Logic Abstract Reasoning - Logic Reasoning Types",AUDITED,VERIFIED,"","",2026-08-19T09:28:06.908Z
cmstkgdp900nz20u1m5jx4us9,"Analytical Reasoning","Symbolic Logic Abstract Reasoning - Logic Reasoning Types",AUDITED,VERIFIED,"","",2026-08-19T09:28:06.915Z
cmstkgdp900n720u1dq53mwe8,"Analytical Reasoning","Symbolic Logic Abstract Reasoning - Logic Reasoning Types",AUDITED,VERIFIED,"","",2026-08-19T09:28:06.924Z
cmstkgdp900nd20u13scaptjv,"Analytical Reasoning","Symbolic Logic Abstract Reasoning - Logic Reasoning Types",AUDITED,VERIFIED,"","",2026-08-19T09:28:06.932Z
cmstkgdp900nf20u1u92d4zw2,"Analytical Reasoning","Symbolic Logic Abstract Reasoning - Logic Reasoning Types",AUDITED,VERIFIED,"","",2026-08-19T09:28:06.942Z
cmstkgdp800n220u1aybzfc4n,"Analytical Reasoning","Symbolic Logic Abstract Reasoning - Logic Reasoning Types",AUDITED,VERIFIED,"","",2026-08-19T09:28:06.950Z
cmstkgdp900nn20u1f4f4qhbz,"Analytical Reasoning","Symbolic Logic Abstract Reasoning - Logic Reasoning Types",AUDITED,VERIFIED,"","",2026-08-19T09:28:06.958Z
cmstkgdp900nv20u1pv8nkpo7,"Analytical Reasoning","Symbolic Logic Abstract Reasoning - Logic Reasoning Types",AUDITED,VERIFIED,"","",2026-08-19T09:28:06.965Z
cmstkgdp800mt20u1rxn33l02,"Analytical Reasoning","Symbolic Logic Abstract Reasoning - Logic Reasoning Types",AUDITED,VERIFIED,"","",2026-08-19T09:28:06.975Z
cmstkgdpa00oz20u14bwkla5b,"Analytical Reasoning","Symbolic Logic Abstract Reasoning - Logic Reasoning Types",AUDITED,VERIFIED,"","",2026-08-19T09:28:06.983Z
cmstkgdp900nb20u14zc5yn2c,"Analytical Reasoning","Symbolic Logic Abstract Reasoning - Logic Reasoning Types",AUDITED,VERIFIED,"","",2026-08-19T09:28:06.991Z
cmstkgdp900nq20u19zhe4uec,"Analytical Reasoning","Symbolic Logic Abstract Reasoning - Logic Reasoning Types",AUDITED,VERIFIED,"","",2026-08-19T09:28:06.999Z
cmstkgdp900ob20u1q4ko73st,"Analytical Reasoning","Symbolic Logic Abstract Reasoning - Logic Reasoning Types",AUDITED,VERIFIED,"","",2026-08-19T09:28:07.008Z
cmstkgdp900n920u19x6ui771,"Analytical Reasoning","Symbolic Logic Abstract Reasoning - Logic Reasoning Types",AUDITED,VERIFIED,"","",2026-08-19T09:28:07.017Z
cmstkgdp800mj20u1qjbo7dt0,"Analytical Reasoning","Symbolic Logic Abstract Reasoning - Logic Reasoning Types",AUDITED,VERIFIED,"","",2026-08-19T09:28:07.025Z
cmstkgdp900oj20u14ujnw9mn,"Analytical Reasoning","Symbolic Logic Abstract Reasoning - Logic Reasoning Types",AUDITED,VERIFIED,"","",2026-08-19T09:28:07.033Z
cmstkgdp800mn20u1fzllikz2,"Analytical Reasoning","Symbolic Logic Abstract Reasoning - Logic Reasoning Types",AUDITED,VERIFIED,"","",2026-08-19T09:28:07.042Z
cmstkgdp900oo20u1lspcfyhr,"Analytical Reasoning","Symbolic Logic Abstract Reasoning - Logic Reasoning Types",AUDITED,VERIFIED,"","",2026-08-19T09:28:07.051Z
cmstkgdp800mz20u12snp3vd1,"Analytical Reasoning","Symbolic Logic Abstract Reasoning - Logic Reasoning Types",AUDITED,VERIFIED,"","",2026-08-19T09:28:07.059Z
cmstkgdpa00ov20u1g593dq09,"Analytical Reasoning","Symbolic Logic Abstract Reasoning - Logic Reasoning Types",AUDITED,VERIFIED,"","",2026-08-19T09:28:07.068Z
cmstkgdp800mv20u1oqc2dzl1,"Analytical Reasoning","Symbolic Logic Abstract Reasoning - Logic Reasoning Types",AUDITED,VERIFIED,"","",2026-08-19T09:28:07.076Z
cmstkgdp800n320u1xo251dp8,"Analytical Reasoning","Symbolic Logic Abstract Reasoning - Logic Reasoning Types",AUDITED,VERIFIED,"","",2026-08-19T09:28:07.085Z
cmstkgdp900o820u1t3cp7bsf,"Analytical Reasoning","Symbolic Logic Abstract Reasoning - Logic Reasoning Types",AUDITED,VERIFIED,"","",2026-08-19T09:28:07.094Z
cmstkgdp900nh20u1ui6zvn2i,"Analytical Reasoning","Symbolic Logic Abstract Reasoning - Logic Reasoning Types",AUDITED,VERIFIED,"","",2026-08-19T09:28:07.103Z
cmstkgdp900nj20u1ni4nyjhs,"Analytical Reasoning","Symbolic Logic Abstract Reasoning - Logic Reasoning Types",AUDITED,VERIFIED,"","",2026-08-19T09:28:07.112Z
cmstkgdp800mi20u1s7z42s9s,"Analytical Reasoning","Symbolic Logic Abstract Reasoning - Logic Reasoning Types",AUDITED,VERIFIED,"","",2026-08-19T09:28:07.122Z
cmstkgdp800me20u1tagco5nw,"Analytical Reasoning","Symbolic Logic Abstract Reasoning - Logic Reasoning Types",AUDITED,VERIFIED,"","",2026-08-19T09:28:07.130Z
cmstkgdp900oa20u1rounojdj,"Analytical Reasoning","Symbolic Logic Abstract Reasoning - Logic Reasoning Types",AUDITED,VERIFIED,"","",2026-08-19T09:28:07.141Z
cmstkgdp800mr20u17ra0c95n,"Analytical Reasoning","Symbolic Logic Abstract Reasoning - Logic Reasoning Types",AUDITED,VERIFIED,"","",2026-08-19T09:28:07.148Z
cmstkgdp800m920u1strvwa7p,"Analytical Reasoning","Symbolic Logic Abstract Reasoning - Logic Reasoning Types",AUDITED,VERIFIED,"","",2026-08-19T09:28:07.157Z
cmstkgdp900of20u1uvy1cw3i,"Analytical Reasoning","Symbolic Logic Abstract Reasoning - Logic Reasoning Types",AUDITED,VERIFIED,"","",2026-08-19T09:28:07.164Z
cmstkgdp800mb20u1asc1kd9n,"Analytical Reasoning","Symbolic Logic Abstract Reasoning - Logic Reasoning Types",AUDITED,MANUAL_REVIEW,"DUPLICATE_CHOICES","",2026-08-19T09:28:07.174Z
cmstkgdp900nr20u1h6pzu6u1,"Analytical Reasoning","Symbolic Logic Abstract Reasoning - Logic Reasoning Types",AUDITED,VERIFIED,"","",2026-08-19T09:28:07.182Z
cmstkgdp900nt20u1v05wjmhf,"Analytical Reasoning","Symbolic Logic Abstract Reasoning - Logic Reasoning Types",AUDITED,VERIFIED,"","",2026-08-19T09:28:07.282Z
cmstkgdp800mq20u1k4fnliel,"Analytical Reasoning","Symbolic Logic Abstract Reasoning - Logic Reasoning Types",AUDITED,VERIFIED,"","",2026-08-19T09:28:07.291Z
cmstkgdp800m820u1h1i4pzfl,"Analytical Reasoning","Symbolic Logic Abstract Reasoning - Logic Reasoning Types",AUDITED,VERIFIED,"","",2026-08-19T09:28:07.301Z
cmstkgdp800ma20u18mt4dihc,"Analytical Reasoning","Symbolic Logic Abstract Reasoning - Logic Reasoning Types",AUDITED,VERIFIED,"","",2026-08-19T09:28:07.309Z
cmstkgdp800mc20u1bdsoxvz4,"Analytical Reasoning","Symbolic Logic Abstract Reasoning - Logic Reasoning Types",AUDITED,VERIFIED,"","",2026-08-19T09:28:07.318Z
cmstkgdp800md20u1t1naqo9o,"Analytical Reasoning","Symbolic Logic Abstract Reasoning - Logic Reasoning Types",AUDITED,VERIFIED,"","",2026-08-19T09:28:07.327Z
cmstkgdp800mg20u1w4lo0d2z,"Analytical Reasoning","Symbolic Logic Abstract Reasoning - Logic Reasoning Types",AUDITED,VERIFIED,"","",2026-08-19T09:28:07.334Z
cmstkgdp800mh20u15ddf0spj,"Analytical Reasoning","Symbolic Logic Abstract Reasoning - Logic Reasoning Types",AUDITED,VERIFIED,"","",2026-08-19T09:28:07.343Z
cmstkgdpa00ot20u1dkzovb28,"Analytical Reasoning","Symbolic Logic Abstract Reasoning - Logic Reasoning Types",AUDITED,VERIFIED,"","",2026-08-19T09:28:07.350Z
cmstkgdp800mm20u1fj159rgi,"Analytical Reasoning","Symbolic Logic Abstract Reasoning - Logic Reasoning Types",AUDITED,VERIFIED,"","",2026-08-19T09:28:07.360Z
cmstkgdp800mk20u1ct08mlnj,"Analytical Reasoning","Symbolic Logic Abstract Reasoning - Logic Reasoning Types",AUDITED,VERIFIED,"","",2026-08-19T09:28:07.367Z
cmstkgdp800ml20u1ih1h8iq3,"Analytical Reasoning","Symbolic Logic Abstract Reasoning - Logic Reasoning Types",AUDITED,VERIFIED,"","",2026-08-19T09:28:07.376Z
cmstkgdp800mp20u13fd5r6eg,"Analytical Reasoning","Symbolic Logic Abstract Reasoning - Logic Reasoning Types",AUDITED,VERIFIED,"","",2026-08-19T09:28:07.383Z
cmstkgdp800mo20u180d9dzvz,"Analytical Reasoning","Symbolic Logic Abstract Reasoning - Logic Reasoning Types",AUDITED,VERIFIED,"","",2026-08-19T09:28:07.394Z
cmstkgdp800mu20u1y8oianm0,"Analytical Reasoning","Symbolic Logic Abstract Reasoning - Logic Reasoning Types",AUDITED,VERIFIED,"","",2026-08-19T09:28:07.402Z
cmstkgdp800ms20u1i643di55,"Analytical Reasoning","Symbolic Logic Abstract Reasoning - Logic Reasoning Types",AUDITED,VERIFIED,"","",2026-08-19T09:28:07.410Z
cmstkgdp800mx20u1ybiq7ri8,"Analytical Reasoning","Symbolic Logic Abstract Reasoning - Logic Reasoning Types",AUDITED,VERIFIED,"","",2026-08-19T09:28:07.420Z
cmstkgdp800my20u1xz67128o,"Analytical Reasoning","Symbolic Logic Abstract Reasoning - Logic Reasoning Types",AUDITED,VERIFIED,"","",2026-08-19T09:28:07.429Z
cmstkgdp800mw20u1vhiqt8de,"Analytical Reasoning","Symbolic Logic Abstract Reasoning - Logic Reasoning Types",AUDITED,VERIFIED,"","",2026-08-19T09:28:07.438Z
cmstkgdp800n020u1gpkk95gs,"Analytical Reasoning","Symbolic Logic Abstract Reasoning - Logic Reasoning Types",AUDITED,VERIFIED,"","",2026-08-19T09:28:07.447Z
cmstkgdp800n120u14k9yygna,"Analytical Reasoning","Symbolic Logic Abstract Reasoning - Logic Reasoning Types",AUDITED,VERIFIED,"","",2026-08-19T09:28:07.456Z
cmstkgdp900n520u1yh8dd1bg,"Analytical Reasoning","Symbolic Logic Abstract Reasoning - Logic Reasoning Types",AUDITED,VERIFIED,"","",2026-08-19T09:28:07.464Z
cmstkgdp900n620u1g7rq65e7,"Analytical Reasoning","Symbolic Logic Abstract Reasoning - Logic Reasoning Types",AUDITED,VERIFIED,"","",2026-08-19T09:28:07.474Z
cmstkgdp800n420u1z3wwa47l,"Analytical Reasoning","Symbolic Logic Abstract Reasoning - Logic Reasoning Types",AUDITED,VERIFIED,"","",2026-08-19T09:28:07.482Z
cmstkgdp900n820u17j8dysv5,"Analytical Reasoning","Symbolic Logic Abstract Reasoning - Logic Reasoning Types",AUDITED,VERIFIED,"","",2026-08-19T09:28:07.492Z
cmstkgdp900na20u191lge24b,"Analytical Reasoning","Symbolic Logic Abstract Reasoning - Logic Reasoning Types",AUDITED,VERIFIED,"","",2026-08-19T09:28:07.501Z
cmstkgdp900nc20u187lvd9th,"Analytical Reasoning","Symbolic Logic Abstract Reasoning - Logic Reasoning Types",AUDITED,VERIFIED,"","",2026-08-19T09:28:07.511Z
cmstkgdp900ne20u12yycmf8h,"Analytical Reasoning","Symbolic Logic Abstract Reasoning - Logic Reasoning Types",AUDITED,VERIFIED,"","",2026-08-19T09:28:07.520Z
cmstkgdp900ng20u1hp1rxaky,"Analytical Reasoning","Symbolic Logic Abstract Reasoning - Logic Reasoning Types",AUDITED,VERIFIED,"","",2026-08-19T09:28:07.529Z
cmstkgdp900ni20u1vyp5uymy,"Analytical Reasoning","Symbolic Logic Abstract Reasoning - Logic Reasoning Types",AUDITED,VERIFIED,"","",2026-08-19T09:28:07.539Z
cmstkgdp900nl20u1esyhavxx,"Analytical Reasoning","Symbolic Logic Abstract Reasoning - Logic Reasoning Types",AUDITED,VERIFIED,"","",2026-08-19T09:28:07.547Z
cmstkgdp900nm20u1q4spykwq,"Analytical Reasoning","Symbolic Logic Abstract Reasoning - Logic Reasoning Types",AUDITED,VERIFIED,"","",2026-08-19T09:28:07.557Z
cmstkgdp900nk20u1i3etcvto,"Analytical Reasoning","Symbolic Logic Abstract Reasoning - Logic Reasoning Types",AUDITED,VERIFIED,"","",2026-08-19T09:28:07.565Z
cmstkgdp900no20u1jfmw3cz7,"Analytical Reasoning","Symbolic Logic Abstract Reasoning - Logic Reasoning Types",AUDITED,VERIFIED,"","",2026-08-19T09:28:07.575Z
cmstkgdp900np20u1uco0qvj1,"Analytical Reasoning","Symbolic Logic Abstract Reasoning - Logic Reasoning Types",AUDITED,VERIFIED,"","",2026-08-19T09:28:07.585Z
cmstkgdp900ns20u1kvuxi7gw,"Analytical Reasoning","Symbolic Logic Abstract Reasoning - Logic Reasoning Types",AUDITED,VERIFIED,"","",2026-08-19T09:28:07.594Z
cmstkgdp900nu20u1267j33rt,"Analytical Reasoning","Symbolic Logic Abstract Reasoning - Logic Reasoning Types",AUDITED,VERIFIED,"","",2026-08-19T09:28:07.603Z
cmstkgdp900nx20u1wdoxoefh,"Analytical Reasoning","Symbolic Logic Abstract Reasoning - Logic Reasoning Types",AUDITED,VERIFIED,"","",2026-08-19T09:28:07.612Z
cmstkgdp900ny20u1c6evukaf,"Analytical Reasoning","Symbolic Logic Abstract Reasoning - Logic Reasoning Types",AUDITED,VERIFIED,"","",2026-08-19T09:28:07.623Z
cmstkgdp900nw20u1gk3y8qo1,"Analytical Reasoning","Symbolic Logic Abstract Reasoning - Logic Reasoning Types",AUDITED,VERIFIED,"","",2026-08-19T09:28:07.631Z
cmstkgdp900o220u15t8e9bbw,"Analytical Reasoning","Symbolic Logic Abstract Reasoning - Logic Reasoning Types",AUDITED,VERIFIED,"","",2026-08-19T09:28:07.640Z
cmstkgdp900o020u1e119llif,"Analytical Reasoning","Symbolic Logic Abstract Reasoning - Logic Reasoning Types",AUDITED,VERIFIED,"","",2026-08-19T09:28:07.649Z
cmstkgdp900o120u1w7uio6d6,"Analytical Reasoning","Symbolic Logic Abstract Reasoning - Logic Reasoning Types",AUDITED,VERIFIED,"","",2026-08-19T09:28:07.659Z
cmstkgdp900o520u1psp0qu8y,"Analytical Reasoning","Symbolic Logic Abstract Reasoning - Logic Reasoning Types",AUDITED,VERIFIED,"","",2026-08-19T09:28:07.667Z
cmstkgdp900o420u11axohxz7,"Analytical Reasoning","Symbolic Logic Abstract Reasoning - Logic Reasoning Types",AUDITED,VERIFIED,"","",2026-08-19T09:28:07.677Z
cmstkgdp900o620u1bi2mnqr0,"Analytical Reasoning","Symbolic Logic Abstract Reasoning - Logic Reasoning Types",AUDITED,VERIFIED,"","",2026-08-19T09:28:07.685Z
cmstkgdp900o720u150sr9m18,"Analytical Reasoning","Symbolic Logic Abstract Reasoning - Logic Reasoning Types",AUDITED,VERIFIED,"","",2026-08-19T09:28:07.694Z
cmstkgdp900o920u1v2g9fxjv,"Analytical Reasoning","Symbolic Logic Abstract Reasoning - Logic Reasoning Types",AUDITED,VERIFIED,"","",2026-08-19T09:28:07.705Z
cmstkgdp900oe20u1m7jepsyr,"Analytical Reasoning","Symbolic Logic Abstract Reasoning - Logic Reasoning Types",AUDITED,VERIFIED,"","",2026-08-19T09:28:07.714Z
cmstkgdp900od20u1llmp7bym,"Analytical Reasoning","Symbolic Logic Abstract Reasoning - Logic Reasoning Types",AUDITED,VERIFIED,"","",2026-08-19T09:28:07.724Z
cmstkgdp900oc20u1zdjugdxh,"Analytical Reasoning","Symbolic Logic Abstract Reasoning - Logic Reasoning Types",AUDITED,VERIFIED,"","",2026-08-19T09:28:07.733Z
cmstkgdp900oh20u1ucohql2p,"Analytical Reasoning","Symbolic Logic Abstract Reasoning - Logic Reasoning Types",AUDITED,VERIFIED,"","",2026-08-19T09:28:07.742Z
cmstkgdp900og20u1287lvnsk,"Analytical Reasoning","Symbolic Logic Abstract Reasoning - Logic Reasoning Types",AUDITED,VERIFIED,"","",2026-08-19T09:28:07.752Z
cmstkgdp900oi20u1at0dx6yq,"Analytical Reasoning","Symbolic Logic Abstract Reasoning - Logic Reasoning Types",AUDITED,VERIFIED,"","",2026-08-19T09:28:07.761Z
cmstkgdp900ok20u1865x85jc,"Analytical Reasoning","Symbolic Logic Abstract Reasoning - Logic Reasoning Types",AUDITED,VERIFIED,"","",2026-08-19T09:28:07.772Z
cmstkgdp900ol20u1hyhnc3mu,"Analytical Reasoning","Symbolic Logic Abstract Reasoning - Logic Reasoning Types",AUDITED,VERIFIED,"","",2026-08-19T09:28:07.781Z
cmstkgdp900on20u1pqf2n85p,"Analytical Reasoning","Symbolic Logic Abstract Reasoning - Logic Reasoning Types",AUDITED,VERIFIED,"","",2026-08-19T09:28:07.791Z
cmstkgdp900oq20u1uvh0ikio,"Analytical Reasoning","Symbolic Logic Abstract Reasoning - Logic Reasoning Types",AUDITED,VERIFIED,"","",2026-08-19T09:28:07.800Z
cmstkgdpa00os20u116j9byc3,"Analytical Reasoning","Symbolic Logic Abstract Reasoning - Logic Reasoning Types",AUDITED,VERIFIED,"","",2026-08-19T09:28:07.810Z
cmstkgdpa00ow20u1p6bjgc5a,"Analytical Reasoning","Symbolic Logic Abstract Reasoning - Logic Reasoning Types",AUDITED,VERIFIED,"","",2026-08-19T09:28:07.821Z
cmstkgdw100r520u1w0j8rx4l,"Analytical Reasoning","Identifying Assumptions and Drawing Conclusions - Argument Evaluation Inference",AUDITED,CORRECTED — VERIFIED,"STRIPPED_PASSAGE_PREFIX","",2026-08-19T09:28:07.952Z
cmstkgdw000qa20u1rg85xr2s,"Analytical Reasoning","Identifying Assumptions and Drawing Conclusions - Argument Evaluation Inference",AUDITED,VERIFIED,"","",2026-08-19T09:28:07.959Z
cmstkgdw000p320u1t56y2eeq,"Analytical Reasoning","Symbolic Logic Abstract Reasoning - Logic Reasoning Types",AUDITED,VERIFIED,"","",2026-08-19T09:28:07.969Z
cmstkgdw000p220u13jk771uw,"Analytical Reasoning","Symbolic Logic Abstract Reasoning - Logic Reasoning Types",AUDITED,VERIFIED,"","",2026-08-19T09:28:07.979Z
cmstkgdw000p420u1xv8b5d7a,"Analytical Reasoning","Symbolic Logic Abstract Reasoning - Logic Reasoning Types",AUDITED,VERIFIED,"","",2026-08-19T09:28:07.990Z
cmstkgdw000p620u1nrnlippz,"Analytical Reasoning","Symbolic Logic Abstract Reasoning - Logic Reasoning Types",AUDITED,VERIFIED,"","",2026-08-19T09:28:07.998Z
cmstkgdw000p820u1xeaxxgc5,"Analytical Reasoning","Symbolic Logic Abstract Reasoning - Logic Reasoning Types",AUDITED,VERIFIED,"","",2026-08-19T09:28:08.009Z
cmstkgdw000p720u1hqgoywyz,"Analytical Reasoning","Symbolic Logic Abstract Reasoning - Logic Reasoning Types",AUDITED,VERIFIED,"","",2026-08-19T09:28:08.020Z
cmstkgdw000pa20u1fyrboc81,"Analytical Reasoning","Symbolic Logic Abstract Reasoning - Logic Reasoning Types",AUDITED,VERIFIED,"","",2026-08-19T09:28:08.030Z
cmstkgdw000ph20u16bqwr6m3,"Analytical Reasoning","Identifying Assumptions and Drawing Conclusions - Argument Evaluation Inference",AUDITED,CORRECTED — VERIFIED,"STRIPPED_PASSAGE_PREFIX","",2026-08-19T09:28:08.131Z
cmstkgdw000pf20u1pvjvijxf,"Analytical Reasoning","Identifying Assumptions and Drawing Conclusions - Argument Evaluation Inference",AUDITED,CORRECTED — VERIFIED,"STRIPPED_PASSAGE_PREFIX","",2026-08-19T09:28:08.231Z
cmstkgdw000ps20u1mu2y1lh3,"Analytical Reasoning","Identifying Assumptions and Drawing Conclusions - Argument Evaluation Inference",AUDITED,CORRECTED — VERIFIED,"STRIPPED_PASSAGE_PREFIX","",2026-08-19T09:28:08.332Z
cmstkgdw000pq20u13pdm0nrs,"Analytical Reasoning","Identifying Assumptions and Drawing Conclusions - Argument Evaluation Inference",AUDITED,CORRECTED — VERIFIED,"STRIPPED_PASSAGE_PREFIX","",2026-08-19T09:28:08.449Z
cmstkgdw000pz20u1mhngrf97,"Analytical Reasoning","Identifying Assumptions and Drawing Conclusions - Argument Evaluation Inference",AUDITED,CORRECTED — VERIFIED,"STRIPPED_PASSAGE_PREFIX","",2026-08-19T09:28:08.566Z
cmstkgdw000q320u1ekgbhcwd,"Analytical Reasoning","Identifying Assumptions and Drawing Conclusions - Argument Evaluation Inference",AUDITED,CORRECTED — VERIFIED,"STRIPPED_PASSAGE_PREFIX","",2026-08-19T09:28:08.682Z
cmstkgdw000q920u1sn6b5jj6,"Analytical Reasoning","Identifying Assumptions and Drawing Conclusions - Argument Evaluation Inference",AUDITED,CORRECTED — VERIFIED,"STRIPPED_PASSAGE_PREFIX","",2026-08-19T09:28:08.801Z
cmstkgdw000q720u1qg7zir56,"Analytical Reasoning","Identifying Assumptions and Drawing Conclusions - Argument Evaluation Inference",AUDITED,CORRECTED — VERIFIED,"STRIPPED_PASSAGE_PREFIX","",2026-08-19T09:28:08.904Z
cmstkgdw000qe20u1mk2k07pk,"Analytical Reasoning","Identifying Assumptions and Drawing Conclusions - Argument Evaluation Inference",AUDITED,CORRECTED — VERIFIED,"STRIPPED_PASSAGE_PREFIX","",2026-08-19T09:28:09.005Z
cmstkgdw000qi20u1bn05lscc,"Analytical Reasoning","Identifying Assumptions and Drawing Conclusions - Argument Evaluation Inference",AUDITED,CORRECTED — VERIFIED,"STRIPPED_PASSAGE_PREFIX","",2026-08-19T09:28:09.111Z
cmstkgdw100ql20u13j6zqz8b,"Analytical Reasoning","Identifying Assumptions and Drawing Conclusions - Argument Evaluation Inference",AUDITED,CORRECTED — VERIFIED,"STRIPPED_PASSAGE_PREFIX","",2026-08-19T09:28:09.226Z
cmstkgdw100qm20u1kj1qt1i2,"Analytical Reasoning","Identifying Assumptions and Drawing Conclusions - Argument Evaluation Inference",AUDITED,CORRECTED — VERIFIED,"STRIPPED_PASSAGE_PREFIX","",2026-08-19T09:28:09.328Z
cmstkgdw100qp20u1j9lpi0ea,"Analytical Reasoning","Identifying Assumptions and Drawing Conclusions - Argument Evaluation Inference",AUDITED,CORRECTED — VERIFIED,"STRIPPED_PASSAGE_PREFIX","",2026-08-19T09:28:09.444Z
cmstkgdw100qq20u1c655y6qm,"Analytical Reasoning","Identifying Assumptions and Drawing Conclusions - Argument Evaluation Inference",AUDITED,CORRECTED — VERIFIED,"STRIPPED_PASSAGE_PREFIX","",2026-08-19T09:28:09.561Z
cmstkgdw100qv20u1v8n3te1t,"Analytical Reasoning","Identifying Assumptions and Drawing Conclusions - Argument Evaluation Inference",AUDITED,CORRECTED — VERIFIED,"STRIPPED_PASSAGE_PREFIX","",2026-08-19T09:28:09.677Z
cmstkgdw100qu20u10fv9p5rb,"Analytical Reasoning","Identifying Assumptions and Drawing Conclusions - Argument Evaluation Inference",AUDITED,CORRECTED — VERIFIED,"STRIPPED_PASSAGE_PREFIX","",2026-08-19T09:28:09.781Z
cmstkgdw100qs20u11z38pvgr,"Analytical Reasoning","Identifying Assumptions and Drawing Conclusions - Argument Evaluation Inference",AUDITED,CORRECTED — VERIFIED,"STRIPPED_PASSAGE_PREFIX","",2026-08-19T09:28:09.882Z
cmstkgdw100qx20u18ezeifyu,"Analytical Reasoning","Identifying Assumptions and Drawing Conclusions - Argument Evaluation Inference",AUDITED,CORRECTED — VERIFIED,"STRIPPED_PASSAGE_PREFIX","",2026-08-19T09:28:09.983Z
cmstkgdw100qy20u1y61heu7f,"Analytical Reasoning","Identifying Assumptions and Drawing Conclusions - Argument Evaluation Inference",AUDITED,CORRECTED — VERIFIED,"STRIPPED_PASSAGE_PREFIX","",2026-08-19T09:28:10.102Z
cmstkgdw100r020u1i98skwlu,"Analytical Reasoning","Identifying Assumptions and Drawing Conclusions - Argument Evaluation Inference",AUDITED,CORRECTED — VERIFIED,"STRIPPED_PASSAGE_PREFIX","",2026-08-19T09:28:10.206Z
cmstkgdw100r220u1rzpfkr49,"Analytical Reasoning","Identifying Assumptions and Drawing Conclusions - Argument Evaluation Inference",AUDITED,CORRECTED — VERIFIED,"STRIPPED_PASSAGE_PREFIX","",2026-08-19T09:28:10.319Z
cmstkgdw100r620u14uzcx1lj,"Analytical Reasoning","Identifying Assumptions and Drawing Conclusions - Argument Evaluation Inference",AUDITED,CORRECTED — VERIFIED,"STRIPPED_PASSAGE_PREFIX","",2026-08-19T09:28:10.440Z
cmstkgdw100r720u1toduceky,"Analytical Reasoning","Identifying Assumptions and Drawing Conclusions - Argument Evaluation Inference",AUDITED,CORRECTED — VERIFIED,"STRIPPED_PASSAGE_PREFIX","",2026-08-19T09:28:10.555Z
cmstkgdw100r820u1eg3oaeab,"Analytical Reasoning","Identifying Assumptions and Drawing Conclusions - Argument Evaluation Inference",AUDITED,CORRECTED — VERIFIED,"STRIPPED_PASSAGE_PREFIX","",2026-08-19T09:28:10.659Z
cmstkgdw100rb20u1ve6ubtj5,"Analytical Reasoning","Identifying Assumptions and Drawing Conclusions - Argument Evaluation Inference",AUDITED,CORRECTED — VERIFIED,"STRIPPED_PASSAGE_PREFIX","",2026-08-19T09:28:10.778Z
cmstkgdw100rf20u1djvxz0ty,"Analytical Reasoning","Identifying Assumptions and Drawing Conclusions - Argument Evaluation Inference",AUDITED,CORRECTED — VERIFIED,"STRIPPED_PASSAGE_PREFIX","",2026-08-19T09:28:10.882Z
cmstkgdw100ri20u1xlvuxscc,"Analytical Reasoning","Identifying Assumptions and Drawing Conclusions - Argument Evaluation Inference",AUDITED,CORRECTED — VERIFIED,"STRIPPED_PASSAGE_PREFIX","",2026-08-19T09:28:10.988Z
cmstkgdw100rh20u1lhsveqvz,"Analytical Reasoning","Identifying Assumptions and Drawing Conclusions - Argument Evaluation Inference",AUDITED,CORRECTED — VERIFIED,"STRIPPED_PASSAGE_PREFIX","",2026-08-19T09:28:11.093Z
cmstkgdw100rj20u1k3whae30,"Analytical Reasoning","Identifying Assumptions and Drawing Conclusions - Argument Evaluation Inference",AUDITED,CORRECTED — VERIFIED,"STRIPPED_PASSAGE_PREFIX","",2026-08-19T09:28:11.211Z
cmstkgdw100rl20u1etw6fnxv,"Analytical Reasoning","Identifying Assumptions and Drawing Conclusions - Argument Evaluation Inference",AUDITED,CORRECTED — VERIFIED,"STRIPPED_PASSAGE_PREFIX","",2026-08-19T09:28:11.313Z
cmstkgdw100rm20u1n7rhywxg,"Analytical Reasoning","Identifying Assumptions and Drawing Conclusions - Argument Evaluation Inference",AUDITED,CORRECTED — VERIFIED,"STRIPPED_PASSAGE_PREFIX","",2026-08-19T09:28:11.445Z
cmstkgdw100rq20u169sidjm9,"Analytical Reasoning","Identifying Assumptions and Drawing Conclusions - Argument Evaluation Inference",AUDITED,CORRECTED — VERIFIED,"STRIPPED_PASSAGE_PREFIX","",2026-08-19T09:28:11.657Z
cmstkgdw100rr20u1yur7c9qw,"Analytical Reasoning","Identifying Assumptions and Drawing Conclusions - Argument Evaluation Inference",AUDITED,CORRECTED — VERIFIED,"STRIPPED_PASSAGE_PREFIX","",2026-08-19T09:28:11.760Z
cmstkgdw100rp20u1t5f3cy0c,"Analytical Reasoning","Identifying Assumptions and Drawing Conclusions - Argument Evaluation Inference",AUDITED,CORRECTED — VERIFIED,"STRIPPED_PASSAGE_PREFIX","",2026-08-19T09:28:11.859Z
cmstkgdw000px20u1hr07zym0,"Analytical Reasoning","Identifying Assumptions and Drawing Conclusions - Argument Evaluation Inference",AUDITED,CORRECTED — VERIFIED,"STRIPPED_PASSAGE_PREFIX","",2026-08-19T09:28:11.972Z
cmstkgdw100rd20u1j8ja6gat,"Analytical Reasoning","Identifying Assumptions and Drawing Conclusions - Argument Evaluation Inference",AUDITED,CORRECTED — VERIFIED,"STRIPPED_PASSAGE_PREFIX","",2026-08-19T09:28:12.072Z
cmstkgdw100rk20u1f1evqin0,"Analytical Reasoning","Identifying Assumptions and Drawing Conclusions - Argument Evaluation Inference",AUDITED,CORRECTED — VERIFIED,"STRIPPED_PASSAGE_PREFIX","",2026-08-19T09:28:12.173Z
cmstkgdw100r920u1v9bzrbty,"Analytical Reasoning","Identifying Assumptions and Drawing Conclusions - Argument Evaluation Inference",AUDITED,CORRECTED — VERIFIED,"STRIPPED_PASSAGE_PREFIX","",2026-08-19T09:28:12.274Z
cmstkgdw100qw20u1h9ji5kx6,"Analytical Reasoning","Identifying Assumptions and Drawing Conclusions - Argument Evaluation Inference",AUDITED,CORRECTED — VERIFIED,"STRIPPED_PASSAGE_PREFIX","",2026-08-19T09:28:12.386Z
cmstkgdw100qj20u112xp1yfj,"Analytical Reasoning","Identifying Assumptions and Drawing Conclusions - Argument Evaluation Inference",AUDITED,CORRECTED — VERIFIED,"STRIPPED_PASSAGE_PREFIX","",2026-08-19T09:28:12.503Z
cmstkgdw000pv20u1cg9j3xeq,"Analytical Reasoning","Identifying Assumptions and Drawing Conclusions - Argument Evaluation Inference",AUDITED,CORRECTED — VERIFIED,"STRIPPED_PASSAGE_PREFIX","",2026-08-19T09:28:12.610Z
cmstkgdw000pl20u1hy5r0hpe,"Analytical Reasoning","Identifying Assumptions and Drawing Conclusions - Argument Evaluation Inference",AUDITED,CORRECTED — VERIFIED,"STRIPPED_PASSAGE_PREFIX","",2026-08-19T09:28:12.727Z
cmstkgdw000p920u1w2ilj880,"Analytical Reasoning","Symbolic Logic Abstract Reasoning - Logic Reasoning Types",AUDITED,VERIFIED,"","",2026-08-19T09:28:12.749Z
cmstkgdw100rg20u15horlfm9,"Analytical Reasoning","Identifying Assumptions and Drawing Conclusions - Argument Evaluation Inference",AUDITED,CORRECTED — VERIFIED,"STRIPPED_PASSAGE_PREFIX","",2026-08-19T09:28:12.855Z
cmstkgdw100r420u1nb20kx27,"Analytical Reasoning","Identifying Assumptions and Drawing Conclusions - Argument Evaluation Inference",AUDITED,CORRECTED — VERIFIED,"STRIPPED_PASSAGE_PREFIX","",2026-08-19T09:28:12.975Z
cmstkgdw100qt20u1r5jdrkup,"Analytical Reasoning","Identifying Assumptions and Drawing Conclusions - Argument Evaluation Inference",AUDITED,CORRECTED — VERIFIED,"STRIPPED_PASSAGE_PREFIX","",2026-08-19T09:28:13.092Z
cmstkgdw100qk20u1ppwvful8,"Analytical Reasoning","Identifying Assumptions and Drawing Conclusions - Argument Evaluation Inference",AUDITED,CORRECTED — VERIFIED,"STRIPPED_PASSAGE_PREFIX","",2026-08-19T09:28:13.210Z
cmstkgdw000qg20u17yp3xrgf,"Analytical Reasoning","Identifying Assumptions and Drawing Conclusions - Argument Evaluation Inference",AUDITED,CORRECTED — VERIFIED,"STRIPPED_PASSAGE_PREFIX","",2026-08-19T09:28:13.310Z
cmstkgdw000q520u1tgpm9mdg,"Analytical Reasoning","Identifying Assumptions and Drawing Conclusions - Argument Evaluation Inference",AUDITED,CORRECTED — VERIFIED,"STRIPPED_PASSAGE_PREFIX","",2026-08-19T09:28:13.427Z
cmstkgdw000pn20u194gfuh0v,"Analytical Reasoning","Identifying Assumptions and Drawing Conclusions - Argument Evaluation Inference",AUDITED,CORRECTED — VERIFIED,"STRIPPED_PASSAGE_PREFIX","",2026-08-19T09:28:13.546Z
cmstkgdw000pb20u1rdzlo826,"Analytical Reasoning","Identifying Assumptions and Drawing Conclusions - Argument Evaluation Inference",AUDITED,CORRECTED — VERIFIED,"STRIPPED_PASSAGE_PREFIX","",2026-08-19T09:28:13.667Z
cmstkgdw100ra20u1o81tbwpy,"Analytical Reasoning","Identifying Assumptions and Drawing Conclusions - Argument Evaluation Inference",AUDITED,CORRECTED — VERIFIED,"STRIPPED_PASSAGE_PREFIX","",2026-08-19T09:28:13.786Z
cmstkgdw100qz20u1ssg3ysk0,"Analytical Reasoning","Identifying Assumptions and Drawing Conclusions - Argument Evaluation Inference",AUDITED,CORRECTED — VERIFIED,"STRIPPED_PASSAGE_PREFIX","",2026-08-19T09:28:13.902Z
cmstkgdw100ro20u1605dmn3l,"Analytical Reasoning","Identifying Assumptions and Drawing Conclusions - Argument Evaluation Inference",AUDITED,CORRECTED — VERIFIED,"STRIPPED_PASSAGE_PREFIX","",2026-08-19T09:28:14.007Z
cmstkgdw100re20u1qfwfqbmy,"Analytical Reasoning","Identifying Assumptions and Drawing Conclusions - Argument Evaluation Inference",AUDITED,CORRECTED — VERIFIED,"STRIPPED_PASSAGE_PREFIX","",2026-08-19T09:28:14.108Z
cmstkgdw100r320u1ru82jb9h,"Analytical Reasoning","Identifying Assumptions and Drawing Conclusions - Argument Evaluation Inference",AUDITED,CORRECTED — VERIFIED,"STRIPPED_PASSAGE_PREFIX","",2026-08-19T09:28:14.209Z
cmstkgdw100qr20u1pml294ec,"Analytical Reasoning","Identifying Assumptions and Drawing Conclusions - Argument Evaluation Inference",AUDITED,CORRECTED — VERIFIED,"STRIPPED_PASSAGE_PREFIX","",2026-08-19T09:28:14.309Z
cmstkgdw000q120u1tgheuo7b,"Analytical Reasoning","Identifying Assumptions and Drawing Conclusions - Argument Evaluation Inference",AUDITED,CORRECTED — VERIFIED,"STRIPPED_PASSAGE_PREFIX","",2026-08-19T09:28:14.410Z
cmstkgdw000pd20u1twf6oyy3,"Analytical Reasoning","Identifying Assumptions and Drawing Conclusions - Argument Evaluation Inference",AUDITED,CORRECTED — VERIFIED,"STRIPPED_PASSAGE_PREFIX","",2026-08-19T09:28:14.512Z
cmstkgdw000p520u1esjfe3pr,"Analytical Reasoning","Symbolic Logic Abstract Reasoning - Logic Reasoning Types",AUDITED,VERIFIED,"","",2026-08-19T09:28:14.522Z
cmstkgdw000p120u1pdhznfd8,"Analytical Reasoning","Symbolic Logic Abstract Reasoning - Logic Reasoning Types",AUDITED,VERIFIED,"","",2026-08-19T09:28:14.535Z
cmstkgdw000pj20u1imcbck4b,"Analytical Reasoning","Identifying Assumptions and Drawing Conclusions - Argument Evaluation Inference",AUDITED,CORRECTED — VERIFIED,"STRIPPED_PASSAGE_PREFIX","",2026-08-19T09:28:14.637Z
cmstkgdw000qc20u1479sd82w,"Analytical Reasoning","Identifying Assumptions and Drawing Conclusions - Argument Evaluation Inference",AUDITED,CORRECTED — VERIFIED,"STRIPPED_PASSAGE_PREFIX","",2026-08-19T09:28:14.754Z
cmstkgdw100qn20u16jgdk8jt,"Analytical Reasoning","Identifying Assumptions and Drawing Conclusions - Argument Evaluation Inference",AUDITED,CORRECTED — VERIFIED,"STRIPPED_PASSAGE_PREFIX","",2026-08-19T09:28:14.873Z
cmstkgdw100qo20u1b3avyru5,"Analytical Reasoning","Identifying Assumptions and Drawing Conclusions - Argument Evaluation Inference",AUDITED,CORRECTED — VERIFIED,"STRIPPED_PASSAGE_PREFIX","",2026-08-19T09:28:14.974Z
cmstkgdw100r120u12gy9eixh,"Analytical Reasoning","Identifying Assumptions and Drawing Conclusions - Argument Evaluation Inference",AUDITED,CORRECTED — VERIFIED,"STRIPPED_PASSAGE_PREFIX","",2026-08-19T09:28:15.076Z
cmstkgdw100rc20u1jeirv8ph,"Analytical Reasoning","Identifying Assumptions and Drawing Conclusions - Argument Evaluation Inference",AUDITED,CORRECTED — VERIFIED,"STRIPPED_PASSAGE_PREFIX","",2026-08-19T09:28:15.197Z
cmstkgdw100rn20u15qalicro,"Analytical Reasoning","Identifying Assumptions and Drawing Conclusions - Argument Evaluation Inference",AUDITED,CORRECTED — VERIFIED,"STRIPPED_PASSAGE_PREFIX","",2026-08-19T09:28:15.315Z
cmstkge3c00tj20u11945ie02,"Analytical Reasoning","Identifying Assumptions and Drawing Conclusions - Argument Evaluation Inference",AUDITED,CORRECTED — VERIFIED,"STRIPPED_PASSAGE_PREFIX","",2026-08-19T09:28:15.418Z
cmstkge3b00sc20u1jurvlzm2,"Analytical Reasoning","Identifying Assumptions and Drawing Conclusions - Argument Evaluation Inference",AUDITED,CORRECTED — VERIFIED,"STRIPPED_PASSAGE_PREFIX","",2026-08-19T09:28:15.521Z
cmstkge3b00s220u1t87ytc7c,"Analytical Reasoning","Identifying Assumptions and Drawing Conclusions - Argument Evaluation Inference",AUDITED,CORRECTED — VERIFIED,"STRIPPED_PASSAGE_PREFIX","",2026-08-19T09:28:15.642Z
cmstkge3a00rs20u1zp5fwkku,"Analytical Reasoning","Identifying Assumptions and Drawing Conclusions - Argument Evaluation Inference",AUDITED,CORRECTED — VERIFIED,"STRIPPED_PASSAGE_PREFIX","",2026-08-19T09:28:15.763Z
cmstkge3c00tx20u1ra05fgij,"Analytical Reasoning","Identifying Assumptions and Drawing Conclusions - Argument Evaluation Inference",AUDITED,CORRECTED — VERIFIED,"STRIPPED_PASSAGE_PREFIX","",2026-08-19T09:28:15.886Z
cmstkge3c00u520u1bnnn5oxt,"Analytical Reasoning","Identifying Assumptions and Drawing Conclusions - Argument Evaluation Inference",AUDITED,CORRECTED — VERIFIED,"STRIPPED_PASSAGE_PREFIX","",2026-08-19T09:28:16.018Z
cmstkge3c00ui20u1rxrva4x8,"Analytical Reasoning","Identifying Assumptions and Drawing Conclusions - Argument Evaluation Inference",AUDITED,CORRECTED — VERIFIED,"STRIPPED_PASSAGE_PREFIX","",2026-08-19T09:28:16.134Z
cmstkge3b00sw20u1fsgb5sun,"Analytical Reasoning","Identifying Assumptions and Drawing Conclusions - Argument Evaluation Inference",AUDITED,CORRECTED — VERIFIED,"STRIPPED_PASSAGE_PREFIX","",2026-08-19T09:28:16.238Z
cmstkge3b00si20u1weeuugfv,"Analytical Reasoning","Identifying Assumptions and Drawing Conclusions - Argument Evaluation Inference",AUDITED,CORRECTED — VERIFIED,"STRIPPED_PASSAGE_PREFIX","",2026-08-19T09:28:16.339Z
cmstkge3b00s820u14zydcj3y,"Analytical Reasoning","Identifying Assumptions and Drawing Conclusions - Argument Evaluation Inference",AUDITED,CORRECTED — VERIFIED,"STRIPPED_PASSAGE_PREFIX","",2026-08-19T09:28:16.449Z
cmstkge3b00s620u10g80268h,"Analytical Reasoning","Identifying Assumptions and Drawing Conclusions - Argument Evaluation Inference",AUDITED,CORRECTED — VERIFIED,"STRIPPED_PASSAGE_PREFIX","",2026-08-19T09:28:16.562Z
cmstkge3a00rw20u1vx9406ss,"Analytical Reasoning","Identifying Assumptions and Drawing Conclusions - Argument Evaluation Inference",AUDITED,CORRECTED — VERIFIED,"STRIPPED_PASSAGE_PREFIX","",2026-08-19T09:28:16.672Z
cmstkge3a00rv20u1wiiua5j5,"Analytical Reasoning","Identifying Assumptions and Drawing Conclusions - Argument Evaluation Inference",AUDITED,CORRECTED — VERIFIED,"STRIPPED_PASSAGE_PREFIX","",2026-08-19T09:28:16.791Z
cmstkge3c00tw20u1dgkvz7ez,"Analytical Reasoning","Identifying Assumptions and Drawing Conclusions - Argument Evaluation Inference",AUDITED,CORRECTED — VERIFIED,"STRIPPED_PASSAGE_PREFIX","",2026-08-19T09:28:16.913Z
cmstkge3c00tg20u158ejtjcm,"Analytical Reasoning","Identifying Assumptions and Drawing Conclusions - Argument Evaluation Inference",AUDITED,CORRECTED — VERIFIED,"STRIPPED_PASSAGE_PREFIX","",2026-08-19T09:28:17.030Z
cmstkge3b00sj20u1xn49cgne,"Analytical Reasoning","Identifying Assumptions and Drawing Conclusions - Argument Evaluation Inference",AUDITED,CORRECTED — VERIFIED,"STRIPPED_PASSAGE_PREFIX","",2026-08-19T09:28:17.151Z
cmstkge3b00s420u1inetl3ad,"Analytical Reasoning","Identifying Assumptions and Drawing Conclusions - Argument Evaluation Inference",AUDITED,CORRECTED — VERIFIED,"STRIPPED_PASSAGE_PREFIX","",2026-08-19T09:28:17.271Z
cmstkge3b00sa20u1tvajylde,"Analytical Reasoning","Identifying Assumptions and Drawing Conclusions - Argument Evaluation Inference",AUDITED,CORRECTED — VERIFIED,"STRIPPED_PASSAGE_PREFIX","",2026-08-19T09:28:17.380Z
cmstkge3b00sk20u14t35are0,"Analytical Reasoning","Identifying Assumptions and Drawing Conclusions - Argument Evaluation Inference",AUDITED,CORRECTED — VERIFIED,"STRIPPED_PASSAGE_PREFIX","",2026-08-19T09:28:17.501Z
cmstkge3b00td20u1jc8w7lwc,"Analytical Reasoning","Identifying Assumptions and Drawing Conclusions - Argument Evaluation Inference",AUDITED,CORRECTED — VERIFIED,"STRIPPED_PASSAGE_PREFIX","",2026-08-19T09:28:17.609Z
cmstkge3c00tt20u1etv4gjle,"Analytical Reasoning","Identifying Assumptions and Drawing Conclusions - Argument Evaluation Inference",AUDITED,CORRECTED — VERIFIED,"STRIPPED_PASSAGE_PREFIX","",2026-08-19T09:28:17.727Z
cmstkge3a00s020u1x70xgyef,"Analytical Reasoning","Identifying Assumptions and Drawing Conclusions - Argument Evaluation Inference",AUDITED,CORRECTED — VERIFIED,"STRIPPED_PASSAGE_PREFIX","",2026-08-19T09:28:17.832Z
cmstkge3a00rx20u1805ngn5h,"Analytical Reasoning","Identifying Assumptions and Drawing Conclusions - Argument Evaluation Inference",AUDITED,CORRECTED — VERIFIED,"STRIPPED_PASSAGE_PREFIX","",2026-08-19T09:28:17.944Z
cmstkge3c00u920u15pmoh40l,"Analytical Reasoning","Identifying Assumptions and Drawing Conclusions - Argument Evaluation Inference",AUDITED,CORRECTED — VERIFIED,"STRIPPED_PASSAGE_PREFIX","",2026-08-19T09:28:18.061Z
cmstkge3c00uj20u1sut6qyw7,"Analytical Reasoning","Identifying Assumptions and Drawing Conclusions - Argument Evaluation Inference",AUDITED,CORRECTED — VERIFIED,"STRIPPED_PASSAGE_PREFIX","",2026-08-19T09:28:18.177Z
cmstkge3c00tp20u1lec6rljn,"Analytical Reasoning","Identifying Assumptions and Drawing Conclusions - Argument Evaluation Inference",AUDITED,CORRECTED — VERIFIED,"STRIPPED_PASSAGE_PREFIX","",2026-08-19T09:28:18.286Z
cmstkge3c00ud20u1nwf7wjqy,"Analytical Reasoning","Identifying Assumptions and Drawing Conclusions - Argument Evaluation Inference",AUDITED,CORRECTED — VERIFIED,"STRIPPED_PASSAGE_PREFIX","",2026-08-19T09:28:18.387Z
cmstkge3c00tz20u19jgtm5qk,"Analytical Reasoning","Identifying Assumptions and Drawing Conclusions - Argument Evaluation Inference",AUDITED,CORRECTED — VERIFIED,"STRIPPED_PASSAGE_PREFIX","",2026-08-19T09:28:18.490Z
cmstkge3c00uh20u1wkqr3kji,"Analytical Reasoning","Identifying Assumptions and Drawing Conclusions - Argument Evaluation Inference",AUDITED,CORRECTED — VERIFIED,"STRIPPED_PASSAGE_PREFIX","",2026-08-19T09:28:18.614Z
cmstkge3c00tl20u1hea1hber,"Analytical Reasoning","Identifying Assumptions and Drawing Conclusions - Argument Evaluation Inference",AUDITED,CORRECTED — VERIFIED,"STRIPPED_PASSAGE_PREFIX","",2026-08-19T09:28:18.741Z
cmstkge3b00tc20u1vl5i1e6m,"Analytical Reasoning","Identifying Assumptions and Drawing Conclusions - Argument Evaluation Inference",AUDITED,CORRECTED — VERIFIED,"STRIPPED_PASSAGE_PREFIX","",2026-08-19T09:28:18.862Z
cmstkge3b00sh20u1izvdf4et,"Analytical Reasoning","Identifying Assumptions and Drawing Conclusions - Argument Evaluation Inference",AUDITED,CORRECTED — VERIFIED,"STRIPPED_PASSAGE_PREFIX","",2026-08-19T09:28:18.983Z
cmstkge3a00rz20u1n1z86ld4,"Analytical Reasoning","Identifying Assumptions and Drawing Conclusions - Argument Evaluation Inference",AUDITED,CORRECTED — VERIFIED,"STRIPPED_PASSAGE_PREFIX","",2026-08-19T09:28:19.104Z
cmstkge3c00u820u18ozwu4u5,"Analytical Reasoning","Identifying Assumptions and Drawing Conclusions - Argument Evaluation Inference",AUDITED,CORRECTED — VERIFIED,"STRIPPED_PASSAGE_PREFIX","",2026-08-19T09:28:19.208Z
cmstkge3c00th20u13huaa8v2,"Analytical Reasoning","Identifying Assumptions and Drawing Conclusions - Argument Evaluation Inference",AUDITED,CORRECTED — VERIFIED,"STRIPPED_PASSAGE_PREFIX","",2026-08-19T09:28:19.310Z
cmstkge3c00tf20u153b92x9e,"Analytical Reasoning","Identifying Assumptions and Drawing Conclusions - Argument Evaluation Inference",AUDITED,CORRECTED — VERIFIED,"STRIPPED_PASSAGE_PREFIX","",2026-08-19T09:28:19.411Z
cmstkge3b00t920u1fxn903ai,"Analytical Reasoning","Identifying Assumptions and Drawing Conclusions - Argument Evaluation Inference",AUDITED,CORRECTED — VERIFIED,"STRIPPED_PASSAGE_PREFIX","",2026-08-19T09:28:19.526Z
cmstkge3b00se20u1q0yq2wug,"Analytical Reasoning","Identifying Assumptions and Drawing Conclusions - Argument Evaluation Inference",AUDITED,CORRECTED — VERIFIED,"STRIPPED_PASSAGE_PREFIX","",2026-08-19T09:28:19.647Z
cmstkge3b00t520u1s4hsx9v1,"Analytical Reasoning","Identifying Assumptions and Drawing Conclusions - Argument Evaluation Inference",AUDITED,CORRECTED — VERIFIED,"STRIPPED_PASSAGE_PREFIX","",2026-08-19T09:28:19.749Z
cmstkge3b00t120u1xhyy0sxh,"Analytical Reasoning","Identifying Assumptions and Drawing Conclusions - Argument Evaluation Inference",AUDITED,CORRECTED — VERIFIED,"STRIPPED_PASSAGE_PREFIX","",2026-08-19T09:28:19.853Z
cmstkge3b00ss20u1wql7pwmn,"Analytical Reasoning","Identifying Assumptions and Drawing Conclusions - Argument Evaluation Inference",AUDITED,CORRECTED — VERIFIED,"STRIPPED_PASSAGE_PREFIX","",2026-08-19T09:28:19.953Z
cmstkge3a00s120u1m8qy1e0k,"Analytical Reasoning","Identifying Assumptions and Drawing Conclusions - Argument Evaluation Inference",AUDITED,CORRECTED — VERIFIED,"STRIPPED_PASSAGE_PREFIX","",2026-08-19T09:28:20.055Z
cmstkge3c00u120u11u08yvux,"Analytical Reasoning","Identifying Assumptions and Drawing Conclusions - Argument Evaluation Inference",AUDITED,CORRECTED — VERIFIED,"STRIPPED_PASSAGE_PREFIX","",2026-08-19T09:28:20.158Z
cmstkge3b00sq20u15nfaj6hx,"Analytical Reasoning","Identifying Assumptions and Drawing Conclusions - Argument Evaluation Inference",AUDITED,CORRECTED — VERIFIED,"STRIPPED_PASSAGE_PREFIX","",2026-08-19T09:28:20.263Z
cmstkge3c00ty20u1jzgalsea,"Analytical Reasoning","Identifying Assumptions and Drawing Conclusions - Argument Evaluation Inference",AUDITED,CORRECTED — VERIFIED,"STRIPPED_PASSAGE_PREFIX","",2026-08-19T09:28:20.365Z
cmstkge3c00tv20u1rk76y7oc,"Analytical Reasoning","Identifying Assumptions and Drawing Conclusions - Argument Evaluation Inference",AUDITED,CORRECTED — VERIFIED,"STRIPPED_PASSAGE_PREFIX","",2026-08-19T09:28:20.467Z
cmstkge3c00tu20u18o181auq,"Analytical Reasoning","Identifying Assumptions and Drawing Conclusions - Argument Evaluation Inference",AUDITED,CORRECTED — VERIFIED,"STRIPPED_PASSAGE_PREFIX","",2026-08-19T09:28:20.569Z
cmstkge3c00ts20u16tscdfuc,"Analytical Reasoning","Identifying Assumptions and Drawing Conclusions - Argument Evaluation Inference",AUDITED,CORRECTED — VERIFIED,"STRIPPED_PASSAGE_PREFIX","",2026-08-19T09:28:20.671Z
cmstkge3c00tr20u1wwymy53r,"Analytical Reasoning","Identifying Assumptions and Drawing Conclusions - Argument Evaluation Inference",AUDITED,CORRECTED — VERIFIED,"STRIPPED_PASSAGE_PREFIX","",2026-08-19T09:28:20.788Z
cmstkge3c00tq20u1bqq9k7cz,"Analytical Reasoning","Identifying Assumptions and Drawing Conclusions - Argument Evaluation Inference",AUDITED,CORRECTED — VERIFIED,"STRIPPED_PASSAGE_PREFIX","",2026-08-19T09:28:20.907Z
cmstkge3c00to20u1hqzzv3a4,"Analytical Reasoning","Identifying Assumptions and Drawing Conclusions - Argument Evaluation Inference",AUDITED,CORRECTED — VERIFIED,"STRIPPED_PASSAGE_PREFIX","",2026-08-19T09:28:21.017Z
cmstkge3c00tn20u1wcehbj9p,"Analytical Reasoning","Identifying Assumptions and Drawing Conclusions - Argument Evaluation Inference",AUDITED,CORRECTED — VERIFIED,"STRIPPED_PASSAGE_PREFIX","",2026-08-19T09:28:21.142Z
cmstkge3c00tm20u1l522lq28,"Analytical Reasoning","Identifying Assumptions and Drawing Conclusions - Argument Evaluation Inference",AUDITED,CORRECTED — VERIFIED,"STRIPPED_PASSAGE_PREFIX","",2026-08-19T09:28:21.252Z
cmstkge3c00tk20u13lvwt8q0,"Analytical Reasoning","Identifying Assumptions and Drawing Conclusions - Argument Evaluation Inference",AUDITED,CORRECTED — VERIFIED,"STRIPPED_PASSAGE_PREFIX","",2026-08-19T09:28:21.357Z
cmstkge3c00ti20u1hx1ofqth,"Analytical Reasoning","Identifying Assumptions and Drawing Conclusions - Argument Evaluation Inference",AUDITED,CORRECTED — VERIFIED,"STRIPPED_PASSAGE_PREFIX","",2026-08-19T09:28:21.479Z
cmstkge3c00te20u12rl8dfxq,"Analytical Reasoning","Identifying Assumptions and Drawing Conclusions - Argument Evaluation Inference",AUDITED,CORRECTED — VERIFIED,"STRIPPED_PASSAGE_PREFIX","",2026-08-19T09:28:21.599Z
cmstkge3b00tb20u141y18uhn,"Analytical Reasoning","Identifying Assumptions and Drawing Conclusions - Argument Evaluation Inference",AUDITED,CORRECTED — VERIFIED,"STRIPPED_PASSAGE_PREFIX","",2026-08-19T09:28:21.718Z
cmstkge3b00ta20u1pnm3suqt,"Analytical Reasoning","Identifying Assumptions and Drawing Conclusions - Argument Evaluation Inference",AUDITED,CORRECTED — VERIFIED,"STRIPPED_PASSAGE_PREFIX","",2026-08-19T09:28:21.834Z
cmstkge3b00t820u1264b32bv,"Analytical Reasoning","Identifying Assumptions and Drawing Conclusions - Argument Evaluation Inference",AUDITED,CORRECTED — VERIFIED,"STRIPPED_PASSAGE_PREFIX","",2026-08-19T09:28:21.951Z
cmstkge3b00t720u1n4hes4ha,"Analytical Reasoning","Identifying Assumptions and Drawing Conclusions - Argument Evaluation Inference",AUDITED,CORRECTED — VERIFIED,"STRIPPED_PASSAGE_PREFIX","",2026-08-19T09:28:22.070Z
cmstkge3b00t620u1q8zudjq9,"Analytical Reasoning","Identifying Assumptions and Drawing Conclusions - Argument Evaluation Inference",AUDITED,CORRECTED — VERIFIED,"STRIPPED_PASSAGE_PREFIX","",2026-08-19T09:28:22.189Z
cmstkge3b00t420u1zztm9g4m,"Analytical Reasoning","Identifying Assumptions and Drawing Conclusions - Argument Evaluation Inference",AUDITED,CORRECTED — VERIFIED,"STRIPPED_PASSAGE_PREFIX","",2026-08-19T09:28:22.307Z
cmstkge3b00t320u1cmm20liz,"Analytical Reasoning","Identifying Assumptions and Drawing Conclusions - Argument Evaluation Inference",AUDITED,CORRECTED — VERIFIED,"STRIPPED_PASSAGE_PREFIX","",2026-08-19T09:28:22.420Z
cmstkge3b00t220u1vo5ekx8i,"Analytical Reasoning","Identifying Assumptions and Drawing Conclusions - Argument Evaluation Inference",AUDITED,CORRECTED — VERIFIED,"STRIPPED_PASSAGE_PREFIX","",2026-08-19T09:28:22.617Z
cmstkge3b00sx20u14ikah4u7,"Analytical Reasoning","Identifying Assumptions and Drawing Conclusions - Argument Evaluation Inference",AUDITED,CORRECTED — VERIFIED,"STRIPPED_PASSAGE_PREFIX","",2026-08-19T09:28:22.718Z
cmstkge3b00t020u1pia2oj3c,"Analytical Reasoning","Identifying Assumptions and Drawing Conclusions - Argument Evaluation Inference",AUDITED,CORRECTED — VERIFIED,"STRIPPED_PASSAGE_PREFIX","",2026-08-19T09:28:22.818Z
cmstkge3b00sz20u1lj65vmpk,"Analytical Reasoning","Identifying Assumptions and Drawing Conclusions - Argument Evaluation Inference",AUDITED,CORRECTED — VERIFIED,"STRIPPED_PASSAGE_PREFIX","",2026-08-19T09:28:22.918Z
cmstkge3b00st20u1b7c8jb8z,"Analytical Reasoning","Identifying Assumptions and Drawing Conclusions - Argument Evaluation Inference",AUDITED,CORRECTED — VERIFIED,"STRIPPED_PASSAGE_PREFIX","",2026-08-19T09:28:23.036Z
cmstkge3b00sv20u1spttasze,"Analytical Reasoning","Identifying Assumptions and Drawing Conclusions - Argument Evaluation Inference",AUDITED,CORRECTED — VERIFIED,"STRIPPED_PASSAGE_PREFIX","",2026-08-19T09:28:23.153Z
cmstkge3b00su20u1as145yfb,"Analytical Reasoning","Identifying Assumptions and Drawing Conclusions - Argument Evaluation Inference",AUDITED,CORRECTED — VERIFIED,"STRIPPED_PASSAGE_PREFIX","",2026-08-19T09:28:23.270Z
cmstkge3b00sr20u1o8it1aqr,"Analytical Reasoning","Identifying Assumptions and Drawing Conclusions - Argument Evaluation Inference",AUDITED,CORRECTED — VERIFIED,"STRIPPED_PASSAGE_PREFIX","",2026-08-19T09:28:23.371Z
cmstkge3b00so20u1ll3r0dwp,"Analytical Reasoning","Identifying Assumptions and Drawing Conclusions - Argument Evaluation Inference",AUDITED,CORRECTED — VERIFIED,"STRIPPED_PASSAGE_PREFIX","",2026-08-19T09:28:23.478Z
cmstkge3b00sp20u15gqniac7,"Analytical Reasoning","Identifying Assumptions and Drawing Conclusions - Argument Evaluation Inference",AUDITED,CORRECTED — VERIFIED,"STRIPPED_PASSAGE_PREFIX","",2026-08-19T09:28:23.603Z
cmstkge3b00sl20u16t7a0lt3,"Analytical Reasoning","Identifying Assumptions and Drawing Conclusions - Argument Evaluation Inference",AUDITED,CORRECTED — VERIFIED,"STRIPPED_PASSAGE_PREFIX","",2026-08-19T09:28:23.724Z
cmstkge3b00sm20u10wse2m0y,"Analytical Reasoning","Identifying Assumptions and Drawing Conclusions - Argument Evaluation Inference",AUDITED,CORRECTED — VERIFIED,"STRIPPED_PASSAGE_PREFIX","",2026-08-19T09:28:23.844Z
cmstkge3b00sn20u1ryrczgga,"Analytical Reasoning","Identifying Assumptions and Drawing Conclusions - Argument Evaluation Inference",AUDITED,CORRECTED — VERIFIED,"STRIPPED_PASSAGE_PREFIX","",2026-08-19T09:28:23.965Z
cmstkge3b00sg20u141elhr79,"Analytical Reasoning","Identifying Assumptions and Drawing Conclusions - Argument Evaluation Inference",AUDITED,CORRECTED — VERIFIED,"STRIPPED_PASSAGE_PREFIX","",2026-08-19T09:28:24.084Z
cmstkge3b00sf20u1l3ci839q,"Analytical Reasoning","Identifying Assumptions and Drawing Conclusions - Argument Evaluation Inference",AUDITED,CORRECTED — VERIFIED,"STRIPPED_PASSAGE_PREFIX","",2026-08-19T09:28:24.190Z
cmstkge3b00sd20u1c7sgwpks,"Analytical Reasoning","Identifying Assumptions and Drawing Conclusions - Argument Evaluation Inference",AUDITED,CORRECTED — VERIFIED,"STRIPPED_PASSAGE_PREFIX","",2026-08-19T09:28:24.304Z
cmstkge3b00sb20u1vqg7vi94,"Analytical Reasoning","Identifying Assumptions and Drawing Conclusions - Argument Evaluation Inference",AUDITED,CORRECTED — VERIFIED,"STRIPPED_PASSAGE_PREFIX","",2026-08-19T09:28:24.422Z
cmstkge3b00s920u115u2wshn,"Analytical Reasoning","Identifying Assumptions and Drawing Conclusions - Argument Evaluation Inference",AUDITED,CORRECTED — VERIFIED,"STRIPPED_PASSAGE_PREFIX","",2026-08-19T09:28:24.538Z
cmstkge3b00s720u11zgdkktk,"Analytical Reasoning","Identifying Assumptions and Drawing Conclusions - Argument Evaluation Inference",AUDITED,CORRECTED — VERIFIED,"STRIPPED_PASSAGE_PREFIX","",2026-08-19T09:28:24.658Z
cmstkge3b00s520u1o9vusys2,"Analytical Reasoning","Identifying Assumptions and Drawing Conclusions - Argument Evaluation Inference",AUDITED,CORRECTED — VERIFIED,"STRIPPED_PASSAGE_PREFIX","",2026-08-19T09:28:24.759Z
cmstkge3b00s320u14rguauf1,"Analytical Reasoning","Identifying Assumptions and Drawing Conclusions - Argument Evaluation Inference",AUDITED,CORRECTED — VERIFIED,"STRIPPED_PASSAGE_PREFIX","",2026-08-19T09:28:24.862Z
cmstkge3a00ry20u1b1nullp8,"Analytical Reasoning","Identifying Assumptions and Drawing Conclusions - Argument Evaluation Inference",AUDITED,CORRECTED — VERIFIED,"STRIPPED_PASSAGE_PREFIX","",2026-08-19T09:28:24.985Z
cmstkge3a00ru20u145vneu3b,"Analytical Reasoning","Identifying Assumptions and Drawing Conclusions - Argument Evaluation Inference",AUDITED,CORRECTED — VERIFIED,"STRIPPED_PASSAGE_PREFIX","",2026-08-19T09:28:25.104Z
cmstkge3a00rt20u1cdv8y7eq,"Analytical Reasoning","Identifying Assumptions and Drawing Conclusions - Argument Evaluation Inference",AUDITED,CORRECTED — VERIFIED,"STRIPPED_PASSAGE_PREFIX","",2026-08-19T09:28:25.206Z
cmstkge3c00uf20u1c2w9z8t0,"Analytical Reasoning","Identifying Assumptions and Drawing Conclusions - Argument Evaluation Inference",AUDITED,CORRECTED — VERIFIED,"STRIPPED_PASSAGE_PREFIX","",2026-08-19T09:28:25.325Z
cmstkge3c00ug20u18zbh6m1m,"Analytical Reasoning","Identifying Assumptions and Drawing Conclusions - Argument Evaluation Inference",AUDITED,CORRECTED — VERIFIED,"STRIPPED_PASSAGE_PREFIX","",2026-08-19T09:28:25.441Z
cmstkge3c00ua20u1qws8v6fa,"Analytical Reasoning","Identifying Assumptions and Drawing Conclusions - Argument Evaluation Inference",AUDITED,CORRECTED — VERIFIED,"STRIPPED_PASSAGE_PREFIX","",2026-08-19T09:28:25.551Z
cmstkge3c00uc20u130003lp6,"Analytical Reasoning","Identifying Assumptions and Drawing Conclusions - Argument Evaluation Inference",AUDITED,CORRECTED — VERIFIED,"STRIPPED_PASSAGE_PREFIX","",2026-08-19T09:28:25.677Z
cmstkge3c00ub20u1m7lavqx1,"Analytical Reasoning","Identifying Assumptions and Drawing Conclusions - Argument Evaluation Inference",AUDITED,CORRECTED — VERIFIED,"STRIPPED_PASSAGE_PREFIX","",2026-08-19T09:28:25.798Z
cmstkge3c00u720u1ngbxytvg,"Analytical Reasoning","Identifying Assumptions and Drawing Conclusions - Argument Evaluation Inference",AUDITED,CORRECTED — VERIFIED,"STRIPPED_PASSAGE_PREFIX","",2026-08-19T09:28:25.908Z
cmstkge3c00u620u1s64fbjcj,"Analytical Reasoning","Identifying Assumptions and Drawing Conclusions - Argument Evaluation Inference",AUDITED,CORRECTED — VERIFIED,"STRIPPED_PASSAGE_PREFIX","",2026-08-19T09:28:26.045Z
cmstkge3c00u420u1g1nrt5pp,"Analytical Reasoning","Identifying Assumptions and Drawing Conclusions - Argument Evaluation Inference",AUDITED,CORRECTED — VERIFIED,"STRIPPED_PASSAGE_PREFIX","",2026-08-19T09:28:26.161Z
cmstkge3c00u320u1ig77f34y,"Analytical Reasoning","Identifying Assumptions and Drawing Conclusions - Argument Evaluation Inference",AUDITED,CORRECTED — VERIFIED,"STRIPPED_PASSAGE_PREFIX","",2026-08-19T09:28:26.268Z
cmstkge3c00ue20u1olwfez2x,"Analytical Reasoning","Identifying Assumptions and Drawing Conclusions - Argument Evaluation Inference",AUDITED,CORRECTED — VERIFIED,"STRIPPED_PASSAGE_PREFIX","",2026-08-19T09:28:26.371Z
cmstkge3c00u220u1p6etptqo,"Analytical Reasoning","Identifying Assumptions and Drawing Conclusions - Argument Evaluation Inference",AUDITED,CORRECTED — VERIFIED,"STRIPPED_PASSAGE_PREFIX","",2026-08-19T09:28:26.474Z
cmstkge3c00u020u1817baxw0,"Analytical Reasoning","Identifying Assumptions and Drawing Conclusions - Argument Evaluation Inference",AUDITED,CORRECTED — VERIFIED,"STRIPPED_PASSAGE_PREFIX","",2026-08-19T09:28:26.607Z
cmstkgeas00wi20u16gn369cq,"Analytical Reasoning","Data Interpretation - Data Analysis",AUDITED,CORRECTED — VERIFIED,"STRIPPED_PASSAGE_PREFIX","",2026-08-19T09:28:26.711Z
cmstkgeas00wa20u1uah5uq3l,"Analytical Reasoning","Data Interpretation - Data Analysis",AUDITED,CORRECTED — VERIFIED,"STRIPPED_PASSAGE_PREFIX","",2026-08-19T09:28:26.840Z
cmstkgeas00wc20u1qlm3iefi,"Analytical Reasoning","Data Interpretation - Data Analysis",AUDITED,CORRECTED — VERIFIED,"STRIPPED_PASSAGE_PREFIX","",2026-08-19T09:28:26.943Z
cmstkgeas00wb20u1mxsowwns,"Analytical Reasoning","Data Interpretation - Data Analysis",AUDITED,CORRECTED — VERIFIED,"STRIPPED_PASSAGE_PREFIX","",2026-08-19T09:28:27.050Z
cmstkgeas00w620u1ou3xmort,"Analytical Reasoning","Data Interpretation - Data Analysis",AUDITED,CORRECTED — VERIFIED,"STRIPPED_PASSAGE_PREFIX","",2026-08-19T09:28:27.174Z
cmstkgeas00w820u1qg6gdmcn,"Analytical Reasoning","Data Interpretation - Data Analysis",AUDITED,CORRECTED — VERIFIED,"STRIPPED_PASSAGE_PREFIX","",2026-08-19T09:28:27.297Z
cmstkgeas00w720u11hckkeuu,"Analytical Reasoning","Data Interpretation - Data Analysis",AUDITED,CORRECTED — VERIFIED,"STRIPPED_PASSAGE_PREFIX","",2026-08-19T09:28:27.419Z
cmstkgeas00w220u1x3hsiwdt,"Analytical Reasoning","Data Interpretation - Data Analysis",AUDITED,CORRECTED — VERIFIED,"STRIPPED_PASSAGE_PREFIX","",2026-08-19T09:28:27.537Z
cmstkgeas00w420u1jm2u00ja,"Analytical Reasoning","Data Interpretation - Data Analysis",AUDITED,CORRECTED — VERIFIED,"STRIPPED_PASSAGE_PREFIX","",2026-08-19T09:28:27.659Z
cmstkgeas00w320u14n62osif,"Analytical Reasoning","Data Interpretation - Data Analysis",AUDITED,CORRECTED — VERIFIED,"STRIPPED_PASSAGE_PREFIX","",2026-08-19T09:28:27.777Z
cmstkgeas00vy20u15fstpo7n,"Analytical Reasoning","Data Interpretation - Data Analysis",AUDITED,CORRECTED — VERIFIED,"STRIPPED_PASSAGE_PREFIX","",2026-08-19T09:28:27.886Z
cmstkgeas00w020u1wvnm01dh,"Analytical Reasoning","Data Interpretation - Data Analysis",AUDITED,CORRECTED — VERIFIED,"STRIPPED_PASSAGE_PREFIX","",2026-08-19T09:28:27.996Z
cmstkgeas00vz20u1gim0etxo,"Analytical Reasoning","Data Interpretation - Data Analysis",AUDITED,CORRECTED — VERIFIED,"STRIPPED_PASSAGE_PREFIX","",2026-08-19T09:28:28.124Z
cmstkgeas00vu20u1ay8qbqva,"Analytical Reasoning","Data Interpretation - Data Analysis",AUDITED,CORRECTED — VERIFIED,"STRIPPED_PASSAGE_PREFIX","",2026-08-19T09:28:28.235Z
cmstkgeas00vw20u1gis6m5ya,"Analytical Reasoning","Data Interpretation - Data Analysis",AUDITED,CORRECTED — VERIFIED,"STRIPPED_PASSAGE_PREFIX","",2026-08-19T09:28:28.345Z
cmstkgeas00vv20u17o5vbpwv,"Analytical Reasoning","Data Interpretation - Data Analysis",AUDITED,CORRECTED — VERIFIED,"STRIPPED_PASSAGE_PREFIX","",2026-08-19T09:28:28.448Z
cmstkgeas00vq20u1hyqospxu,"Analytical Reasoning","Data Interpretation - Data Analysis",AUDITED,CORRECTED — VERIFIED,"STRIPPED_PASSAGE_PREFIX","",2026-08-19T09:28:28.552Z
cmstkgeas00vs20u18r468le6,"Analytical Reasoning","Data Interpretation - Data Analysis",AUDITED,CORRECTED — VERIFIED,"STRIPPED_PASSAGE_PREFIX","",2026-08-19T09:28:28.657Z
cmstkgeas00vr20u1ji3ga78u,"Analytical Reasoning","Data Interpretation - Data Analysis",AUDITED,CORRECTED — VERIFIED,"STRIPPED_PASSAGE_PREFIX","",2026-08-19T09:28:28.759Z
cmstkgeas00vm20u1tmntovfy,"Analytical Reasoning","Data Interpretation - Data Analysis",AUDITED,CORRECTED — VERIFIED,"STRIPPED_PASSAGE_PREFIX","",2026-08-19T09:28:28.863Z
cmstkgeas00vj20u1thucfaxa,"Analytical Reasoning","Data Interpretation - Data Analysis",AUDITED,CORRECTED — VERIFIED,"STRIPPED_PASSAGE_PREFIX","",2026-08-19T09:28:28.972Z
cmstkgeas00vi20u19pxdhy58,"Analytical Reasoning","Data Interpretation - Data Analysis",AUDITED,CORRECTED — VERIFIED,"STRIPPED_PASSAGE_PREFIX","",2026-08-19T09:28:29.076Z
cmstkgeas00vf20u15b22ye3h,"Analytical Reasoning","Data Interpretation - Data Analysis",AUDITED,CORRECTED — VERIFIED,"STRIPPED_PASSAGE_PREFIX","",2026-08-19T09:28:29.178Z
cmstkgeas00ve20u1uov25pwr,"Analytical Reasoning","Data Interpretation - Data Analysis",AUDITED,CORRECTED — VERIFIED,"STRIPPED_PASSAGE_PREFIX","",2026-08-19T09:28:29.282Z
cmstkgear00vb20u157pbkqze,"Analytical Reasoning","Data Interpretation - Data Analysis",AUDITED,CORRECTED — VERIFIED,"STRIPPED_PASSAGE_PREFIX","",2026-08-19T09:28:29.386Z
cmstkgear00va20u15evgc91i,"Analytical Reasoning","Data Interpretation - Data Analysis",AUDITED,CORRECTED — VERIFIED,"STRIPPED_PASSAGE_PREFIX","",2026-08-19T09:28:29.491Z
cmstkgear00v620u1c5mgasy9,"Analytical Reasoning","Data Interpretation - Data Analysis",AUDITED,CORRECTED — VERIFIED,"STRIPPED_PASSAGE_PREFIX","",2026-08-19T09:28:29.594Z
cmstkgear00v820u16hmv3suh,"Analytical Reasoning","Data Interpretation - Data Analysis",AUDITED,CORRECTED — VERIFIED,"STRIPPED_PASSAGE_PREFIX","",2026-08-19T09:28:29.702Z
cmstkgear00v720u1vpt21x7w,"Analytical Reasoning","Data Interpretation - Data Analysis",AUDITED,CORRECTED — VERIFIED,"STRIPPED_PASSAGE_PREFIX","",2026-08-19T09:28:29.806Z
cmstkgear00v220u1cy2kxmyp,"Analytical Reasoning","Data Interpretation - Data Analysis",AUDITED,CORRECTED — VERIFIED,"STRIPPED_PASSAGE_PREFIX","",2026-08-19T09:28:29.937Z
cmstkgear00v420u14w8pe41d,"Analytical Reasoning","Data Interpretation - Data Analysis",AUDITED,CORRECTED — VERIFIED,"STRIPPED_PASSAGE_PREFIX","",2026-08-19T09:28:30.043Z
cmstkgear00v320u1ql1a1zai,"Analytical Reasoning","Data Interpretation - Data Analysis",AUDITED,CORRECTED — VERIFIED,"STRIPPED_PASSAGE_PREFIX","",2026-08-19T09:28:30.148Z
cmstkgear00uy20u1bd491vnq,"Analytical Reasoning","Identifying Assumptions and Drawing Conclusions - Argument Evaluation Inference",AUDITED,CORRECTED — VERIFIED,"STRIPPED_PASSAGE_PREFIX","",2026-08-19T09:28:30.280Z
cmstkgear00v020u1b5dhdaue,"Analytical Reasoning","Data Interpretation - Data Analysis",AUDITED,CORRECTED — VERIFIED,"STRIPPED_PASSAGE_PREFIX","",2026-08-19T09:28:30.394Z
cmstkgear00uz20u17cutfkjz,"Analytical Reasoning","Data Interpretation - Data Analysis",AUDITED,CORRECTED — VERIFIED,"STRIPPED_PASSAGE_PREFIX","",2026-08-19T09:28:30.499Z
cmstkgear00uw20u1rz3p0ipt,"Analytical Reasoning","Identifying Assumptions and Drawing Conclusions - Argument Evaluation Inference",AUDITED,CORRECTED — VERIFIED,"STRIPPED_PASSAGE_PREFIX","",2026-08-19T09:28:30.607Z
cmstkgear00ur20u1mlejgka1,"Analytical Reasoning","Identifying Assumptions and Drawing Conclusions - Argument Evaluation Inference",AUDITED,CORRECTED — VERIFIED,"STRIPPED_PASSAGE_PREFIX","",2026-08-19T09:28:30.715Z
cmstkgear00uq20u1gi0nobbk,"Analytical Reasoning","Identifying Assumptions and Drawing Conclusions - Argument Evaluation Inference",AUDITED,CORRECTED — VERIFIED,"STRIPPED_PASSAGE_PREFIX","",2026-08-19T09:28:30.826Z
cmstkgear00um20u105zdj852,"Analytical Reasoning","Identifying Assumptions and Drawing Conclusions - Argument Evaluation Inference",AUDITED,CORRECTED — VERIFIED,"STRIPPED_PASSAGE_PREFIX","",2026-08-19T09:28:30.936Z
cmstkgear00un20u1l0j6vjor,"Analytical Reasoning","Identifying Assumptions and Drawing Conclusions - Argument Evaluation Inference",AUDITED,CORRECTED — VERIFIED,"STRIPPED_PASSAGE_PREFIX","",2026-08-19T09:28:31.040Z
cmstkgear00uo20u1ouhotihf,"Analytical Reasoning","Identifying Assumptions and Drawing Conclusions - Argument Evaluation Inference",AUDITED,CORRECTED — VERIFIED,"STRIPPED_PASSAGE_PREFIX","",2026-08-19T09:28:31.147Z
cmstkgear00uk20u1p2lqhva4,"Analytical Reasoning","Identifying Assumptions and Drawing Conclusions - Argument Evaluation Inference",AUDITED,CORRECTED — VERIFIED,"STRIPPED_PASSAGE_PREFIX","",2026-08-19T09:28:31.255Z
cmstkgeas00wg20u1sllk122b,"Analytical Reasoning","Data Interpretation - Data Analysis",AUDITED,CORRECTED — VERIFIED,"STRIPPED_PASSAGE_PREFIX","",2026-08-19T09:28:31.360Z
cmstkgeat00x620u1kvo23qzr,"Analytical Reasoning","Data Interpretation - Data Analysis",AUDITED,CORRECTED — VERIFIED,"STRIPPED_PASSAGE_PREFIX","",2026-08-19T09:28:31.469Z
cmstkgeat00x820u1v47a194n,"Analytical Reasoning","Data Interpretation - Data Analysis",AUDITED,CORRECTED — VERIFIED,"STRIPPED_PASSAGE_PREFIX","",2026-08-19T09:28:31.575Z
cmstkgeat00x720u1c8l25k9t,"Analytical Reasoning","Data Interpretation - Data Analysis",AUDITED,CORRECTED — VERIFIED,"STRIPPED_PASSAGE_PREFIX","",2026-08-19T09:28:31.679Z
cmstkgeat00x220u15xwvcwgn,"Analytical Reasoning","Data Interpretation - Data Analysis",AUDITED,CORRECTED — VERIFIED,"STRIPPED_PASSAGE_PREFIX","",2026-08-19T09:28:31.800Z
cmstkgeat00x420u1oarycszm,"Analytical Reasoning","Data Interpretation - Data Analysis",AUDITED,CORRECTED — VERIFIED,"STRIPPED_PASSAGE_PREFIX","",2026-08-19T09:28:31.919Z
cmstkgeat00x320u1fdsuxaer,"Analytical Reasoning","Data Interpretation - Data Analysis",AUDITED,CORRECTED — VERIFIED,"STRIPPED_PASSAGE_PREFIX","",2026-08-19T09:28:32.024Z
cmstkgeat00wy20u1bzgyvqfv,"Analytical Reasoning","Data Interpretation - Data Analysis",AUDITED,CORRECTED — VERIFIED,"STRIPPED_PASSAGE_PREFIX","",2026-08-19T09:28:32.129Z
cmstkgeat00x020u1kc02he9l,"Analytical Reasoning","Data Interpretation - Data Analysis",AUDITED,CORRECTED — VERIFIED,"STRIPPED_PASSAGE_PREFIX","",2026-08-19T09:28:32.250Z
cmstkgeat00wz20u1w7vg9oef,"Analytical Reasoning","Data Interpretation - Data Analysis",AUDITED,CORRECTED — VERIFIED,"STRIPPED_PASSAGE_PREFIX","",2026-08-19T09:28:32.352Z
cmstkgeas00wt20u1c2i6x4au,"Analytical Reasoning","Data Interpretation - Data Analysis",AUDITED,CORRECTED — VERIFIED,"STRIPPED_PASSAGE_PREFIX","",2026-08-19T09:28:32.457Z
cmstkgeas00wv20u1ruzxzp0e,"Analytical Reasoning","Data Interpretation - Data Analysis",AUDITED,CORRECTED — VERIFIED,"STRIPPED_PASSAGE_PREFIX","",2026-08-19T09:28:32.563Z
cmstkgeas00wu20u15gmy92kl,"Analytical Reasoning","Data Interpretation - Data Analysis",AUDITED,CORRECTED — VERIFIED,"STRIPPED_PASSAGE_PREFIX","",2026-08-19T09:28:32.665Z
cmstkgeas00wq20u1x54a3apo,"Analytical Reasoning","Data Interpretation - Data Analysis",AUDITED,CORRECTED — VERIFIED,"STRIPPED_PASSAGE_PREFIX","",2026-08-19T09:28:32.769Z
cmstkgeas00ws20u1u5y2n90x,"Analytical Reasoning","Data Interpretation - Data Analysis",AUDITED,CORRECTED — VERIFIED,"STRIPPED_PASSAGE_PREFIX","",2026-08-19T09:28:32.874Z
cmstkgeas00wl20u1ityl1bcq,"Analytical Reasoning","Data Interpretation - Data Analysis",AUDITED,CORRECTED — VERIFIED,"STRIPPED_PASSAGE_PREFIX","",2026-08-19T09:28:32.998Z
cmstkgeas00wo20u154cd64cs,"Analytical Reasoning","Data Interpretation - Data Analysis",AUDITED,CORRECTED — VERIFIED,"STRIPPED_PASSAGE_PREFIX","",2026-08-19T09:28:33.106Z
cmstkgeas00wm20u1lptzaghe,"Analytical Reasoning","Data Interpretation - Data Analysis",AUDITED,CORRECTED — VERIFIED,"STRIPPED_PASSAGE_PREFIX","",2026-08-19T09:28:33.209Z
cmstkgeas00wj20u1lugfykyu,"Analytical Reasoning","Data Interpretation - Data Analysis",AUDITED,CORRECTED — VERIFIED,"STRIPPED_PASSAGE_PREFIX","",2026-08-19T09:28:33.313Z
cmstkgeas00we20u1t2745j9z,"Analytical Reasoning","Data Interpretation - Data Analysis",AUDITED,CORRECTED — VERIFIED,"STRIPPED_PASSAGE_PREFIX","",2026-08-19T09:28:33.416Z
cmstkgeas00wf20u1m7ruafte,"Analytical Reasoning","Data Interpretation - Data Analysis",AUDITED,CORRECTED — VERIFIED,"STRIPPED_PASSAGE_PREFIX","",2026-08-19T09:28:33.539Z
cmstkgeat00xa20u1cxd6yb16,"Analytical Reasoning","Data Interpretation - Data Analysis",AUDITED,CORRECTED — VERIFIED,"STRIPPED_PASSAGE_PREFIX","",2026-08-19T09:28:33.659Z
cmstkgeat00xb20u19yonixw0,"Analytical Reasoning","Data Interpretation - Data Analysis",AUDITED,CORRECTED — VERIFIED,"STRIPPED_PASSAGE_PREFIX","",2026-08-19T09:28:33.864Z
cmstkgeas00wk20u10nl2wzwt,"Analytical Reasoning","Data Interpretation - Data Analysis",AUDITED,CORRECTED — VERIFIED,"STRIPPED_PASSAGE_PREFIX","",2026-08-19T09:28:33.971Z
cmstkgeas00ww20u12esqvsge,"Analytical Reasoning","Data Interpretation - Data Analysis",AUDITED,CORRECTED — VERIFIED,"STRIPPED_PASSAGE_PREFIX","",2026-08-19T09:28:34.075Z
cmstkgeas00wn20u140dqmr7g,"Analytical Reasoning","Data Interpretation - Data Analysis",AUDITED,CORRECTED — VERIFIED,"STRIPPED_PASSAGE_PREFIX","",2026-08-19T09:28:34.179Z
cmstkgear00v920u1kjgvxvna,"Analytical Reasoning","Data Interpretation - Data Analysis",AUDITED,CORRECTED — VERIFIED,"STRIPPED_PASSAGE_PREFIX","",2026-08-19T09:28:34.286Z
cmstkgear00uv20u1q4ivy4bq,"Analytical Reasoning","Identifying Assumptions and Drawing Conclusions - Argument Evaluation Inference",AUDITED,CORRECTED — VERIFIED,"STRIPPED_PASSAGE_PREFIX","",2026-08-19T09:28:34.395Z
cmstkgear00vc20u1kjis9vpy,"Analytical Reasoning","Data Interpretation - Data Analysis",AUDITED,CORRECTED — VERIFIED,"STRIPPED_PASSAGE_PREFIX","",2026-08-19T09:28:34.503Z
cmstkgear00ul20u1wrrcgvio,"Analytical Reasoning","Identifying Assumptions and Drawing Conclusions - Argument Evaluation Inference",AUDITED,CORRECTED — VERIFIED,"STRIPPED_PASSAGE_PREFIX","",2026-08-19T09:28:34.611Z
cmstkgeas00wx20u1pno3cws1,"Analytical Reasoning","Data Interpretation - Data Analysis",AUDITED,CORRECTED — VERIFIED,"STRIPPED_PASSAGE_PREFIX","",2026-08-19T09:28:34.736Z
cmstkgeas00vl20u1gdn1e8db,"Analytical Reasoning","Data Interpretation - Data Analysis",AUDITED,CORRECTED — VERIFIED,"STRIPPED_PASSAGE_PREFIX","",2026-08-19T09:28:34.841Z
cmstkgear00v120u12gamvw4j,"Analytical Reasoning","Data Interpretation - Data Analysis",AUDITED,CORRECTED — VERIFIED,"STRIPPED_PASSAGE_PREFIX","",2026-08-19T09:28:34.947Z
cmstkgear00uu20u1ggnrrq4y,"Analytical Reasoning","Identifying Assumptions and Drawing Conclusions - Argument Evaluation Inference",AUDITED,CORRECTED — VERIFIED,"STRIPPED_PASSAGE_PREFIX","",2026-08-19T09:28:35.055Z
cmstkgeas00vp20u1no2w9r79,"Analytical Reasoning","Data Interpretation - Data Analysis",AUDITED,CORRECTED — VERIFIED,"STRIPPED_PASSAGE_PREFIX","",2026-08-19T09:28:35.162Z
cmstkgeas00vk20u1xrnpxjzx,"Analytical Reasoning","Data Interpretation - Data Analysis",AUDITED,CORRECTED — VERIFIED,"STRIPPED_PASSAGE_PREFIX","",2026-08-19T09:28:35.266Z
cmstkgear00vd20u1bifbl0cy,"Analytical Reasoning","Data Interpretation - Data Analysis",AUDITED,CORRECTED — VERIFIED,"STRIPPED_PASSAGE_PREFIX","",2026-08-19T09:28:35.372Z
cmstkgeas00vo20u1h0gmz260,"Analytical Reasoning","Data Interpretation - Data Analysis",AUDITED,CORRECTED — VERIFIED,"STRIPPED_PASSAGE_PREFIX","",2026-08-19T09:28:35.477Z
cmstkgeas00wp20u1pmurkf0u,"Analytical Reasoning","Data Interpretation - Data Analysis",AUDITED,CORRECTED — VERIFIED,"STRIPPED_PASSAGE_PREFIX","",2026-08-19T09:28:35.585Z
cmstkgeas00vt20u1pc70dybg,"Analytical Reasoning","Data Interpretation - Data Analysis",AUDITED,CORRECTED — VERIFIED,"STRIPPED_PASSAGE_PREFIX","",2026-08-19T09:28:35.698Z
cmstkgear00v520u1uy9f2ef3,"Analytical Reasoning","Data Interpretation - Data Analysis",AUDITED,CORRECTED — VERIFIED,"STRIPPED_PASSAGE_PREFIX","",2026-08-19T09:28:35.807Z
cmstkgear00ut20u1feppk9jr,"Analytical Reasoning","Identifying Assumptions and Drawing Conclusions - Argument Evaluation Inference",AUDITED,CORRECTED — VERIFIED,"STRIPPED_PASSAGE_PREFIX","",2026-08-19T09:28:35.914Z
cmstkgeat00x520u1gtdqwyvk,"Analytical Reasoning","Data Interpretation - Data Analysis",AUDITED,CORRECTED — VERIFIED,"STRIPPED_PASSAGE_PREFIX","",2026-08-19T09:28:36.016Z
cmstkgeas00wr20u1m21sb712,"Analytical Reasoning","Data Interpretation - Data Analysis",AUDITED,CORRECTED — VERIFIED,"STRIPPED_PASSAGE_PREFIX","",2026-08-19T09:28:36.121Z
cmstkgeas00vh20u1xjcymtx5,"Analytical Reasoning","Data Interpretation - Data Analysis",AUDITED,CORRECTED — VERIFIED,"STRIPPED_PASSAGE_PREFIX","",2026-08-19T09:28:36.226Z
cmstkgeas00wh20u1ucgzwg0c,"Analytical Reasoning","Data Interpretation - Data Analysis",AUDITED,CORRECTED — VERIFIED,"STRIPPED_PASSAGE_PREFIX","",2026-08-19T09:28:36.331Z
cmstkgeas00wd20u1efwfa581,"Analytical Reasoning","Data Interpretation - Data Analysis",AUDITED,CORRECTED — VERIFIED,"STRIPPED_PASSAGE_PREFIX","",2026-08-19T09:28:36.435Z
cmstkgeat00x120u1hpg8vfpe,"Analytical Reasoning","Data Interpretation - Data Analysis",AUDITED,CORRECTED — VERIFIED,"STRIPPED_PASSAGE_PREFIX","",2026-08-19T09:28:36.541Z
cmstkgeas00w920u13xefgijv,"Analytical Reasoning","Data Interpretation - Data Analysis",AUDITED,CORRECTED — VERIFIED,"STRIPPED_PASSAGE_PREFIX","",2026-08-19T09:28:36.646Z
cmstkgear00ux20u1698anc7u,"Analytical Reasoning","Identifying Assumptions and Drawing Conclusions - Argument Evaluation Inference",AUDITED,CORRECTED — VERIFIED,"STRIPPED_PASSAGE_PREFIX","",2026-08-19T09:28:36.755Z
cmstkgeas00vx20u1lkvmhxx1,"Analytical Reasoning","Data Interpretation - Data Analysis",AUDITED,CORRECTED — VERIFIED,"STRIPPED_PASSAGE_PREFIX","",2026-08-19T09:28:36.858Z
cmstkgear00us20u1mw9e4is2,"Analytical Reasoning","Identifying Assumptions and Drawing Conclusions - Argument Evaluation Inference",AUDITED,CORRECTED — VERIFIED,"STRIPPED_PASSAGE_PREFIX","",2026-08-19T09:28:36.964Z
cmstkgeas00w520u19xivzqgj,"Analytical Reasoning","Data Interpretation - Data Analysis",AUDITED,CORRECTED — VERIFIED,"STRIPPED_PASSAGE_PREFIX","",2026-08-19T09:28:37.071Z
cmstkgeas00w120u1qdbckl6b,"Analytical Reasoning","Data Interpretation - Data Analysis",AUDITED,CORRECTED — VERIFIED,"STRIPPED_PASSAGE_PREFIX","",2026-08-19T09:28:37.196Z
cmstkgeas00vn20u1erq7975c,"Analytical Reasoning","Data Interpretation - Data Analysis",AUDITED,CORRECTED — VERIFIED,"STRIPPED_PASSAGE_PREFIX","",2026-08-19T09:28:37.301Z
cmstkgeat00x920u1n92ze1dp,"Analytical Reasoning","Data Interpretation - Data Analysis",AUDITED,CORRECTED — VERIFIED,"STRIPPED_PASSAGE_PREFIX","",2026-08-19T09:28:37.405Z
cmstkgear00up20u1rlswqo23,"Analytical Reasoning","Identifying Assumptions and Drawing Conclusions - Argument Evaluation Inference",AUDITED,CORRECTED — VERIFIED,"STRIPPED_PASSAGE_PREFIX","",2026-08-19T09:28:37.511Z
cmstkgeas00vg20u1tok7bhcc,"Analytical Reasoning","Data Interpretation - Data Analysis",AUDITED,CORRECTED — VERIFIED,"STRIPPED_PASSAGE_PREFIX","",2026-08-19T09:28:37.622Z
cmstkgeie00zk20u10ml02lfl,"Analytical Reasoning","Data Interpretation - Quantitative and Graphical Analysis",AUDITED,CORRECTED — VERIFIED,"STRIPPED_PASSAGE_PREFIX","",2026-08-19T09:28:37.730Z
cmstkgeif010120u1fg2855l9,"General Information","Philippine Constitution - Constitutional Articles and Doctrines",AUDITED,VERIFIED,"","",2026-08-19T09:28:37.744Z
cmstkgeie00ye20u1uyfqcyms,"Analytical Reasoning","Data Interpretation - Quantitative and Graphical Analysis",AUDITED,CORRECTED — VERIFIED,"STRIPPED_PASSAGE_PREFIX","",2026-08-19T09:28:37.849Z
cmstkgeif010320u1204b0mh1,"General Information","Philippine Constitution - Constitutional Articles and Doctrines",AUDITED,VERIFIED,"","",2026-08-19T09:28:37.862Z
cmstkgeie00yw20u1nq7vz7fv,"Analytical Reasoning","Data Interpretation - Quantitative and Graphical Analysis",AUDITED,CORRECTED — VERIFIED,"STRIPPED_PASSAGE_PREFIX","",2026-08-19T09:28:37.968Z
cmstkgeie00yy20u1er2r07iq,"Analytical Reasoning","Data Interpretation - Quantitative and Graphical Analysis",AUDITED,CORRECTED — VERIFIED,"STRIPPED_PASSAGE_PREFIX","",2026-08-19T09:28:38.073Z
cmstkgeie00ya20u1eftxwjtw,"Analytical Reasoning","Data Interpretation - Quantitative and Graphical Analysis",AUDITED,CORRECTED — VERIFIED,"STRIPPED_PASSAGE_PREFIX","",2026-08-19T09:28:38.179Z
cmstkgeid00y520u1rrahkzt8,"Analytical Reasoning","Data Interpretation - Quantitative and Graphical Analysis",AUDITED,CORRECTED — VERIFIED,"STRIPPED_PASSAGE_PREFIX","",2026-08-19T09:28:38.285Z
cmstkgeie00z720u17klbsl0r,"Analytical Reasoning","Data Interpretation - Quantitative and Graphical Analysis",AUDITED,CORRECTED — VERIFIED,"STRIPPED_PASSAGE_PREFIX","",2026-08-19T09:28:38.391Z
cmstkgeid00xd20u1g3cq86f3,"Analytical Reasoning","Data Interpretation - Data Analysis",AUDITED,CORRECTED — VERIFIED,"STRIPPED_PASSAGE_PREFIX","",2026-08-19T09:28:38.498Z
cmstkgeid00xn20u1oto5mzpt,"Analytical Reasoning","Data Interpretation - Data Analysis",AUDITED,CORRECTED — VERIFIED,"STRIPPED_PASSAGE_PREFIX","",2026-08-19T09:28:38.606Z
cmstkgeie00yj20u1fto68ata,"Analytical Reasoning","Data Interpretation - Quantitative and Graphical Analysis",AUDITED,CORRECTED — VERIFIED,"STRIPPED_PASSAGE_PREFIX","",2026-08-19T09:28:38.711Z
cmstkgeie00z420u1v2hrfkfl,"Analytical Reasoning","Data Interpretation - Quantitative and Graphical Analysis",AUDITED,CORRECTED — VERIFIED,"STRIPPED_PASSAGE_PREFIX","",2026-08-19T09:28:38.818Z
cmstkgeie00zc20u1y96kh81h,"Analytical Reasoning","Data Interpretation - Quantitative and Graphical Analysis",AUDITED,CORRECTED — VERIFIED,"STRIPPED_PASSAGE_PREFIX","",2026-08-19T09:28:38.925Z
cmstkgeif00zu20u1gggwd5l9,"Analytical Reasoning","Data Interpretation - Quantitative and Graphical Analysis",AUDITED,CORRECTED — VERIFIED,"STRIPPED_PASSAGE_PREFIX","",2026-08-19T09:28:39.032Z
cmstkgeif00zw20u1itraiabd,"Analytical Reasoning","Data Interpretation - Quantitative and Graphical Analysis",AUDITED,CORRECTED — VERIFIED,"STRIPPED_PASSAGE_PREFIX","",2026-08-19T09:28:39.137Z
cmstkgeif010020u14qcmcf2v,"General Information","Philippine Constitution - Constitutional Articles and Doctrines",AUDITED,VERIFIED,"","",2026-08-19T09:28:39.151Z
cmstkgeie00zp20u1sft3zh30,"Analytical Reasoning","Data Interpretation - Quantitative and Graphical Analysis",AUDITED,CORRECTED — VERIFIED,"STRIPPED_PASSAGE_PREFIX","",2026-08-19T09:28:39.256Z
cmstkgeie00yf20u1qha6c7df,"Analytical Reasoning","Data Interpretation - Quantitative and Graphical Analysis",AUDITED,CORRECTED — VERIFIED,"STRIPPED_PASSAGE_PREFIX","",2026-08-19T09:28:39.362Z
cmstkgeie00yx20u1pk62qy7z,"Analytical Reasoning","Data Interpretation - Quantitative and Graphical Analysis",AUDITED,CORRECTED — VERIFIED,"STRIPPED_PASSAGE_PREFIX","",2026-08-19T09:28:39.469Z
cmstkgeie00zq20u1yd6nnf8t,"Analytical Reasoning","Data Interpretation - Quantitative and Graphical Analysis",AUDITED,CORRECTED — VERIFIED,"STRIPPED_PASSAGE_PREFIX","",2026-08-19T09:28:39.577Z
cmstkgeid00xv20u1hsxcqdz5,"Analytical Reasoning","Data Interpretation - Data Analysis",AUDITED,CORRECTED — VERIFIED,"STRIPPED_PASSAGE_PREFIX","",2026-08-19T09:28:39.681Z
cmstkgeie00z220u145elohhr,"Analytical Reasoning","Data Interpretation - Quantitative and Graphical Analysis",AUDITED,CORRECTED — VERIFIED,"STRIPPED_PASSAGE_PREFIX","",2026-08-19T09:28:39.805Z
cmstkgeie00zs20u19qk69fuu,"Analytical Reasoning","Data Interpretation - Quantitative and Graphical Analysis",AUDITED,CORRECTED — VERIFIED,"STRIPPED_PASSAGE_PREFIX","",2026-08-19T09:28:39.946Z
cmstkgeie00zn20u1pksrlnqv,"Analytical Reasoning","Data Interpretation - Quantitative and Graphical Analysis",AUDITED,CORRECTED — VERIFIED,"STRIPPED_PASSAGE_PREFIX","",2026-08-19T09:28:40.077Z
cmstkgeid00xx20u1eyy2sf4q,"Analytical Reasoning","Data Interpretation - Data Analysis",AUDITED,CORRECTED — VERIFIED,"STRIPPED_PASSAGE_PREFIX","",2026-08-19T09:28:40.184Z
cmstkgeif00zy20u1fi3tqji5,"Analytical Reasoning","Data Interpretation - Quantitative and Graphical Analysis",AUDITED,CORRECTED — VERIFIED,"STRIPPED_PASSAGE_PREFIX","",2026-08-19T09:28:40.289Z
cmstkgeif010220u1oyxwji7k,"General Information","Philippine Constitution - Constitutional Articles and Doctrines",AUDITED,VERIFIED,"","",2026-08-19T09:28:40.303Z
cmstkgeie00z520u19s1kwn05,"Analytical Reasoning","Data Interpretation - Quantitative and Graphical Analysis",AUDITED,CORRECTED — VERIFIED,"STRIPPED_PASSAGE_PREFIX","",2026-08-19T09:28:40.411Z
cmstkgeie00yq20u1e4rd08l2,"Analytical Reasoning","Data Interpretation - Quantitative and Graphical Analysis",AUDITED,CORRECTED — VERIFIED,"STRIPPED_PASSAGE_PREFIX","",2026-08-19T09:28:40.519Z
cmstkgeie00yb20u1823v3ztl,"Analytical Reasoning","Data Interpretation - Quantitative and Graphical Analysis",AUDITED,CORRECTED — VERIFIED,"STRIPPED_PASSAGE_PREFIX","",2026-08-19T09:28:40.630Z
cmstkgeid00xo20u1wlay7jrb,"Analytical Reasoning","Data Interpretation - Data Analysis",AUDITED,CORRECTED — VERIFIED,"STRIPPED_PASSAGE_PREFIX","",2026-08-19T09:28:40.736Z
cmstkgeie00zl20u1g75gmq3d,"Analytical Reasoning","Data Interpretation - Quantitative and Graphical Analysis",AUDITED,CORRECTED — VERIFIED,"STRIPPED_PASSAGE_PREFIX","",2026-08-19T09:28:40.841Z
cmstkgeie00zd20u1p0cz9mbx,"Analytical Reasoning","Data Interpretation - Quantitative and Graphical Analysis",AUDITED,CORRECTED — VERIFIED,"STRIPPED_PASSAGE_PREFIX","",2026-08-19T09:28:40.947Z
cmstkgeid00xl20u1uxr3mjbe,"Analytical Reasoning","Data Interpretation - Data Analysis",AUDITED,CORRECTED — VERIFIED,"STRIPPED_PASSAGE_PREFIX","",2026-08-19T09:28:41.054Z
cmstkgeid00xt20u1rekkpsmx,"Analytical Reasoning","Data Interpretation - Data Analysis",AUDITED,CORRECTED — VERIFIED,"STRIPPED_PASSAGE_PREFIX","",2026-08-19T09:28:41.184Z
cmstkgeie00ym20u1wzaovcnh,"Analytical Reasoning","Data Interpretation - Quantitative and Graphical Analysis",AUDITED,CORRECTED — VERIFIED,"STRIPPED_PASSAGE_PREFIX","",2026-08-19T09:28:41.291Z
cmstkgeie00za20u1kemsm1x7,"Analytical Reasoning","Data Interpretation - Quantitative and Graphical Analysis",AUDITED,CORRECTED — VERIFIED,"STRIPPED_PASSAGE_PREFIX","",2026-08-19T09:28:41.423Z
cmstkgeie00zo20u162s6b0hs,"Analytical Reasoning","Data Interpretation - Quantitative and Graphical Analysis",AUDITED,CORRECTED — VERIFIED,"STRIPPED_PASSAGE_PREFIX","",2026-08-19T09:28:41.549Z
cmstkgeid00xp20u1l10ok1gj,"Analytical Reasoning","Data Interpretation - Data Analysis",AUDITED,CORRECTED — VERIFIED,"STRIPPED_PASSAGE_PREFIX","",2026-08-19T09:28:41.670Z
cmstkgeie00yc20u1x8sqgn26,"Analytical Reasoning","Data Interpretation - Quantitative and Graphical Analysis",AUDITED,CORRECTED — VERIFIED,"STRIPPED_PASSAGE_PREFIX","",2026-08-19T09:28:41.776Z
cmstkgeie00yu20u105uj90pm,"Analytical Reasoning","Data Interpretation - Quantitative and Graphical Analysis",AUDITED,CORRECTED — VERIFIED,"STRIPPED_PASSAGE_PREFIX","",2026-08-19T09:28:41.892Z
cmstkgeie00ze20u1h6s4hshg,"Analytical Reasoning","Data Interpretation - Quantitative and Graphical Analysis",AUDITED,CORRECTED — VERIFIED,"STRIPPED_PASSAGE_PREFIX","",2026-08-19T09:28:42.004Z
cmstkgeie00zt20u15cpucfy8,"Analytical Reasoning","Data Interpretation - Quantitative and Graphical Analysis",AUDITED,CORRECTED — VERIFIED,"STRIPPED_PASSAGE_PREFIX","",2026-08-19T09:28:42.127Z
cmstkgeie00yg20u1b8pdh8z6,"Analytical Reasoning","Data Interpretation - Quantitative and Graphical Analysis",AUDITED,CORRECTED — VERIFIED,"STRIPPED_PASSAGE_PREFIX","",2026-08-19T09:28:42.248Z
cmstkgeid00y120u1xuiae851,"Analytical Reasoning","Data Interpretation - Quantitative and Graphical Analysis",AUDITED,CORRECTED — VERIFIED,"STRIPPED_PASSAGE_PREFIX","",2026-08-19T09:28:42.362Z
cmstkgeif00zx20u1itmfdlgj,"Analytical Reasoning","Data Interpretation - Quantitative and Graphical Analysis",AUDITED,CORRECTED — VERIFIED,"STRIPPED_PASSAGE_PREFIX","",2026-08-19T09:28:42.487Z
cmstkgeie00zj20u1o0c8blgv,"Analytical Reasoning","Data Interpretation - Quantitative and Graphical Analysis",AUDITED,CORRECTED — VERIFIED,"STRIPPED_PASSAGE_PREFIX","",2026-08-19T09:28:42.599Z
cmstkgeid00xh20u18e6cm7mi,"Analytical Reasoning","Data Interpretation - Data Analysis",AUDITED,CORRECTED — VERIFIED,"STRIPPED_PASSAGE_PREFIX","",2026-08-19T09:28:42.714Z
cmstkgeie00zf20u1qvo3vblt,"Analytical Reasoning","Data Interpretation - Quantitative and Graphical Analysis",AUDITED,CORRECTED — VERIFIED,"STRIPPED_PASSAGE_PREFIX","",2026-08-19T09:28:42.826Z
cmstkgeif00zz20u1987o1ar4,"Analytical Reasoning","Data Interpretation - Quantitative and Graphical Analysis",AUDITED,CORRECTED — VERIFIED,"STRIPPED_PASSAGE_PREFIX","",2026-08-19T09:28:42.934Z
cmstkgeif00zv20u1u5e2wure,"Analytical Reasoning","Data Interpretation - Quantitative and Graphical Analysis",AUDITED,CORRECTED — VERIFIED,"STRIPPED_PASSAGE_PREFIX","",2026-08-19T09:28:43.072Z
cmstkgeie00zr20u15db40exl,"Analytical Reasoning","Data Interpretation - Quantitative and Graphical Analysis",AUDITED,CORRECTED — VERIFIED,"STRIPPED_PASSAGE_PREFIX","",2026-08-19T09:28:43.198Z
cmstkgeie00zm20u1cmr5hrbh,"Analytical Reasoning","Data Interpretation - Quantitative and Graphical Analysis",AUDITED,CORRECTED — VERIFIED,"STRIPPED_PASSAGE_PREFIX","",2026-08-19T09:28:43.305Z
cmstkgeie00zi20u1jisyi6d1,"Analytical Reasoning","Data Interpretation - Quantitative and Graphical Analysis",AUDITED,CORRECTED — VERIFIED,"STRIPPED_PASSAGE_PREFIX","",2026-08-19T09:28:43.416Z
cmstkgeie00zg20u1z5km5rsu,"Analytical Reasoning","Data Interpretation - Quantitative and Graphical Analysis",AUDITED,CORRECTED — VERIFIED,"STRIPPED_PASSAGE_PREFIX","",2026-08-19T09:28:43.538Z
cmstkgeie00y720u127dxjnc2,"Analytical Reasoning","Data Interpretation - Quantitative and Graphical Analysis",AUDITED,CORRECTED — VERIFIED,"STRIPPED_PASSAGE_PREFIX","",2026-08-19T09:28:43.671Z
cmstkgeie00y820u1uu3qbk7b,"Analytical Reasoning","Data Interpretation - Quantitative and Graphical Analysis",AUDITED,CORRECTED — VERIFIED,"STRIPPED_PASSAGE_PREFIX","",2026-08-19T09:28:43.800Z
cmstkgeie00y620u113k6mkhm,"Analytical Reasoning","Data Interpretation - Quantitative and Graphical Analysis",AUDITED,CORRECTED — VERIFIED,"STRIPPED_PASSAGE_PREFIX","",2026-08-19T09:28:43.906Z
cmstkgeie00y920u1xnum2uvk,"Analytical Reasoning","Data Interpretation - Quantitative and Graphical Analysis",AUDITED,CORRECTED — VERIFIED,"STRIPPED_PASSAGE_PREFIX","",2026-08-19T09:28:44.014Z
cmstkgeie00yd20u1uaikz46b,"Analytical Reasoning","Data Interpretation - Quantitative and Graphical Analysis",AUDITED,CORRECTED — VERIFIED,"STRIPPED_PASSAGE_PREFIX","",2026-08-19T09:28:44.151Z
cmstkgeie00yi20u1f352ccjs,"Analytical Reasoning","Data Interpretation - Quantitative and Graphical Analysis",AUDITED,CORRECTED — VERIFIED,"STRIPPED_PASSAGE_PREFIX","",2026-08-19T09:28:44.278Z
cmstkgeie00yk20u1u2ziml95,"Analytical Reasoning","Data Interpretation - Quantitative and Graphical Analysis",AUDITED,MANUAL_REVIEW,"DUPLICATE_CHOICES","",2026-08-19T09:28:44.288Z
cmstkgeie00yl20u1xbqqtu2a,"Analytical Reasoning","Data Interpretation - Quantitative and Graphical Analysis",AUDITED,VERIFIED,"","",2026-08-19T09:28:44.300Z
cmstkgeie00yh20u1ti9kw962,"Analytical Reasoning","Data Interpretation - Quantitative and Graphical Analysis",AUDITED,CORRECTED — VERIFIED,"STRIPPED_PASSAGE_PREFIX","",2026-08-19T09:28:44.500Z
cmstkgeie00yo20u17132mjdl,"Analytical Reasoning","Data Interpretation - Quantitative and Graphical Analysis",AUDITED,CORRECTED — VERIFIED,"STRIPPED_PASSAGE_PREFIX","",2026-08-19T09:28:44.608Z
cmstkgeie00yp20u1jt4axx2d,"Analytical Reasoning","Data Interpretation - Quantitative and Graphical Analysis",AUDITED,CORRECTED — VERIFIED,"STRIPPED_PASSAGE_PREFIX","",2026-08-19T09:28:44.717Z
cmstkgeie00yn20u1i6wccui4,"Analytical Reasoning","Data Interpretation - Quantitative and Graphical Analysis",AUDITED,CORRECTED — VERIFIED,"STRIPPED_PASSAGE_PREFIX","",2026-08-19T09:28:44.823Z
cmstkgeie00ys20u14175y0kk,"Analytical Reasoning","Data Interpretation - Quantitative and Graphical Analysis",AUDITED,CORRECTED — VERIFIED,"STRIPPED_PASSAGE_PREFIX","",2026-08-19T09:28:44.931Z
cmstkgeie00yt20u1xkdlglu6,"Analytical Reasoning","Data Interpretation - Quantitative and Graphical Analysis",AUDITED,CORRECTED — VERIFIED,"STRIPPED_PASSAGE_PREFIX","",2026-08-19T09:28:45.038Z
cmstkgeie00yr20u1vvtjge3a,"Analytical Reasoning","Data Interpretation - Quantitative and Graphical Analysis",AUDITED,CORRECTED — VERIFIED,"STRIPPED_PASSAGE_PREFIX","",2026-08-19T09:28:45.146Z
cmstkgeie00yv20u1hhg1rdka,"Analytical Reasoning","Data Interpretation - Quantitative and Graphical Analysis",AUDITED,CORRECTED — VERIFIED,"STRIPPED_PASSAGE_PREFIX","",2026-08-19T09:28:45.282Z
cmstkgeie00z020u1as2j0y9f,"Analytical Reasoning","Data Interpretation - Quantitative and Graphical Analysis",AUDITED,CORRECTED — VERIFIED,"STRIPPED_PASSAGE_PREFIX","",2026-08-19T09:28:45.416Z
cmstkgeie00z120u1nkhs9knu,"Analytical Reasoning","Data Interpretation - Quantitative and Graphical Analysis",AUDITED,CORRECTED — VERIFIED,"STRIPPED_PASSAGE_PREFIX","",2026-08-19T09:28:45.532Z
cmstkgeie00yz20u17lju1f78,"Analytical Reasoning","Data Interpretation - Quantitative and Graphical Analysis",AUDITED,CORRECTED — VERIFIED,"STRIPPED_PASSAGE_PREFIX","",2026-08-19T09:28:45.659Z
cmstkgeie00z320u1fupqyinl,"Analytical Reasoning","Data Interpretation - Quantitative and Graphical Analysis",AUDITED,CORRECTED — VERIFIED,"STRIPPED_PASSAGE_PREFIX","",2026-08-19T09:28:45.768Z
cmstkgeie00z820u1k4dm648e,"Analytical Reasoning","Data Interpretation - Quantitative and Graphical Analysis",AUDITED,CORRECTED — VERIFIED,"STRIPPED_PASSAGE_PREFIX","",2026-08-19T09:28:45.907Z
cmstkgeie00z920u1vzgq3ewd,"Analytical Reasoning","Data Interpretation - Quantitative and Graphical Analysis",AUDITED,CORRECTED — VERIFIED,"STRIPPED_PASSAGE_PREFIX","",2026-08-19T09:28:46.015Z
cmstkgeie00z620u1os7a0tmz,"Analytical Reasoning","Data Interpretation - Quantitative and Graphical Analysis",AUDITED,CORRECTED — VERIFIED,"STRIPPED_PASSAGE_PREFIX","",2026-08-19T09:28:46.121Z
cmstkgeie00zb20u1w5vbru2q,"Analytical Reasoning","Data Interpretation - Quantitative and Graphical Analysis",AUDITED,CORRECTED — VERIFIED,"STRIPPED_PASSAGE_PREFIX","",2026-08-19T09:28:46.231Z
cmstkgeie00zh20u1s9oi8vw2,"Analytical Reasoning","Data Interpretation - Quantitative and Graphical Analysis",AUDITED,CORRECTED — VERIFIED,"STRIPPED_PASSAGE_PREFIX","",2026-08-19T09:28:46.338Z
cmstkgeid00y220u1zixo5sxd,"Analytical Reasoning","Data Interpretation - Quantitative and Graphical Analysis",AUDITED,CORRECTED — VERIFIED,"STRIPPED_PASSAGE_PREFIX","",2026-08-19T09:28:46.446Z
cmstkgeid00y420u1ibz4128f,"Analytical Reasoning","Data Interpretation - Quantitative and Graphical Analysis",AUDITED,CORRECTED — VERIFIED,"STRIPPED_PASSAGE_PREFIX","",2026-08-19T09:28:46.553Z
cmstkgeid00y320u198lli28q,"Analytical Reasoning","Data Interpretation - Quantitative and Graphical Analysis",AUDITED,CORRECTED — VERIFIED,"STRIPPED_PASSAGE_PREFIX","",2026-08-19T09:28:46.661Z
cmstkgeid00xy20u1uqu37oki,"Analytical Reasoning","Data Interpretation - Data Analysis",AUDITED,CORRECTED — VERIFIED,"STRIPPED_PASSAGE_PREFIX","",2026-08-19T09:28:46.769Z
cmstkgeid00y020u1m8fq95wa,"Analytical Reasoning","Data Interpretation - Data Analysis",AUDITED,CORRECTED — VERIFIED,"STRIPPED_PASSAGE_PREFIX","",2026-08-19T09:28:46.880Z
cmstkgeid00xz20u1a5a9gnhz,"Analytical Reasoning","Data Interpretation - Data Analysis",AUDITED,CORRECTED — VERIFIED,"STRIPPED_PASSAGE_PREFIX","",2026-08-19T09:28:46.985Z
cmstkgeid00xu20u1fr3zdvrz,"Analytical Reasoning","Data Interpretation - Data Analysis",AUDITED,CORRECTED — VERIFIED,"STRIPPED_PASSAGE_PREFIX","",2026-08-19T09:28:47.092Z
cmstkgeid00xw20u1cbsqoops,"Analytical Reasoning","Data Interpretation - Data Analysis",AUDITED,CORRECTED — VERIFIED,"STRIPPED_PASSAGE_PREFIX","",2026-08-19T09:28:47.199Z
cmstkgeid00xq20u1crusk1aq,"Analytical Reasoning","Data Interpretation - Data Analysis",AUDITED,CORRECTED — VERIFIED,"STRIPPED_PASSAGE_PREFIX","",2026-08-19T09:28:47.306Z
cmstkgeid00xs20u103p6f7q5,"Analytical Reasoning","Data Interpretation - Data Analysis",AUDITED,CORRECTED — VERIFIED,"STRIPPED_PASSAGE_PREFIX","",2026-08-19T09:28:47.412Z
cmstkgeid00xr20u1tih5hgm8,"Analytical Reasoning","Data Interpretation - Data Analysis",AUDITED,CORRECTED — VERIFIED,"STRIPPED_PASSAGE_PREFIX","",2026-08-19T09:28:47.519Z
cmstkgeid00xm20u1li5vf95j,"Analytical Reasoning","Data Interpretation - Data Analysis",AUDITED,CORRECTED — VERIFIED,"STRIPPED_PASSAGE_PREFIX","",2026-08-19T09:28:47.625Z
cmstkgeid00xc20u14h3rcz45,"Analytical Reasoning","Data Interpretation - Data Analysis",AUDITED,CORRECTED — VERIFIED,"STRIPPED_PASSAGE_PREFIX","",2026-08-19T09:28:47.732Z
cmstkgeid00xi20u18x79mhde,"Analytical Reasoning","Data Interpretation - Data Analysis",AUDITED,CORRECTED — VERIFIED,"STRIPPED_PASSAGE_PREFIX","",2026-08-19T09:28:47.873Z
cmstkgeid00xk20u1vnws3yub,"Analytical Reasoning","Data Interpretation - Data Analysis",AUDITED,CORRECTED — VERIFIED,"STRIPPED_PASSAGE_PREFIX","",2026-08-19T09:28:48.000Z
cmstkgeid00xj20u1yhhfluem,"Analytical Reasoning","Data Interpretation - Data Analysis",AUDITED,CORRECTED — VERIFIED,"STRIPPED_PASSAGE_PREFIX","",2026-08-19T09:28:48.111Z
cmstkgeid00xe20u1ezckwvx2,"Analytical Reasoning","Data Interpretation - Data Analysis",AUDITED,CORRECTED — VERIFIED,"STRIPPED_PASSAGE_PREFIX","",2026-08-19T09:28:48.217Z
cmstkgeid00xg20u1dck16rn5,"Analytical Reasoning","Data Interpretation - Data Analysis",AUDITED,CORRECTED — VERIFIED,"STRIPPED_PASSAGE_PREFIX","",2026-08-19T09:28:48.325Z
cmstkgeid00xf20u10bb4jar8,"Analytical Reasoning","Data Interpretation - Data Analysis",AUDITED,CORRECTED — VERIFIED,"STRIPPED_PASSAGE_PREFIX","",2026-08-19T09:28:48.452Z
cmstkgeq7012v20u1jtne0xw8,"General Information","Philippine Constitution - Constitutional Articles and Doctrines",AUDITED,VERIFIED,"","",2026-08-19T09:28:48.469Z
cmstkgeq6012k20u177v5kk85,"General Information","Philippine Constitution - Constitutional Articles and Doctrines",AUDITED,VERIFIED,"","",2026-08-19T09:28:48.485Z
cmstkgeq6012l20u16cxkvm9j,"General Information","Philippine Constitution - Constitutional Articles and Doctrines",AUDITED,VERIFIED,"","",2026-08-19T09:28:48.501Z
cmstkgeq6012j20u1l4fhgq6a,"General Information","Philippine Constitution - Constitutional Articles and Doctrines",AUDITED,VERIFIED,"","",2026-08-19T09:28:48.517Z
cmstkgeq7012o20u1grtd80h3,"General Information","Philippine Constitution - Constitutional Articles and Doctrines",AUDITED,VERIFIED,"","",2026-08-19T09:28:48.534Z
cmstkgeq7012p20u122un6n8z,"General Information","Philippine Constitution - Constitutional Articles and Doctrines",AUDITED,VERIFIED,"","",2026-08-19T09:28:48.549Z
cmstkgeq6012n20u120ruyhuw,"General Information","Philippine Constitution - Constitutional Articles and Doctrines",AUDITED,VERIFIED,"","",2026-08-19T09:28:48.566Z
cmstkgeq7012s20u1gulmd33b,"General Information","Philippine Constitution - Constitutional Articles and Doctrines",AUDITED,VERIFIED,"","",2026-08-19T09:28:48.584Z
cmstkgeq7012t20u1o8lt4zbn,"General Information","Philippine Constitution - Constitutional Articles and Doctrines",AUDITED,VERIFIED,"","",2026-08-19T09:28:48.600Z
cmstkgeq7012r20u1688lbhhk,"General Information","Philippine Constitution - Constitutional Articles and Doctrines",AUDITED,VERIFIED,"","",2026-08-19T09:28:48.617Z
cmstkgeq5010420u11pyie0zh,"General Information","Philippine Constitution - Constitutional Articles and Doctrines",AUDITED,VERIFIED,"","",2026-08-19T09:28:48.632Z
cmstkgeq5010520u1kmhnjlqs,"General Information","Philippine Constitution - Constitutional Articles and Doctrines",AUDITED,VERIFIED,"","",2026-08-19T09:28:48.650Z
cmstkgeq5010820u1tv8sxjfa,"General Information","Philippine Constitution - Constitutional Articles and Doctrines",AUDITED,VERIFIED,"","",2026-08-19T09:28:48.668Z
cmstkgeq5010920u13xx81c3m,"General Information","Philippine Constitution - Constitutional Articles and Doctrines",AUDITED,VERIFIED,"","",2026-08-19T09:28:48.686Z
cmstkgeq5010720u1x79kprwy,"General Information","Philippine Constitution - Constitutional Articles and Doctrines",AUDITED,VERIFIED,"","",2026-08-19T09:28:48.704Z
cmstkgeq5010c20u1947tlchf,"General Information","Philippine Constitution - Constitutional Articles and Doctrines",AUDITED,VERIFIED,"","",2026-08-19T09:28:48.720Z
cmstkgeq5010d20u1xsoszdem,"General Information","Philippine Constitution - Constitutional Articles and Doctrines",AUDITED,VERIFIED,"","",2026-08-19T09:28:48.736Z
cmstkgeq5010b20u1dkxsxgxo,"General Information","Philippine Constitution - Constitutional Articles and Doctrines",AUDITED,VERIFIED,"","",2026-08-19T09:28:48.752Z
cmstkgeq5010g20u1rgd9z5c6,"General Information","Philippine Constitution - Constitutional Articles and Doctrines",AUDITED,VERIFIED,"","",2026-08-19T09:28:48.769Z
cmstkgeq5010h20u1yj0qigbw,"General Information","Philippine Constitution - Constitutional Articles and Doctrines",AUDITED,VERIFIED,"","",2026-08-19T09:28:48.786Z
cmstkgeq5010f20u1b2wbqtxh,"General Information","Philippine Constitution - Constitutional Articles and Doctrines",AUDITED,VERIFIED,"","",2026-08-19T09:28:48.803Z
cmstkgeq5010k20u1d5wsudha,"General Information","Philippine Constitution - Constitutional Articles and Doctrines",AUDITED,VERIFIED,"","",2026-08-19T09:28:48.820Z
cmstkgeq5010l20u1lgu7tiiv,"General Information","Philippine Constitution - Constitutional Articles and Doctrines",AUDITED,VERIFIED,"","",2026-08-19T09:28:48.838Z
cmstkgeq5010j20u1yb5u2ck1,"General Information","Philippine Constitution - Constitutional Articles and Doctrines",AUDITED,VERIFIED,"","",2026-08-19T09:28:48.855Z
cmstkgeq5010o20u1f88953uf,"General Information","Philippine Constitution - Constitutional Articles and Doctrines",AUDITED,VERIFIED,"","",2026-08-19T09:28:48.872Z
cmstkgeq5010p20u1hx2jxezy,"General Information","Philippine Constitution - Constitutional Articles and Doctrines",AUDITED,VERIFIED,"","",2026-08-19T09:28:48.887Z
cmstkgeq5010n20u1z42ewnbf,"General Information","Philippine Constitution - Constitutional Articles and Doctrines",AUDITED,VERIFIED,"","",2026-08-19T09:28:48.904Z
cmstkgeq5010s20u1gcrtk3sj,"General Information","Philippine Constitution - Constitutional Articles and Doctrines",AUDITED,VERIFIED,"","",2026-08-19T09:28:48.920Z
cmstkgeq5010t20u11c7pvkj9,"General Information","Philippine Constitution - Constitutional Articles and Doctrines",AUDITED,VERIFIED,"","",2026-08-19T09:28:48.937Z
cmstkgeq5010r20u1y1d50hjr,"General Information","Philippine Constitution - Constitutional Articles and Doctrines",AUDITED,VERIFIED,"","",2026-08-19T09:28:48.954Z
cmstkgeq5010w20u1x6dpm7lh,"General Information","Philippine Constitution - Constitutional Articles and Doctrines",AUDITED,VERIFIED,"","",2026-08-19T09:28:48.972Z
cmstkgeq5010x20u1dsw3imub,"General Information","Philippine Constitution - Constitutional Articles and Doctrines",AUDITED,VERIFIED,"","",2026-08-19T09:28:48.989Z
cmstkgeq5010v20u1fs3n8sla,"General Information","Philippine Constitution - Constitutional Articles and Doctrines",AUDITED,VERIFIED,"","",2026-08-19T09:28:49.005Z
cmstkgeq5011020u1a8mgmqbm,"General Information","Philippine Constitution - Constitutional Articles and Doctrines",AUDITED,VERIFIED,"","",2026-08-19T09:28:49.022Z
cmstkgeq5011120u1frpwdfvv,"General Information","Philippine Constitution - Constitutional Articles and Doctrines",AUDITED,VERIFIED,"","",2026-08-19T09:28:49.038Z
cmstkgeq5010z20u1aejqjlnq,"General Information","Philippine Constitution - Constitutional Articles and Doctrines",AUDITED,VERIFIED,"","",2026-08-19T09:28:49.055Z
cmstkgeq5011420u1qzrsad99,"General Information","Philippine Constitution - Constitutional Articles and Doctrines",AUDITED,VERIFIED,"","",2026-08-19T09:28:49.071Z
cmstkgeq5011520u1ak431oz3,"General Information","Philippine Constitution - Constitutional Articles and Doctrines",AUDITED,VERIFIED,"","",2026-08-19T09:28:49.086Z
cmstkgeq5011320u1ne8dnjgg,"General Information","Philippine Constitution - Constitutional Articles and Doctrines",AUDITED,VERIFIED,"","",2026-08-19T09:28:49.104Z
cmstkgeq6011820u15iz6a3n8,"General Information","Philippine Constitution - Constitutional Articles and Doctrines",AUDITED,VERIFIED,"","",2026-08-19T09:28:49.121Z
cmstkgeq6011920u138mw219h,"General Information","Philippine Constitution - Constitutional Articles and Doctrines",AUDITED,VERIFIED,"","",2026-08-19T09:28:49.137Z
cmstkgeq6011720u1ylh460rj,"General Information","Philippine Constitution - Constitutional Articles and Doctrines",AUDITED,VERIFIED,"","",2026-08-19T09:28:49.154Z
cmstkgeq6011c20u12cthzarj,"General Information","Philippine Constitution - Constitutional Articles and Doctrines",AUDITED,VERIFIED,"","",2026-08-19T09:28:49.170Z
cmstkgeq6011d20u1gxwasbno,"General Information","Philippine Constitution - Constitutional Articles and Doctrines",AUDITED,VERIFIED,"","",2026-08-19T09:28:49.187Z
cmstkgeq6011b20u181hm1o1g,"General Information","Philippine Constitution - Constitutional Articles and Doctrines",AUDITED,VERIFIED,"","",2026-08-19T09:28:49.202Z
cmstkgeq6011g20u1t2vta4uj,"General Information","Philippine Constitution - Constitutional Articles and Doctrines",AUDITED,VERIFIED,"","",2026-08-19T09:28:49.220Z
cmstkgeq6011h20u18j4kqgf6,"General Information","Philippine Constitution - Constitutional Articles and Doctrines",AUDITED,VERIFIED,"","",2026-08-19T09:28:49.237Z
cmstkgeq6011f20u1f6ixfy47,"General Information","Philippine Constitution - Constitutional Articles and Doctrines",AUDITED,VERIFIED,"","",2026-08-19T09:28:49.254Z
cmstkgeq6011k20u15ykguvaf,"General Information","Philippine Constitution - Constitutional Articles and Doctrines",AUDITED,VERIFIED,"","",2026-08-19T09:28:49.271Z
cmstkgeq6011l20u1s32lzzvc,"General Information","Philippine Constitution - Constitutional Articles and Doctrines",AUDITED,VERIFIED,"","",2026-08-19T09:28:49.287Z
cmstkgeq6011j20u1osvc8unb,"General Information","Philippine Constitution - Constitutional Articles and Doctrines",AUDITED,VERIFIED,"","",2026-08-19T09:28:49.304Z
cmstkgeq6011o20u146yw9f3q,"General Information","Philippine Constitution - Constitutional Articles and Doctrines",AUDITED,VERIFIED,"","",2026-08-19T09:28:49.320Z
cmstkgeq6011p20u1ai3rdv51,"General Information","Philippine Constitution - Constitutional Articles and Doctrines",AUDITED,VERIFIED,"","",2026-08-19T09:28:49.337Z
cmstkgeq6011n20u1wf2d8263,"General Information","Philippine Constitution - Constitutional Articles and Doctrines",AUDITED,VERIFIED,"","",2026-08-19T09:28:49.354Z
cmstkgeq6011s20u1ma1bsvse,"General Information","Philippine Constitution - Constitutional Articles and Doctrines",AUDITED,VERIFIED,"","",2026-08-19T09:28:49.370Z
cmstkgeq6011t20u17jpttv7e,"General Information","Philippine Constitution - Constitutional Articles and Doctrines",AUDITED,VERIFIED,"","",2026-08-19T09:28:49.387Z
cmstkgeq6011r20u14sfseqzz,"General Information","Philippine Constitution - Constitutional Articles and Doctrines",AUDITED,VERIFIED,"","",2026-08-19T09:28:49.403Z
cmstkgeq6011w20u1r3mvxq8e,"General Information","Philippine Constitution - Constitutional Articles and Doctrines",AUDITED,VERIFIED,"","",2026-08-19T09:28:49.419Z
cmstkgeq6011x20u1vnqj4gy3,"General Information","Philippine Constitution - Constitutional Articles and Doctrines",AUDITED,VERIFIED,"","",2026-08-19T09:28:49.437Z
cmstkgeq6011v20u1qpabn6wy,"General Information","Philippine Constitution - Constitutional Articles and Doctrines",AUDITED,VERIFIED,"","",2026-08-19T09:28:49.453Z
cmstkgeq6012020u1ldqceamm,"General Information","Philippine Constitution - Constitutional Articles and Doctrines",AUDITED,VERIFIED,"","",2026-08-19T09:28:49.470Z
cmstkgeq6012120u1al5hn4mv,"General Information","Philippine Constitution - Constitutional Articles and Doctrines",AUDITED,VERIFIED,"","",2026-08-19T09:28:49.486Z
cmstkgeq6011z20u18m3m2ja2,"General Information","Philippine Constitution - Constitutional Articles and Doctrines",AUDITED,VERIFIED,"","",2026-08-19T09:28:49.503Z
cmstkgeq6012420u183ou7ioa,"General Information","Philippine Constitution - Constitutional Articles and Doctrines",AUDITED,VERIFIED,"","",2026-08-19T09:28:49.520Z
cmstkgeq6012520u1e5qb8a9j,"General Information","Philippine Constitution - Constitutional Articles and Doctrines",AUDITED,VERIFIED,"","",2026-08-19T09:28:49.627Z
cmstkgeq6012320u1apks31rl,"General Information","Philippine Constitution - Constitutional Articles and Doctrines",AUDITED,VERIFIED,"","",2026-08-19T09:28:49.644Z
cmstkgeq6012820u1qefr2iok,"General Information","Philippine Constitution - Constitutional Articles and Doctrines",AUDITED,VERIFIED,"","",2026-08-19T09:28:49.661Z
cmstkgeq6012920u1cbxy0xun,"General Information","Philippine Constitution - Constitutional Articles and Doctrines",AUDITED,VERIFIED,"","",2026-08-19T09:28:49.678Z
cmstkgeq6012720u1yw4bwd1w,"General Information","Philippine Constitution - Constitutional Articles and Doctrines",AUDITED,VERIFIED,"","",2026-08-19T09:28:49.696Z
cmstkgeq6012c20u1li6t1g5v,"General Information","Philippine Constitution - Constitutional Articles and Doctrines",AUDITED,VERIFIED,"","",2026-08-19T09:28:49.714Z
cmstkgeq6012d20u16klgx7if,"General Information","Philippine Constitution - Constitutional Articles and Doctrines",AUDITED,VERIFIED,"","",2026-08-19T09:28:49.730Z
cmstkgeq6012b20u1msz83gri,"General Information","Philippine Constitution - Constitutional Articles and Doctrines",AUDITED,VERIFIED,"","",2026-08-19T09:28:49.747Z
cmstkgeq6012g20u1ays67qag,"General Information","Philippine Constitution - Constitutional Articles and Doctrines",AUDITED,VERIFIED,"","",2026-08-19T09:28:49.764Z
cmstkgeq6012h20u1jcd9bvu2,"General Information","Philippine Constitution - Constitutional Articles and Doctrines",AUDITED,VERIFIED,"","",2026-08-19T09:28:49.782Z
cmstkgeq6012f20u1macuc684,"General Information","Philippine Constitution - Constitutional Articles and Doctrines",AUDITED,VERIFIED,"","",2026-08-19T09:28:49.800Z
cmstkgeq5010y20u13bhwrd3b,"General Information","Philippine Constitution - Constitutional Articles and Doctrines",AUDITED,VERIFIED,"","",2026-08-19T09:28:49.817Z
cmstkgeq5011220u1yml2bok5,"General Information","Philippine Constitution - Constitutional Articles and Doctrines",AUDITED,VERIFIED,"","",2026-08-19T09:28:49.834Z
cmstkgeq6011i20u14hrlut26,"General Information","Philippine Constitution - Constitutional Articles and Doctrines",AUDITED,VERIFIED,"","",2026-08-19T09:28:49.852Z
cmstkgeq5010i20u1dzfhzpew,"General Information","Philippine Constitution - Constitutional Articles and Doctrines",AUDITED,VERIFIED,"","",2026-08-19T09:28:49.869Z
cmstkgeq6011m20u1vb3b9uco,"General Information","Philippine Constitution - Constitutional Articles and Doctrines",AUDITED,VERIFIED,"","",2026-08-19T09:28:49.888Z
cmstkgeq5010620u1lwzl5pc2,"General Information","Philippine Constitution - Constitutional Articles and Doctrines",AUDITED,VERIFIED,"","",2026-08-19T09:28:49.905Z
cmstkgeq6011u20u10fsiuhmk,"General Information","Philippine Constitution - Constitutional Articles and Doctrines",AUDITED,VERIFIED,"","",2026-08-19T09:28:49.923Z
cmstkgeq6011y20u1qnboo1dc,"General Information","Philippine Constitution - Constitutional Articles and Doctrines",AUDITED,VERIFIED,"","",2026-08-19T09:28:49.940Z
cmstkgeq5011620u1j4yp8qj2,"General Information","Philippine Constitution - Constitutional Articles and Doctrines",AUDITED,VERIFIED,"","",2026-08-19T09:28:49.957Z
cmstkgeq6011q20u1p41ou1mi,"General Information","Philippine Constitution - Constitutional Articles and Doctrines",AUDITED,VERIFIED,"","",2026-08-19T09:28:49.974Z
cmstkgeq6011a20u1eyx0p5ai,"General Information","Philippine Constitution - Constitutional Articles and Doctrines",AUDITED,VERIFIED,"","",2026-08-19T09:28:49.992Z
cmstkgeq6012a20u17lp1y2vo,"General Information","Philippine Constitution - Constitutional Articles and Doctrines",AUDITED,VERIFIED,"","",2026-08-19T09:28:50.009Z
cmstkgeq5010e20u18x7fvjk4,"General Information","Philippine Constitution - Constitutional Articles and Doctrines",AUDITED,VERIFIED,"","",2026-08-19T09:28:50.027Z
cmstkgeq6012220u1mnnbqc37,"General Information","Philippine Constitution - Constitutional Articles and Doctrines",AUDITED,VERIFIED,"","",2026-08-19T09:28:50.047Z
cmstkgeq5010a20u1ujchc4rr,"General Information","Philippine Constitution - Constitutional Articles and Doctrines",AUDITED,VERIFIED,"","",2026-08-19T09:28:50.064Z
cmstkgeq5010m20u1zyb1afkg,"General Information","Philippine Constitution - Constitutional Articles and Doctrines",AUDITED,VERIFIED,"","",2026-08-19T09:28:50.081Z
cmstkgeq7012q20u1sudg6h66,"General Information","Philippine Constitution - Constitutional Articles and Doctrines",AUDITED,VERIFIED,"","",2026-08-19T09:28:50.098Z
cmstkgeq7012u20u105tme4cq,"General Information","Philippine Constitution - Constitutional Articles and Doctrines",AUDITED,VERIFIED,"","",2026-08-19T09:28:50.116Z
cmstkgeq6012m20u1diey5i9t,"General Information","Philippine Constitution - Constitutional Articles and Doctrines",AUDITED,VERIFIED,"","",2026-08-19T09:28:50.133Z
cmstkgeq6012620u11b9m9gzt,"General Information","Philippine Constitution - Constitutional Articles and Doctrines",AUDITED,VERIFIED,"","",2026-08-19T09:28:50.151Z
cmstkgeq6012i20u18od833nl,"General Information","Philippine Constitution - Constitutional Articles and Doctrines",AUDITED,VERIFIED,"","",2026-08-19T09:28:50.169Z
cmstkgeq5010q20u147p6jv08,"General Information","Philippine Constitution - Constitutional Articles and Doctrines",AUDITED,VERIFIED,"","",2026-08-19T09:28:50.188Z
cmstkgeq6012e20u1oyx52i8k,"General Information","Philippine Constitution - Constitutional Articles and Doctrines",AUDITED,VERIFIED,"","",2026-08-19T09:28:50.205Z
cmstkgeq5010u20u1v8mk2pry,"General Information","Philippine Constitution - Constitutional Articles and Doctrines",AUDITED,VERIFIED,"","",2026-08-19T09:28:50.222Z
cmstkgeq6011e20u1rd08ke43,"General Information","Philippine Constitution - Constitutional Articles and Doctrines",AUDITED,VERIFIED,"","",2026-08-19T09:28:50.238Z
cmstkgexf013320u1b3y3vn6i,"General Information","Philippine Constitution - Constitutional Articles and Doctrines",AUDITED,VERIFIED,"","",2026-08-19T09:28:50.256Z
cmstkgexk015l20u17th35osa,"General Information","Philippine Constitution - Constitutional Articles and Doctrines",AUDITED,VERIFIED,"","",2026-08-19T09:28:50.274Z
cmstkgexi014p20u1yvzm83wi,"General Information","Philippine Constitution - Constitutional Articles and Doctrines",AUDITED,VERIFIED,"","",2026-08-19T09:28:50.292Z
cmstkgexi014a20u1vtgbv9ui,"General Information","Philippine Constitution - Constitutional Articles and Doctrines",AUDITED,VERIFIED,"","",2026-08-19T09:28:50.309Z
cmstkgexh013u20u14hbt8oh3,"General Information","Philippine Constitution - Constitutional Articles and Doctrines",AUDITED,VERIFIED,"","",2026-08-19T09:28:50.326Z
cmstkgexg013e20u1n75nyqth,"General Information","Philippine Constitution - Constitutional Articles and Doctrines",AUDITED,VERIFIED,"","",2026-08-19T09:28:50.342Z
cmstkgexf012y20u11nbqhsu1,"General Information","Philippine Constitution - Constitutional Articles and Doctrines",AUDITED,VERIFIED,"","",2026-08-19T09:28:50.360Z
cmstkgexi014g20u176c0t78z,"General Information","Philippine Constitution - Constitutional Articles and Doctrines",AUDITED,VERIFIED,"","",2026-08-19T09:28:50.380Z
cmstkgexi014b20u1taiwhjq7,"General Information","Philippine Constitution - Constitutional Articles and Doctrines",AUDITED,VERIFIED,"","",2026-08-19T09:28:50.398Z
cmstkgexi014d20u1b399wa04,"General Information","Philippine Constitution - Constitutional Articles and Doctrines",AUDITED,VERIFIED,"","",2026-08-19T09:28:50.417Z
cmstkgexi014c20u1sarvtyfv,"General Information","Philippine Constitution - Constitutional Articles and Doctrines",AUDITED,VERIFIED,"","",2026-08-19T09:28:50.433Z
cmstkgexh014720u16b8fk9ja,"General Information","Philippine Constitution - Constitutional Articles and Doctrines",AUDITED,VERIFIED,"","",2026-08-19T09:28:50.451Z
cmstkgexi014920u1k53k0kek,"General Information","Philippine Constitution - Constitutional Articles and Doctrines",AUDITED,VERIFIED,"","",2026-08-19T09:28:50.468Z
cmstkgexh014820u1pw84fhfq,"General Information","Philippine Constitution - Constitutional Articles and Doctrines",AUDITED,VERIFIED,"","",2026-08-19T09:28:50.486Z
cmstkgexi014h20u1fghqlqkr,"General Information","Philippine Constitution - Constitutional Articles and Doctrines",AUDITED,VERIFIED,"","",2026-08-19T09:28:50.503Z
cmstkgexk015k20u12jcf3457,"General Information","Philippine Constitution - Constitutional Articles and Doctrines",AUDITED,VERIFIED,"","",2026-08-19T09:28:50.521Z
cmstkgexh014320u1d8l9sdzm,"General Information","Philippine Constitution - Constitutional Articles and Doctrines",AUDITED,VERIFIED,"","",2026-08-19T09:28:50.539Z
cmstkgexh014520u1v7t3mqfg,"General Information","Philippine Constitution - Constitutional Articles and Doctrines",AUDITED,VERIFIED,"","",2026-08-19T09:28:50.556Z
cmstkgexi014f20u14kfh1rar,"General Information","Philippine Constitution - Constitutional Articles and Doctrines",AUDITED,VERIFIED,"","",2026-08-19T09:28:50.574Z
cmstkgexj015520u1vxb60dv7,"General Information","Philippine Constitution - Constitutional Articles and Doctrines",AUDITED,VERIFIED,"","",2026-08-19T09:28:50.591Z
cmstkgexh014420u16bvm3bg5,"General Information","Philippine Constitution - Constitutional Articles and Doctrines",AUDITED,VERIFIED,"","",2026-08-19T09:28:50.609Z
cmstkgexh013z20u1phr17l8u,"General Information","Philippine Constitution - Constitutional Articles and Doctrines",AUDITED,VERIFIED,"","",2026-08-19T09:28:50.626Z
cmstkgexh014120u1m5xgw39m,"General Information","Philippine Constitution - Constitutional Articles and Doctrines",AUDITED,VERIFIED,"","",2026-08-19T09:28:50.643Z
cmstkgexh014020u1rejlt57y,"General Information","Philippine Constitution - Constitutional Articles and Doctrines",AUDITED,VERIFIED,"","",2026-08-19T09:28:50.659Z
cmstkgexi014k20u1nc0h1c4x,"General Information","Philippine Constitution - Constitutional Articles and Doctrines",AUDITED,VERIFIED,"","",2026-08-19T09:28:50.677Z
cmstkgexi014i20u13tzelu0f,"General Information","Philippine Constitution - Constitutional Articles and Doctrines",AUDITED,VERIFIED,"","",2026-08-19T09:28:50.694Z
cmstkgexh013v20u111mpi5k4,"General Information","Philippine Constitution - Constitutional Articles and Doctrines",AUDITED,VERIFIED,"","",2026-08-19T09:28:50.712Z
cmstkgexh013x20u1wx703o8b,"General Information","Philippine Constitution - Constitutional Articles and Doctrines",AUDITED,VERIFIED,"","",2026-08-19T09:28:50.730Z
cmstkgexh013w20u1humkzzqg,"General Information","Philippine Constitution - Constitutional Articles and Doctrines",AUDITED,VERIFIED,"","",2026-08-19T09:28:50.748Z
cmstkgexi014l20u1xzks6qys,"General Information","Philippine Constitution - Constitutional Articles and Doctrines",AUDITED,VERIFIED,"","",2026-08-19T09:28:50.766Z
cmstkgexh013r20u1ltvtay3b,"General Information","Philippine Constitution - Constitutional Articles and Doctrines",AUDITED,VERIFIED,"","",2026-08-19T09:28:50.784Z
cmstkgexh013t20u1axcwm21l,"General Information","Philippine Constitution - Constitutional Articles and Doctrines",AUDITED,VERIFIED,"","",2026-08-19T09:28:50.802Z
cmstkgexi014t20u1jqlc89rj,"General Information","Philippine Constitution - Constitutional Articles and Doctrines",AUDITED,VERIFIED,"","",2026-08-19T09:28:50.819Z
cmstkgexh013s20u15y8j774c,"General Information","Philippine Constitution - Constitutional Articles and Doctrines",AUDITED,VERIFIED,"","",2026-08-19T09:28:50.836Z
cmstkgexi014j20u1gcrs185d,"General Information","Philippine Constitution - Constitutional Articles and Doctrines",AUDITED,VERIFIED,"","",2026-08-19T09:28:50.853Z
cmstkgexj014x20u1he4gz5jx,"General Information","Philippine Constitution - Constitutional Articles and Doctrines",AUDITED,VERIFIED,"","",2026-08-19T09:28:50.871Z
cmstkgexi014n20u1b8m737bg,"General Information","Philippine Constitution - Constitutional Articles and Doctrines",AUDITED,VERIFIED,"","",2026-08-19T09:28:50.889Z
cmstkgexh013n20u19ht8jhwz,"General Information","Philippine Constitution - Constitutional Articles and Doctrines",AUDITED,VERIFIED,"","",2026-08-19T09:28:50.905Z
cmstkgexh013p20u1og5v9pnu,"General Information","Philippine Constitution - Constitutional Articles and Doctrines",AUDITED,VERIFIED,"","",2026-08-19T09:28:50.923Z
cmstkgexi014o20u18upmsvec,"General Information","Philippine Constitution - Constitutional Articles and Doctrines",AUDITED,VERIFIED,"","",2026-08-19T09:28:50.940Z
cmstkgexh013o20u113yl2bra,"General Information","Philippine Constitution - Constitutional Articles and Doctrines",AUDITED,VERIFIED,"","",2026-08-19T09:28:50.959Z
cmstkgexg013j20u1cpwili0o,"General Information","Philippine Constitution - Constitutional Articles and Doctrines",AUDITED,VERIFIED,"","",2026-08-19T09:28:50.977Z
cmstkgexi014m20u1uquhmcv9,"General Information","Philippine Constitution - Constitutional Articles and Doctrines",AUDITED,VERIFIED,"","",2026-08-19T09:28:50.994Z
cmstkgexg013l20u1httnv7ep,"General Information","Philippine Constitution - Constitutional Articles and Doctrines",AUDITED,VERIFIED,"","",2026-08-19T09:28:51.012Z
cmstkgexg013k20u1oo092qmk,"General Information","Philippine Constitution - Constitutional Articles and Doctrines",AUDITED,VERIFIED,"","",2026-08-19T09:28:51.030Z
cmstkgexi014r20u1vuiw9f38,"General Information","Philippine Constitution - Constitutional Articles and Doctrines",AUDITED,VERIFIED,"","",2026-08-19T09:28:51.049Z
cmstkgexi014s20u12z5y4qvv,"General Information","Philippine Constitution - Constitutional Articles and Doctrines",AUDITED,VERIFIED,"","",2026-08-19T09:28:51.066Z
cmstkgexg013f20u1a31wv5m6,"General Information","Philippine Constitution - Constitutional Articles and Doctrines",AUDITED,VERIFIED,"","",2026-08-19T09:28:51.084Z
cmstkgexi014q20u1n2x6mjor,"General Information","Philippine Constitution - Constitutional Articles and Doctrines",AUDITED,VERIFIED,"","",2026-08-19T09:28:51.102Z
cmstkgexj015120u1dh63sue2,"General Information","Philippine Constitution - Constitutional Articles and Doctrines",AUDITED,VERIFIED,"","",2026-08-19T09:28:51.120Z
cmstkgexg013h20u1lenjfxld,"General Information","Philippine Constitution - Constitutional Articles and Doctrines",AUDITED,VERIFIED,"","",2026-08-19T09:28:51.138Z
cmstkgexg013g20u1gxfsttqf,"General Information","Philippine Constitution - Constitutional Articles and Doctrines",AUDITED,VERIFIED,"","",2026-08-19T09:28:51.156Z
cmstkgexi014v20u1wu4wwex1,"General Information","Philippine Constitution - Constitutional Articles and Doctrines",AUDITED,VERIFIED,"","",2026-08-19T09:28:51.173Z
cmstkgexj014w20u1ogdxi4cq,"General Information","Philippine Constitution - Constitutional Articles and Doctrines",AUDITED,VERIFIED,"","",2026-08-19T09:28:51.191Z
cmstkgexg013b20u1obn8gtid,"General Information","Philippine Constitution - Constitutional Articles and Doctrines",AUDITED,VERIFIED,"","",2026-08-19T09:28:51.208Z
cmstkgexg013d20u1zripc153,"General Information","Philippine Constitution - Constitutional Articles and Doctrines",AUDITED,VERIFIED,"","",2026-08-19T09:28:51.227Z
cmstkgexj015920u1vnb25cv0,"General Information","Philippine Constitution - Constitutional Articles and Doctrines",AUDITED,VERIFIED,"","",2026-08-19T09:28:51.245Z
cmstkgexg013c20u1npdni6s3,"General Information","Philippine Constitution - Constitutional Articles and Doctrines",AUDITED,VERIFIED,"","",2026-08-19T09:28:51.263Z
cmstkgexg013720u18z6w0rzr,"General Information","Philippine Constitution - Constitutional Articles and Doctrines",AUDITED,VERIFIED,"","",2026-08-19T09:28:51.281Z
cmstkgexg013920u1pml6v94e,"General Information","Philippine Constitution - Constitutional Articles and Doctrines",AUDITED,VERIFIED,"","",2026-08-19T09:28:51.299Z
cmstkgexg013820u1p002rkq0,"General Information","Philippine Constitution - Constitutional Articles and Doctrines",AUDITED,VERIFIED,"","",2026-08-19T09:28:51.317Z
cmstkgexf013520u104veoelj,"General Information","Philippine Constitution - Constitutional Articles and Doctrines",AUDITED,VERIFIED,"","",2026-08-19T09:28:51.335Z
cmstkgexf013420u1292vs16n,"General Information","Philippine Constitution - Constitutional Articles and Doctrines",AUDITED,VERIFIED,"","",2026-08-19T09:28:51.353Z
cmstkgexf012z20u18ydd57hv,"General Information","Philippine Constitution - Constitutional Articles and Doctrines",AUDITED,VERIFIED,"","",2026-08-19T09:28:51.372Z
cmstkgexj015d20u13opqbeut,"General Information","Philippine Constitution - Constitutional Articles and Doctrines",AUDITED,VERIFIED,"","",2026-08-19T09:28:51.483Z
cmstkgexj015h20u1kaxwzkm6,"General Information","Philippine Constitution - Constitutional Articles and Doctrines",AUDITED,VERIFIED,"","",2026-08-19T09:28:51.506Z
cmstkgexf013120u1ciicxb1l,"General Information","Philippine Constitution - Constitutional Articles and Doctrines",AUDITED,VERIFIED,"","",2026-08-19T09:28:51.526Z
cmstkgexf013020u1vocghx4c,"General Information","Philippine Constitution - Constitutional Articles and Doctrines",AUDITED,VERIFIED,"","",2026-08-19T09:28:51.544Z
cmstkgexk015m20u1lqsd9ti2,"General Information","Philippine Constitution - Constitutional Articles and Doctrines",AUDITED,VERIFIED,"","",2026-08-19T09:28:51.564Z
cmstkgexk015n20u19ixzizp5,"General Information","Philippine Constitution - Constitutional Articles and Doctrines",AUDITED,VERIFIED,"","",2026-08-19T09:28:51.583Z
cmstkgexj015i20u1asefoe1w,"General Information","Philippine Constitution - Constitutional Articles and Doctrines",AUDITED,VERIFIED,"","",2026-08-19T09:28:51.603Z
cmstkgexk015j20u1jjntfeqk,"General Information","Philippine Constitution - Constitutional Articles and Doctrines",AUDITED,VERIFIED,"","",2026-08-19T09:28:51.622Z
cmstkgexj015e20u1o4ec3q12,"General Information","Philippine Constitution - Constitutional Articles and Doctrines",AUDITED,VERIFIED,"","",2026-08-19T09:28:51.641Z
cmstkgexj015g20u1uncnbomy,"General Information","Philippine Constitution - Constitutional Articles and Doctrines",AUDITED,VERIFIED,"","",2026-08-19T09:28:51.659Z
cmstkgexj015f20u1n6xwi410,"General Information","Philippine Constitution - Constitutional Articles and Doctrines",AUDITED,VERIFIED,"","",2026-08-19T09:28:51.677Z
cmstkgexj015a20u1qngfwx6g,"General Information","Philippine Constitution - Constitutional Articles and Doctrines",AUDITED,VERIFIED,"","",2026-08-19T09:28:51.694Z
cmstkgexj015c20u165keqabx,"General Information","Philippine Constitution - Constitutional Articles and Doctrines",AUDITED,VERIFIED,"","",2026-08-19T09:28:51.714Z
cmstkgexj015b20u1hymzo2co,"General Information","Philippine Constitution - Constitutional Articles and Doctrines",AUDITED,VERIFIED,"","",2026-08-19T09:28:51.732Z
cmstkgexj015620u1l7l1p0j7,"General Information","Philippine Constitution - Constitutional Articles and Doctrines",AUDITED,VERIFIED,"","",2026-08-19T09:28:51.751Z
cmstkgexj015820u15zi0kdbg,"General Information","Philippine Constitution - Constitutional Articles and Doctrines",AUDITED,VERIFIED,"","",2026-08-19T09:28:51.772Z
cmstkgexj015720u17by4ruew,"General Information","Philippine Constitution - Constitutional Articles and Doctrines",AUDITED,VERIFIED,"","",2026-08-19T09:28:51.792Z
cmstkgexj015220u1un01z4zl,"General Information","Philippine Constitution - Constitutional Articles and Doctrines",AUDITED,VERIFIED,"","",2026-08-19T09:28:51.814Z
cmstkgexj015420u1g4iwud8j,"General Information","Philippine Constitution - Constitutional Articles and Doctrines",AUDITED,VERIFIED,"","",2026-08-19T09:28:51.834Z
cmstkgexj015320u1zfcecnqt,"General Information","Philippine Constitution - Constitutional Articles and Doctrines",AUDITED,VERIFIED,"","",2026-08-19T09:28:51.853Z
cmstkgexj014y20u1s42coqmb,"General Information","Philippine Constitution - Constitutional Articles and Doctrines",AUDITED,VERIFIED,"","",2026-08-19T09:28:51.871Z
cmstkgexj015020u1eratg9tp,"General Information","Philippine Constitution - Constitutional Articles and Doctrines",AUDITED,VERIFIED,"","",2026-08-19T09:28:51.890Z
cmstkgexj014z20u163ftf6ws,"General Information","Philippine Constitution - Constitutional Articles and Doctrines",AUDITED,VERIFIED,"","",2026-08-19T09:28:51.909Z
cmstkgexi014u20u16jdy9add,"General Information","Philippine Constitution - Constitutional Articles and Doctrines",AUDITED,VERIFIED,"","",2026-08-19T09:28:51.927Z
cmstkgexf013220u1671vxrfn,"General Information","Philippine Constitution - Constitutional Articles and Doctrines",AUDITED,VERIFIED,"","",2026-08-19T09:28:51.947Z
cmstkgexf013620u10vl1hz47,"General Information","Philippine Constitution - Constitutional Articles and Doctrines",AUDITED,VERIFIED,"","",2026-08-19T09:28:51.967Z
cmstkgexg013a20u1u5c5mu57,"General Information","Philippine Constitution - Constitutional Articles and Doctrines",AUDITED,VERIFIED,"","",2026-08-19T09:28:51.985Z
cmstkgexg013i20u1r2x2kmzp,"General Information","Philippine Constitution - Constitutional Articles and Doctrines",AUDITED,VERIFIED,"","",2026-08-19T09:28:52.005Z
cmstkgexg013m20u1deimk9g4,"General Information","Philippine Constitution - Constitutional Articles and Doctrines",AUDITED,VERIFIED,"","",2026-08-19T09:28:52.023Z
cmstkgexh013q20u15mneevi6,"General Information","Philippine Constitution - Constitutional Articles and Doctrines",AUDITED,VERIFIED,"","",2026-08-19T09:28:52.040Z
cmstkgexh013y20u12qn1lbka,"General Information","Philippine Constitution - Constitutional Articles and Doctrines",AUDITED,VERIFIED,"","",2026-08-19T09:28:52.059Z
cmstkgexh014220u15jwpnodx,"General Information","Philippine Constitution - Constitutional Articles and Doctrines",AUDITED,VERIFIED,"","",2026-08-19T09:28:52.076Z
cmstkgexh014620u1972n1omg,"General Information","Philippine Constitution - Constitutional Articles and Doctrines",AUDITED,VERIFIED,"","",2026-08-19T09:28:52.094Z
cmstkgexi014e20u1ogb0eslt,"General Information","Philippine Constitution - Constitutional Articles and Doctrines",AUDITED,VERIFIED,"","",2026-08-19T09:28:52.111Z
cmstkgexf012x20u1mju2hmkq,"General Information","Philippine Constitution - Constitutional Articles and Doctrines",AUDITED,VERIFIED,"","",2026-08-19T09:28:52.129Z
cmstkgexf012w20u1mmbbk29o,"General Information","Philippine Constitution - Constitutional Articles and Doctrines",AUDITED,VERIFIED,"","",2026-08-19T09:28:52.147Z
cmstkgf6v017h20u1yja70mgj,"General Information","Philippine Constitution - Constitutional Articles and Doctrines",AUDITED,VERIFIED,"","",2026-08-19T09:28:52.165Z
cmstkgf6u015v20u1wpojw3xv,"General Information","Philippine Constitution - Constitutional Articles and Doctrines",AUDITED,VERIFIED,"","",2026-08-19T09:28:52.182Z
cmstkgf6u015q20u16hpwsyh7,"General Information","Philippine Constitution - Constitutional Articles and Doctrines",AUDITED,VERIFIED,"","",2026-08-19T09:28:52.201Z
cmstkgf6u015s20u1b1nlr93e,"General Information","Philippine Constitution - Constitutional Articles and Doctrines",AUDITED,VERIFIED,"","",2026-08-19T09:28:52.218Z
cmstkgf6v017d20u1v2gsxthl,"General Information","Philippine Constitution - Constitutional Articles and Doctrines",AUDITED,VERIFIED,"","",2026-08-19T09:28:52.238Z
cmstkgf6u015r20u1ot6k93up,"General Information","Philippine Constitution - Constitutional Articles and Doctrines",AUDITED,VERIFIED,"","",2026-08-19T09:28:52.257Z
cmstkgf6w018220u1qw9wzg2m,"General Information","RA 6713 Code of Conduct and Ethical Standards - Ethical Standards and Norms",AUDITED,VERIFIED,"","",2026-08-19T09:28:52.276Z
cmstkgf6u015o20u1xqem6iu5,"General Information","Philippine Constitution - Constitutional Articles and Doctrines",AUDITED,VERIFIED,"","",2026-08-19T09:28:52.294Z
cmstkgf6v016x20u1koqmlf6j,"General Information","Philippine Constitution - Constitutional Articles and Doctrines",AUDITED,VERIFIED,"","",2026-08-19T09:28:52.312Z
cmstkgf6v016a20u1660u2vam,"General Information","Philippine Constitution - Constitutional Articles and Doctrines",AUDITED,VERIFIED,"","",2026-08-19T09:28:52.332Z
cmstkgf6v016t20u1akwgzgh7,"General Information","Philippine Constitution - Constitutional Articles and Doctrines",AUDITED,VERIFIED,"","",2026-08-19T09:28:52.351Z
cmstkgf6w018e20u1hp758yfh,"General Information","RA 6713 Code of Conduct and Ethical Standards - Ethical Standards and Norms",AUDITED,VERIFIED,"","",2026-08-19T09:28:52.370Z
cmstkgf6w017u20u1cbx1kunm,"General Information","Philippine Constitution - Constitutional Articles and Doctrines",AUDITED,VERIFIED,"","",2026-08-19T09:28:52.390Z
cmstkgf6w017w20u1nvgumhkw,"General Information","Philippine Constitution - Constitutional Articles and Doctrines",AUDITED,VERIFIED,"","",2026-08-19T09:28:52.408Z
cmstkgf6w018820u1puzz14k8,"General Information","RA 6713 Code of Conduct and Ethical Standards - Ethical Standards and Norms",AUDITED,VERIFIED,"","",2026-08-19T09:28:52.425Z
cmstkgf6w017v20u1026g0t9k,"General Information","Philippine Constitution - Constitutional Articles and Doctrines",AUDITED,VERIFIED,"","",2026-08-19T09:28:52.445Z
cmstkgf6w018920u1tl82pf7q,"General Information","RA 6713 Code of Conduct and Ethical Standards - Ethical Standards and Norms",AUDITED,VERIFIED,"","",2026-08-19T09:28:52.462Z
cmstkgf6v017120u1vn1ib6ba,"General Information","Philippine Constitution - Constitutional Articles and Doctrines",AUDITED,VERIFIED,"","",2026-08-19T09:28:52.480Z
cmstkgf6w017q20u135rvomm5,"General Information","Philippine Constitution - Constitutional Articles and Doctrines",AUDITED,VERIFIED,"","",2026-08-19T09:28:52.499Z
cmstkgf6w017s20u172iv03d6,"General Information","Philippine Constitution - Constitutional Articles and Doctrines",AUDITED,VERIFIED,"","",2026-08-19T09:28:52.518Z
cmstkgf6w018b20u1ron5yp21,"General Information","RA 6713 Code of Conduct and Ethical Standards - Ethical Standards and Norms",AUDITED,VERIFIED,"","",2026-08-19T09:28:52.538Z
cmstkgf6w017r20u1thb0u0xa,"General Information","Philippine Constitution - Constitutional Articles and Doctrines",AUDITED,VERIFIED,"","",2026-08-19T09:28:52.556Z
cmstkgf6v017m20u10y2e3gjw,"General Information","Philippine Constitution - Constitutional Articles and Doctrines",AUDITED,VERIFIED,"","",2026-08-19T09:28:52.577Z
cmstkgf6v017o20u1k7effssm,"General Information","Philippine Constitution - Constitutional Articles and Doctrines",AUDITED,VERIFIED,"","",2026-08-19T09:28:52.595Z
cmstkgf6v017n20u16si6hq1w,"General Information","Philippine Constitution - Constitutional Articles and Doctrines",AUDITED,VERIFIED,"","",2026-08-19T09:28:52.614Z
cmstkgf6v017i20u18v6wyuor,"General Information","Philippine Constitution - Constitutional Articles and Doctrines",AUDITED,VERIFIED,"","",2026-08-19T09:28:52.634Z
cmstkgf6v017k20u15gv43966,"General Information","Philippine Constitution - Constitutional Articles and Doctrines",AUDITED,VERIFIED,"","",2026-08-19T09:28:52.653Z
cmstkgf6v017j20u1cfr4mbyw,"General Information","Philippine Constitution - Constitutional Articles and Doctrines",AUDITED,VERIFIED,"","",2026-08-19T09:28:52.671Z
cmstkgf6w018a20u1c2uatj72,"General Information","RA 6713 Code of Conduct and Ethical Standards - Ethical Standards and Norms",AUDITED,VERIFIED,"","",2026-08-19T09:28:52.688Z
cmstkgf6v017e20u1h5glmwme,"General Information","Philippine Constitution - Constitutional Articles and Doctrines",AUDITED,VERIFIED,"","",2026-08-19T09:28:52.708Z
cmstkgf6w018320u17s0fx71b,"General Information","RA 6713 Code of Conduct and Ethical Standards - Ethical Standards and Norms",AUDITED,VERIFIED,"","",2026-08-19T09:28:52.726Z
cmstkgf6w018020u153izyxjx,"General Information","Philippine Constitution - Constitutional Articles and Doctrines",AUDITED,VERIFIED,"","",2026-08-19T09:28:52.745Z
cmstkgf6v017g20u1wzztcti9,"General Information","Philippine Constitution - Constitutional Articles and Doctrines",AUDITED,VERIFIED,"","",2026-08-19T09:28:52.765Z
cmstkgf6w018520u1p4gc45p7,"General Information","RA 6713 Code of Conduct and Ethical Standards - Ethical Standards and Norms",AUDITED,VERIFIED,"","",2026-08-19T09:28:52.786Z
cmstkgf6v017f20u10nmrpyd4,"General Information","Philippine Constitution - Constitutional Articles and Doctrines",AUDITED,VERIFIED,"","",2026-08-19T09:28:52.805Z
cmstkgf6v017p20u1wpaafe5g,"General Information","Philippine Constitution - Constitutional Articles and Doctrines",AUDITED,VERIFIED,"","",2026-08-19T09:28:52.823Z
cmstkgf6v017a20u1sk2iatq7,"General Information","Philippine Constitution - Constitutional Articles and Doctrines",AUDITED,VERIFIED,"","",2026-08-19T09:28:52.842Z
cmstkgf6v017920u1zux9fcf9,"General Information","Philippine Constitution - Constitutional Articles and Doctrines",AUDITED,VERIFIED,"","",2026-08-19T09:28:52.860Z
cmstkgf6v017c20u1ygcy8uzb,"General Information","Philippine Constitution - Constitutional Articles and Doctrines",AUDITED,VERIFIED,"","",2026-08-19T09:28:52.879Z
cmstkgf6w018120u18jqbo0sq,"General Information","Philippine Constitution - Constitutional Articles and Doctrines",AUDITED,VERIFIED,"","",2026-08-19T09:28:52.898Z
cmstkgf6v017b20u1biagqz2l,"General Information","Philippine Constitution - Constitutional Articles and Doctrines",AUDITED,VERIFIED,"","",2026-08-19T09:28:52.917Z
cmstkgf6w018720u12vddqok8,"General Information","RA 6713 Code of Conduct and Ethical Standards - Ethical Standards and Norms",AUDITED,VERIFIED,"","",2026-08-19T09:28:52.935Z
cmstkgf6v017620u1bhizaqbs,"General Information","Philippine Constitution - Constitutional Articles and Doctrines",AUDITED,VERIFIED,"","",2026-08-19T09:28:52.954Z
cmstkgf6v017820u1oirnp70s,"General Information","Philippine Constitution - Constitutional Articles and Doctrines",AUDITED,VERIFIED,"","",2026-08-19T09:28:52.974Z
cmstkgf6v017720u12l00fvb7,"General Information","Philippine Constitution - Constitutional Articles and Doctrines",AUDITED,VERIFIED,"","",2026-08-19T09:28:52.993Z
cmstkgf6w018620u1uwgqi49w,"General Information","RA 6713 Code of Conduct and Ethical Standards - Ethical Standards and Norms",AUDITED,VERIFIED,"","",2026-08-19T09:28:53.011Z
cmstkgf6w017x20u177vp5iqq,"General Information","Philippine Constitution - Constitutional Articles and Doctrines",AUDITED,VERIFIED,"","",2026-08-19T09:28:53.031Z
cmstkgf6v017220u1b41dnyxy,"General Information","Philippine Constitution - Constitutional Articles and Doctrines",AUDITED,VERIFIED,"","",2026-08-19T09:28:53.050Z
cmstkgf6v017420u1lth1h0wn,"General Information","Philippine Constitution - Constitutional Articles and Doctrines",AUDITED,VERIFIED,"","",2026-08-19T09:28:53.070Z
cmstkgf6u015x20u1fmhuk5ad,"General Information","Philippine Constitution - Constitutional Articles and Doctrines",AUDITED,VERIFIED,"","",2026-08-19T09:28:53.089Z
cmstkgf6v017320u1bamhhube,"General Information","Philippine Constitution - Constitutional Articles and Doctrines",AUDITED,VERIFIED,"","",2026-08-19T09:28:53.108Z
cmstkgf6w018d20u1dsydddcu,"General Information","RA 6713 Code of Conduct and Ethical Standards - Ethical Standards and Norms",AUDITED,VERIFIED,"","",2026-08-19T09:28:53.127Z
cmstkgf6v016y20u15rxsefyy,"General Information","Philippine Constitution - Constitutional Articles and Doctrines",AUDITED,VERIFIED,"","",2026-08-19T09:28:53.147Z
cmstkgf6u015p20u15pop08c3,"General Information","Philippine Constitution - Constitutional Articles and Doctrines",AUDITED,VERIFIED,"","",2026-08-19T09:28:53.170Z
cmstkgf6v017020u1iizbi0fm,"General Information","Philippine Constitution - Constitutional Articles and Doctrines",AUDITED,VERIFIED,"","",2026-08-19T09:28:53.188Z
cmstkgf6v016z20u1hu6zofny,"General Information","Philippine Constitution - Constitutional Articles and Doctrines",AUDITED,VERIFIED,"","",2026-08-19T09:28:53.208Z
cmstkgf6w017y20u1v6nnxckp,"General Information","Philippine Constitution - Constitutional Articles and Doctrines",AUDITED,VERIFIED,"","",2026-08-19T09:28:53.228Z
cmstkgf6v016u20u10yjvrv3b,"General Information","Philippine Constitution - Constitutional Articles and Doctrines",AUDITED,VERIFIED,"","",2026-08-19T09:28:53.249Z
cmstkgf6u015t20u14f6tfwf4,"General Information","Philippine Constitution - Constitutional Articles and Doctrines",AUDITED,VERIFIED,"","",2026-08-19T09:28:53.269Z
cmstkgf6v016w20u1dbpcrp9w,"General Information","Philippine Constitution - Constitutional Articles and Doctrines",AUDITED,VERIFIED,"","",2026-08-19T09:28:53.288Z
cmstkgf6v016v20u1ylrx6ny2,"General Information","Philippine Constitution - Constitutional Articles and Doctrines",AUDITED,VERIFIED,"","",2026-08-19T09:28:53.309Z
cmstkgf6w017t20u1s46i1tjg,"General Information","Philippine Constitution - Constitutional Articles and Doctrines",AUDITED,VERIFIED,"","",2026-08-19T09:28:53.328Z
cmstkgf6w018420u1xxsxxy7g,"General Information","RA 6713 Code of Conduct and Ethical Standards - Ethical Standards and Norms",AUDITED,VERIFIED,"","",2026-08-19T09:28:53.345Z
cmstkgf6v016d20u1rwxxox7a,"General Information","Philippine Constitution - Constitutional Articles and Doctrines",AUDITED,VERIFIED,"","",2026-08-19T09:28:53.364Z
cmstkgf6u016120u1naesgoel,"General Information","Philippine Constitution - Constitutional Articles and Doctrines",AUDITED,VERIFIED,"","",2026-08-19T09:28:53.476Z
cmstkgf6v016q20u1n19jbhbr,"General Information","Philippine Constitution - Constitutional Articles and Doctrines",AUDITED,VERIFIED,"","",2026-08-19T09:28:53.494Z
cmstkgf6v016c20u16hcm04fs,"General Information","Philippine Constitution - Constitutional Articles and Doctrines",AUDITED,VERIFIED,"","",2026-08-19T09:28:53.522Z
cmstkgf6v016s20u1wsw95c8g,"General Information","Philippine Constitution - Constitutional Articles and Doctrines",AUDITED,VERIFIED,"","",2026-08-19T09:28:53.542Z
cmstkgf6u016020u14ecyo316,"General Information","Philippine Constitution - Constitutional Articles and Doctrines",AUDITED,VERIFIED,"","",2026-08-19T09:28:53.560Z
cmstkgf6w018c20u1pqm25aas,"General Information","RA 6713 Code of Conduct and Ethical Standards - Ethical Standards and Norms",AUDITED,VERIFIED,"","",2026-08-19T09:28:53.579Z
cmstkgf6u016520u1i397lw6p,"General Information","Philippine Constitution - Constitutional Articles and Doctrines",AUDITED,VERIFIED,"","",2026-08-19T09:28:53.599Z
cmstkgf6v016r20u1fgrrxd06,"General Information","Philippine Constitution - Constitutional Articles and Doctrines",AUDITED,VERIFIED,"","",2026-08-19T09:28:53.621Z
cmstkgf6v016m20u1dlyidior,"General Information","Philippine Constitution - Constitutional Articles and Doctrines",AUDITED,VERIFIED,"","",2026-08-19T09:28:53.640Z
cmstkgf6v016o20u1w376hdua,"General Information","Philippine Constitution - Constitutional Articles and Doctrines",AUDITED,VERIFIED,"","",2026-08-19T09:28:53.659Z
cmstkgf6v016n20u1et2p8ueg,"General Information","Philippine Constitution - Constitutional Articles and Doctrines",AUDITED,VERIFIED,"","",2026-08-19T09:28:53.679Z
cmstkgf6v016i20u1mcamzzmf,"General Information","Philippine Constitution - Constitutional Articles and Doctrines",AUDITED,VERIFIED,"","",2026-08-19T09:28:53.699Z
cmstkgf6v016k20u17pf4k7aj,"General Information","Philippine Constitution - Constitutional Articles and Doctrines",AUDITED,VERIFIED,"","",2026-08-19T09:28:53.718Z
cmstkgf6v016j20u10fkr72ei,"General Information","Philippine Constitution - Constitutional Articles and Doctrines",AUDITED,VERIFIED,"","",2026-08-19T09:28:53.737Z
cmstkgf6v016e20u1dkxp08xe,"General Information","Philippine Constitution - Constitutional Articles and Doctrines",AUDITED,VERIFIED,"","",2026-08-19T09:28:53.758Z
cmstkgf6v016g20u1sa90au9e,"General Information","Philippine Constitution - Constitutional Articles and Doctrines",AUDITED,VERIFIED,"","",2026-08-19T09:28:53.777Z
cmstkgf6v016920u1ggo9429m,"General Information","Philippine Constitution - Constitutional Articles and Doctrines",AUDITED,VERIFIED,"","",2026-08-19T09:28:53.797Z
cmstkgf6v016f20u1jqslt66q,"General Information","Philippine Constitution - Constitutional Articles and Doctrines",AUDITED,VERIFIED,"","",2026-08-19T09:28:53.817Z
cmstkgf6w018f20u1h0uqskbu,"General Information","RA 6713 Code of Conduct and Ethical Standards - Ethical Standards and Norms",AUDITED,VERIFIED,"","",2026-08-19T09:28:53.836Z
cmstkgf6v016b20u1w8y8clff,"General Information","Philippine Constitution - Constitutional Articles and Doctrines",AUDITED,VERIFIED,"","",2026-08-19T09:28:53.856Z
cmstkgf6v017l20u1cifm728d,"General Information","Philippine Constitution - Constitutional Articles and Doctrines",AUDITED,VERIFIED,"","",2026-08-19T09:28:53.875Z
cmstkgf6u016620u1nvn9lyx7,"General Information","Philippine Constitution - Constitutional Articles and Doctrines",AUDITED,VERIFIED,"","",2026-08-19T09:28:53.894Z
cmstkgf6v016820u1ciro2uym,"General Information","Philippine Constitution - Constitutional Articles and Doctrines",AUDITED,VERIFIED,"","",2026-08-19T09:28:53.913Z
cmstkgf6u016720u16o238wbl,"General Information","Philippine Constitution - Constitutional Articles and Doctrines",AUDITED,VERIFIED,"","",2026-08-19T09:28:53.934Z
cmstkgf6v017520u1o39ate8d,"General Information","Philippine Constitution - Constitutional Articles and Doctrines",AUDITED,VERIFIED,"","",2026-08-19T09:28:53.954Z
cmstkgf6u016220u1jmhvpw7d,"General Information","Philippine Constitution - Constitutional Articles and Doctrines",AUDITED,VERIFIED,"","",2026-08-19T09:28:53.973Z
cmstkgf6u016420u1a8mbpanx,"General Information","Philippine Constitution - Constitutional Articles and Doctrines",AUDITED,VERIFIED,"","",2026-08-19T09:28:53.992Z
cmstkgf6u016320u1dl4slu2r,"General Information","Philippine Constitution - Constitutional Articles and Doctrines",AUDITED,VERIFIED,"","",2026-08-19T09:28:54.011Z
cmstkgf6v016h20u15w9cksau,"General Information","Philippine Constitution - Constitutional Articles and Doctrines",AUDITED,VERIFIED,"","",2026-08-19T09:28:54.032Z
cmstkgf6u015y20u1qwqkc3i7,"General Information","Philippine Constitution - Constitutional Articles and Doctrines",AUDITED,VERIFIED,"","",2026-08-19T09:28:54.053Z
cmstkgf6w017z20u1lx8hx66g,"General Information","Philippine Constitution - Constitutional Articles and Doctrines",AUDITED,VERIFIED,"","",2026-08-19T09:28:54.072Z
cmstkgf6v016l20u135rlmemb,"General Information","Philippine Constitution - Constitutional Articles and Doctrines",AUDITED,VERIFIED,"","",2026-08-19T09:28:54.091Z
cmstkgf6v016p20u1wyofh8uy,"General Information","Philippine Constitution - Constitutional Articles and Doctrines",AUDITED,VERIFIED,"","",2026-08-19T09:28:54.110Z
cmstkgf6u015z20u1m26o0wqs,"General Information","Philippine Constitution - Constitutional Articles and Doctrines",AUDITED,VERIFIED,"","",2026-08-19T09:28:54.130Z
cmstkgf6u015u20u1gbty78j8,"General Information","Philippine Constitution - Constitutional Articles and Doctrines",AUDITED,VERIFIED,"","",2026-08-19T09:28:54.151Z
cmstkgf6u015w20u1suct5g41,"General Information","Philippine Constitution - Constitutional Articles and Doctrines",AUDITED,VERIFIED,"","",2026-08-19T09:28:54.172Z
cmstkgfdr01a020u1iael1hc6,"General Information","RA 6713 Code of Conduct and Ethical Standards - Ethical Standards and Norms",AUDITED,VERIFIED,"","",2026-08-19T09:28:54.190Z
cmstkgfdo018p20u1324m811e,"General Information","RA 6713 Code of Conduct and Ethical Standards - Ethical Standards and Norms",AUDITED,VERIFIED,"","",2026-08-19T09:28:54.209Z
cmstkgfdr019z20u15bu2moyx,"General Information","RA 6713 Code of Conduct and Ethical Standards - Ethical Standards and Norms",AUDITED,VERIFIED,"","",2026-08-19T09:28:54.228Z
cmstkgfdo018q20u1zsjnq71o,"General Information","RA 6713 Code of Conduct and Ethical Standards - Ethical Standards and Norms",AUDITED,VERIFIED,"","",2026-08-19T09:28:54.247Z
cmstkgfdr01a420u1fxdsefk2,"General Information","RA 6713 Code of Conduct and Ethical Standards - Ethical Standards and Norms",AUDITED,VERIFIED,"","",2026-08-19T09:28:54.267Z
cmstkgfdr01a520u189er1qet,"General Information","RA 6713 Code of Conduct and Ethical Standards - Ethical Standards and Norms",AUDITED,VERIFIED,"","",2026-08-19T09:28:54.287Z
cmstkgfdr01a320u10hu6wti1,"General Information","RA 6713 Code of Conduct and Ethical Standards - Ethical Standards and Norms",AUDITED,VERIFIED,"","",2026-08-19T09:28:54.306Z
cmstkgfdo018h20u1a4oitajv,"General Information","RA 6713 Code of Conduct and Ethical Standards - Ethical Standards and Norms",AUDITED,VERIFIED,"","",2026-08-19T09:28:54.326Z
cmstkgfdo018j20u17a5r8dkf,"General Information","RA 6713 Code of Conduct and Ethical Standards - Ethical Standards and Norms",AUDITED,VERIFIED,"","",2026-08-19T09:28:54.346Z
cmstkgfdo018i20u11kauq0vw,"General Information","RA 6713 Code of Conduct and Ethical Standards - Ethical Standards and Norms",AUDITED,VERIFIED,"","",2026-08-19T09:28:54.368Z
cmstkgfdr01a820u1sh62ht9l,"General Information","RA 6713 Code of Conduct and Ethical Standards - Ethical Standards and Norms",AUDITED,VERIFIED,"","",2026-08-19T09:28:54.387Z
cmstkgfdr01a920u19y4chp5h,"General Information","RA 6713 Code of Conduct and Ethical Standards - Ethical Standards and Norms",AUDITED,VERIFIED,"","",2026-08-19T09:28:54.405Z
cmstkgfdr01a720u1tr15gbxi,"General Information","RA 6713 Code of Conduct and Ethical Standards - Ethical Standards and Norms",AUDITED,VERIFIED,"","",2026-08-19T09:28:54.424Z
cmstkgfdr01ac20u10wfp9206,"General Information","RA 6713 Code of Conduct and Ethical Standards - Ethical Standards and Norms",AUDITED,VERIFIED,"","",2026-08-19T09:28:54.444Z
cmstkgfdr01ad20u1gp0hd2r2,"General Information","RA 6713 Code of Conduct and Ethical Standards - Ethical Standards and Norms",AUDITED,VERIFIED,"","",2026-08-19T09:28:54.467Z
cmstkgfdr01ab20u1xqmjsd1y,"General Information","RA 6713 Code of Conduct and Ethical Standards - Ethical Standards and Norms",AUDITED,VERIFIED,"","",2026-08-19T09:28:54.489Z
cmstkgfdr01ag20u19vdj8uap,"General Information","RA 6713 Code of Conduct and Ethical Standards - Ethical Standards and Norms",AUDITED,VERIFIED,"","",2026-08-19T09:28:54.512Z
cmstkgfdr01af20u199xsly2r,"General Information","RA 6713 Code of Conduct and Ethical Standards - Ethical Standards and Norms",AUDITED,VERIFIED,"","",2026-08-19T09:28:54.530Z
cmstkgfdr01ak20u1uyibsdak,"General Information","RA 6713 Code of Conduct and Ethical Standards - Ethical Standards and Norms",AUDITED,VERIFIED,"","",2026-08-19T09:28:54.551Z
cmstkgfdr01al20u16qidq0cp,"General Information","RA 6713 Code of Conduct and Ethical Standards - Ethical Standards and Norms",AUDITED,VERIFIED,"","",2026-08-19T09:28:54.572Z
cmstkgfdr01aj20u1nwe5nreb,"General Information","RA 6713 Code of Conduct and Ethical Standards - Ethical Standards and Norms",AUDITED,VERIFIED,"","",2026-08-19T09:28:54.594Z
cmstkgfds01ao20u1d7ebwyhb,"General Information","RA 6713 Code of Conduct and Ethical Standards - Ethical Standards and Norms",AUDITED,VERIFIED,"","",2026-08-19T09:28:54.613Z
cmstkgfds01ap20u1079iwxuy,"General Information","RA 6713 Code of Conduct and Ethical Standards - Ethical Standards and Norms",AUDITED,VERIFIED,"","",2026-08-19T09:28:54.635Z
cmstkgfds01an20u1fr2yxhfc,"General Information","RA 6713 Code of Conduct and Ethical Standards - Ethical Standards and Norms",AUDITED,VERIFIED,"","",2026-08-19T09:28:54.655Z
cmstkgfds01as20u1czcndhuw,"General Information","RA 6713 Code of Conduct and Ethical Standards - Ethical Standards and Norms",AUDITED,VERIFIED,"","",2026-08-19T09:28:54.674Z
cmstkgfds01at20u1u4h0vdng,"General Information","RA 6713 Code of Conduct and Ethical Standards - Ethical Standards and Norms",AUDITED,VERIFIED,"","",2026-08-19T09:28:54.694Z
cmstkgfds01ar20u1reh0y90p,"General Information","RA 6713 Code of Conduct and Ethical Standards - Ethical Standards and Norms",AUDITED,VERIFIED,"","",2026-08-19T09:28:54.713Z
cmstkgfds01aw20u17qtvlr1y,"General Information","RA 6713 Code of Conduct and Ethical Standards - Ethical Standards and Norms",AUDITED,VERIFIED,"","",2026-08-19T09:28:54.733Z
cmstkgfdq019u20u1xqn0fdau,"General Information","RA 6713 Code of Conduct and Ethical Standards - Ethical Standards and Norms",AUDITED,VERIFIED,"","",2026-08-19T09:28:54.755Z
cmstkgfds01b320u1chdeazw9,"General Information","RA 6713 Code of Conduct and Ethical Standards - Ethical Standards and Norms",AUDITED,VERIFIED,"","",2026-08-19T09:28:54.775Z
cmstkgfds01ax20u145fbd5sp,"General Information","RA 6713 Code of Conduct and Ethical Standards - Ethical Standards and Norms",AUDITED,VERIFIED,"","",2026-08-19T09:28:54.796Z
cmstkgfds01b720u1s9vbbdlq,"General Information","RA 6713 Code of Conduct and Ethical Standards - Ethical Standards and Norms",AUDITED,VERIFIED,"","",2026-08-19T09:28:54.820Z
cmstkgfdq019e20u1l4mojofu,"General Information","RA 6713 Code of Conduct and Ethical Standards - Ethical Standards and Norms",AUDITED,VERIFIED,"","",2026-08-19T09:28:54.840Z
cmstkgfdp019120u17znffxkp,"General Information","RA 6713 Code of Conduct and Ethical Standards - Ethical Standards and Norms",AUDITED,VERIFIED,"","",2026-08-19T09:28:54.863Z
cmstkgfds01av20u1f4a3jx87,"General Information","RA 6713 Code of Conduct and Ethical Standards - Ethical Standards and Norms",AUDITED,VERIFIED,"","",2026-08-19T09:28:54.883Z
cmstkgfds01b120u148dsch2r,"General Information","RA 6713 Code of Conduct and Ethical Standards - Ethical Standards and Norms",AUDITED,VERIFIED,"","",2026-08-19T09:28:54.904Z
cmstkgfdp018r20u1km0bkz39,"General Information","RA 6713 Code of Conduct and Ethical Standards - Ethical Standards and Norms",AUDITED,VERIFIED,"","",2026-08-19T09:28:54.925Z
cmstkgfdo018n20u1m6qga2m8,"General Information","RA 6713 Code of Conduct and Ethical Standards - Ethical Standards and Norms",AUDITED,VERIFIED,"","",2026-08-19T09:28:54.944Z
cmstkgfds01b020u1jc05jiip,"General Information","RA 6713 Code of Conduct and Ethical Standards - Ethical Standards and Norms",AUDITED,VERIFIED,"","",2026-08-19T09:28:54.963Z
cmstkgfdo018g20u1pxcv3rt0,"General Information","RA 6713 Code of Conduct and Ethical Standards - Ethical Standards and Norms",AUDITED,VERIFIED,"","",2026-08-19T09:28:54.985Z
cmstkgfds01az20u13f396dwm,"General Information","RA 6713 Code of Conduct and Ethical Standards - Ethical Standards and Norms",AUDITED,VERIFIED,"","",2026-08-19T09:28:55.008Z
cmstkgfdr01aa20u1jevxi8dj,"General Information","RA 6713 Code of Conduct and Ethical Standards - Ethical Standards and Norms",AUDITED,VERIFIED,"","",2026-08-19T09:28:55.028Z
cmstkgfds01b420u1qvhy16wx,"General Information","RA 6713 Code of Conduct and Ethical Standards - Ethical Standards and Norms",AUDITED,VERIFIED,"","",2026-08-19T09:28:55.047Z
cmstkgfds01aq20u1ta1uysw1,"General Information","RA 6713 Code of Conduct and Ethical Standards - Ethical Standards and Norms",AUDITED,VERIFIED,"","",2026-08-19T09:28:55.069Z
cmstkgfds01b520u1y1bpn1n3,"General Information","RA 6713 Code of Conduct and Ethical Standards - Ethical Standards and Norms",AUDITED,VERIFIED,"","",2026-08-19T09:28:55.089Z
cmstkgfds01b620u1klsdv3n7,"General Information","RA 6713 Code of Conduct and Ethical Standards - Ethical Standards and Norms",AUDITED,VERIFIED,"","",2026-08-19T09:28:55.110Z
cmstkgfds01b220u1yc1qra22,"General Information","RA 6713 Code of Conduct and Ethical Standards - Ethical Standards and Norms",AUDITED,VERIFIED,"","",2026-08-19T09:28:55.133Z
cmstkgfds01ay20u1vogu3ddb,"General Information","RA 6713 Code of Conduct and Ethical Standards - Ethical Standards and Norms",AUDITED,VERIFIED,"","",2026-08-19T09:28:55.154Z
cmstkgfds01au20u1g5b4iius,"General Information","RA 6713 Code of Conduct and Ethical Standards - Ethical Standards and Norms",AUDITED,VERIFIED,"","",2026-08-19T09:28:55.174Z
cmstkgfds01am20u133h6m0cf,"General Information","RA 6713 Code of Conduct and Ethical Standards - Ethical Standards and Norms",AUDITED,VERIFIED,"","",2026-08-19T09:28:55.194Z
cmstkgfdr01ai20u1om8tw1rm,"General Information","RA 6713 Code of Conduct and Ethical Standards - Ethical Standards and Norms",AUDITED,VERIFIED,"","",2026-08-19T09:28:55.214Z
cmstkgfdr01ae20u1kq2cgs4x,"General Information","RA 6713 Code of Conduct and Ethical Standards - Ethical Standards and Norms",AUDITED,VERIFIED,"","",2026-08-19T09:28:55.235Z
cmstkgfdr01a620u1yglw3caa,"General Information","RA 6713 Code of Conduct and Ethical Standards - Ethical Standards and Norms",AUDITED,VERIFIED,"","",2026-08-19T09:28:55.254Z
cmstkgfdr01a220u1sbrjskf9,"General Information","RA 6713 Code of Conduct and Ethical Standards - Ethical Standards and Norms",AUDITED,VERIFIED,"","",2026-08-19T09:28:55.276Z
cmstkgfdq019y20u1q74nkhtg,"General Information","RA 6713 Code of Conduct and Ethical Standards - Ethical Standards and Norms",AUDITED,VERIFIED,"","",2026-08-19T09:28:55.297Z
cmstkgfdq019q20u17kmasn2d,"General Information","RA 6713 Code of Conduct and Ethical Standards - Ethical Standards and Norms",AUDITED,VERIFIED,"","",2026-08-19T09:28:55.316Z
cmstkgfdq019m20u1nwnrc6zq,"General Information","RA 6713 Code of Conduct and Ethical Standards - Ethical Standards and Norms",AUDITED,VERIFIED,"","",2026-08-19T09:28:55.336Z
cmstkgfdq019i20u1drpmjqmc,"General Information","RA 6713 Code of Conduct and Ethical Standards - Ethical Standards and Norms",AUDITED,VERIFIED,"","",2026-08-19T09:28:55.356Z
cmstkgfdp019a20u1cxdsm6c4,"General Information","RA 6713 Code of Conduct and Ethical Standards - Ethical Standards and Norms",AUDITED,VERIFIED,"","",2026-08-19T09:28:55.376Z
cmstkgfdp019620u1um6ae8gv,"General Information","RA 6713 Code of Conduct and Ethical Standards - Ethical Standards and Norms",AUDITED,VERIFIED,"","",2026-08-19T09:28:55.395Z
cmstkgfdp019220u1g9ajz9xh,"General Information","RA 6713 Code of Conduct and Ethical Standards - Ethical Standards and Norms",AUDITED,VERIFIED,"","",2026-08-19T09:28:55.415Z
cmstkgfdp018z20u1v4fph8xi,"General Information","RA 6713 Code of Conduct and Ethical Standards - Ethical Standards and Norms",AUDITED,VERIFIED,"","",2026-08-19T09:28:55.438Z
cmstkgfdp018v20u1trgr7ofi,"General Information","RA 6713 Code of Conduct and Ethical Standards - Ethical Standards and Norms",AUDITED,VERIFIED,"","",2026-08-19T09:28:55.458Z
cmstkgfdp018u20u1j3adazsl,"General Information","RA 6713 Code of Conduct and Ethical Standards - Ethical Standards and Norms",AUDITED,VERIFIED,"","",2026-08-19T09:28:55.481Z
cmstkgfdo018o20u1phnl3p40,"General Information","RA 6713 Code of Conduct and Ethical Standards - Ethical Standards and Norms",AUDITED,VERIFIED,"","",2026-08-19T09:28:55.595Z
cmstkgfdo018m20u1n2xhcb8c,"General Information","RA 6713 Code of Conduct and Ethical Standards - Ethical Standards and Norms",AUDITED,VERIFIED,"","",2026-08-19T09:28:55.615Z
cmstkgfdo018l20u1zu6na6he,"General Information","RA 6713 Code of Conduct and Ethical Standards - Ethical Standards and Norms",AUDITED,VERIFIED,"","",2026-08-19T09:28:55.635Z
cmstkgfdr01ah20u1dilm220u,"General Information","RA 6713 Code of Conduct and Ethical Standards - Ethical Standards and Norms",AUDITED,VERIFIED,"","",2026-08-19T09:28:55.655Z
cmstkgfdo018k20u1bkoflh82,"General Information","RA 6713 Code of Conduct and Ethical Standards - Ethical Standards and Norms",AUDITED,VERIFIED,"","",2026-08-19T09:28:55.674Z
cmstkgfdp019020u14i6ubx8q,"General Information","RA 6713 Code of Conduct and Ethical Standards - Ethical Standards and Norms",AUDITED,VERIFIED,"","",2026-08-19T09:28:55.694Z
cmstkgfdq019r20u16zsz8ttm,"General Information","RA 6713 Code of Conduct and Ethical Standards - Ethical Standards and Norms",AUDITED,VERIFIED,"","",2026-08-19T09:28:55.714Z
cmstkgfdq019t20u1a5gwfenw,"General Information","RA 6713 Code of Conduct and Ethical Standards - Ethical Standards and Norms",AUDITED,VERIFIED,"","",2026-08-19T09:28:55.735Z
cmstkgfdq019s20u1puimg0xl,"General Information","RA 6713 Code of Conduct and Ethical Standards - Ethical Standards and Norms",AUDITED,VERIFIED,"","",2026-08-19T09:28:55.756Z
cmstkgfdq019n20u1h95l6obg,"General Information","RA 6713 Code of Conduct and Ethical Standards - Ethical Standards and Norms",AUDITED,VERIFIED,"","",2026-08-19T09:28:55.776Z
cmstkgfdq019p20u1lwgta3ud,"General Information","RA 6713 Code of Conduct and Ethical Standards - Ethical Standards and Norms",AUDITED,VERIFIED,"","",2026-08-19T09:28:55.796Z
cmstkgfdq019o20u1u80f92v7,"General Information","RA 6713 Code of Conduct and Ethical Standards - Ethical Standards and Norms",AUDITED,VERIFIED,"","",2026-08-19T09:28:55.815Z
cmstkgfdq019j20u1cussx4ms,"General Information","RA 6713 Code of Conduct and Ethical Standards - Ethical Standards and Norms",AUDITED,VERIFIED,"","",2026-08-19T09:28:55.835Z
cmstkgfdq019l20u1one4ps8f,"General Information","RA 6713 Code of Conduct and Ethical Standards - Ethical Standards and Norms",AUDITED,VERIFIED,"","",2026-08-19T09:28:55.855Z
cmstkgfdq019k20u1h2lhvuvq,"General Information","RA 6713 Code of Conduct and Ethical Standards - Ethical Standards and Norms",AUDITED,VERIFIED,"","",2026-08-19T09:28:55.876Z
cmstkgfdq019f20u1fzbomff8,"General Information","RA 6713 Code of Conduct and Ethical Standards - Ethical Standards and Norms",AUDITED,VERIFIED,"","",2026-08-19T09:28:55.894Z
cmstkgfdq019h20u1enxfo80s,"General Information","RA 6713 Code of Conduct and Ethical Standards - Ethical Standards and Norms",AUDITED,VERIFIED,"","",2026-08-19T09:28:55.913Z
cmstkgfdq019g20u1a17qr82d,"General Information","RA 6713 Code of Conduct and Ethical Standards - Ethical Standards and Norms",AUDITED,VERIFIED,"","",2026-08-19T09:28:55.932Z
cmstkgfdq019b20u1i8z3207j,"General Information","RA 6713 Code of Conduct and Ethical Standards - Ethical Standards and Norms",AUDITED,VERIFIED,"","",2026-08-19T09:28:55.953Z
cmstkgfdq019d20u1dy0n7vze,"General Information","RA 6713 Code of Conduct and Ethical Standards - Ethical Standards and Norms",AUDITED,VERIFIED,"","",2026-08-19T09:28:55.973Z
cmstkgfdq019c20u1tvhwuu7l,"General Information","RA 6713 Code of Conduct and Ethical Standards - Ethical Standards and Norms",AUDITED,VERIFIED,"","",2026-08-19T09:28:55.993Z
cmstkgfdp019720u1jflt5jps,"General Information","RA 6713 Code of Conduct and Ethical Standards - Ethical Standards and Norms",AUDITED,VERIFIED,"","",2026-08-19T09:28:56.012Z
cmstkgfdp019920u10y82bkwe,"General Information","RA 6713 Code of Conduct and Ethical Standards - Ethical Standards and Norms",AUDITED,VERIFIED,"","",2026-08-19T09:28:56.032Z
cmstkgfdp019820u12t65rd9s,"General Information","RA 6713 Code of Conduct and Ethical Standards - Ethical Standards and Norms",AUDITED,VERIFIED,"","",2026-08-19T09:28:56.053Z
cmstkgfdp019320u1j16jle7k,"General Information","RA 6713 Code of Conduct and Ethical Standards - Ethical Standards and Norms",AUDITED,VERIFIED,"","",2026-08-19T09:28:56.073Z
cmstkgfdp019520u1pknmbdr3,"General Information","RA 6713 Code of Conduct and Ethical Standards - Ethical Standards and Norms",AUDITED,VERIFIED,"","",2026-08-19T09:28:56.095Z
cmstkgfdp019420u1yr2hwtga,"General Information","RA 6713 Code of Conduct and Ethical Standards - Ethical Standards and Norms",AUDITED,VERIFIED,"","",2026-08-19T09:28:56.116Z
cmstkgfdq019w20u1gug8bj88,"General Information","RA 6713 Code of Conduct and Ethical Standards - Ethical Standards and Norms",AUDITED,VERIFIED,"","",2026-08-19T09:28:56.136Z
cmstkgfdq019x20u1kspdvvxx,"General Information","RA 6713 Code of Conduct and Ethical Standards - Ethical Standards and Norms",AUDITED,VERIFIED,"","",2026-08-19T09:28:56.158Z
cmstkgfdp018w20u108zx5r0z,"General Information","RA 6713 Code of Conduct and Ethical Standards - Ethical Standards and Norms",AUDITED,VERIFIED,"","",2026-08-19T09:28:56.177Z
cmstkgfdp018y20u1nak2ki44,"General Information","RA 6713 Code of Conduct and Ethical Standards - Ethical Standards and Norms",AUDITED,VERIFIED,"","",2026-08-19T09:28:56.198Z
cmstkgfdp018x20u1xfgb9u3r,"General Information","RA 6713 Code of Conduct and Ethical Standards - Ethical Standards and Norms",AUDITED,VERIFIED,"","",2026-08-19T09:28:56.219Z
cmstkgfdq019v20u112gut3lv,"General Information","RA 6713 Code of Conduct and Ethical Standards - Ethical Standards and Norms",AUDITED,VERIFIED,"","",2026-08-19T09:28:56.242Z
cmstkgfdp018s20u1dsggq2ki,"General Information","RA 6713 Code of Conduct and Ethical Standards - Ethical Standards and Norms",AUDITED,VERIFIED,"","",2026-08-19T09:28:56.262Z
cmstkgfdp018t20u1p01d47cw,"General Information","RA 6713 Code of Conduct and Ethical Standards - Ethical Standards and Norms",AUDITED,VERIFIED,"","",2026-08-19T09:28:56.284Z
cmstkgfdr01a120u1vjayhw2s,"General Information","RA 6713 Code of Conduct and Ethical Standards - Ethical Standards and Norms",AUDITED,VERIFIED,"","",2026-08-19T09:28:56.305Z
cmstkgfle01bp20u1p2odf8lk,"General Information","RA 6713 Code of Conduct and Ethical Standards - Ethical Standards and Norms",AUDITED,VERIFIED,"","",2026-08-19T09:28:56.326Z
cmstkgfle01b820u11gpzxl4y,"General Information","RA 6713 Code of Conduct and Ethical Standards - Ethical Standards and Norms",AUDITED,VERIFIED,"","",2026-08-19T09:28:56.344Z
cmstkgfle01b920u1ckszrvlq,"General Information","RA 6713 Code of Conduct and Ethical Standards - Ethical Standards and Norms",AUDITED,VERIFIED,"","",2026-08-19T09:28:56.363Z
cmstkgfle01bf20u1jlt72nqu,"General Information","RA 6713 Code of Conduct and Ethical Standards - Ethical Standards and Norms",AUDITED,VERIFIED,"","",2026-08-19T09:28:56.383Z
cmstkgfle01bg20u1iquq9arq,"General Information","RA 6713 Code of Conduct and Ethical Standards - Ethical Standards and Norms",AUDITED,VERIFIED,"","",2026-08-19T09:28:56.406Z
cmstkgfle01be20u1u9xwp6qp,"General Information","RA 6713 Code of Conduct and Ethical Standards - Ethical Standards and Norms",AUDITED,VERIFIED,"","",2026-08-19T09:28:56.425Z
cmstkgfle01bi20u1zefjc0tp,"General Information","RA 6713 Code of Conduct and Ethical Standards - Ethical Standards and Norms",AUDITED,VERIFIED,"","",2026-08-19T09:28:56.445Z
cmstkgfle01bk20u1c913x2io,"General Information","RA 6713 Code of Conduct and Ethical Standards - Ethical Standards and Norms",AUDITED,VERIFIED,"","",2026-08-19T09:28:56.464Z
cmstkgfle01bj20u1p9yd7ral,"General Information","RA 6713 Code of Conduct and Ethical Standards - Ethical Standards and Norms",AUDITED,VERIFIED,"","",2026-08-19T09:28:56.487Z
cmstkgfle01bq20u1f3oukgjm,"General Information","RA 6713 Code of Conduct and Ethical Standards - Ethical Standards and Norms",AUDITED,VERIFIED,"","",2026-08-19T09:28:56.507Z
cmstkgfle01br20u1mbfudvwm,"General Information","RA 6713 Code of Conduct and Ethical Standards - Ethical Standards and Norms",AUDITED,VERIFIED,"","",2026-08-19T09:28:56.526Z
cmstkgfle01bu20u1soqqfyb3,"General Information","RA 6713 Code of Conduct and Ethical Standards - Ethical Standards and Norms",AUDITED,VERIFIED,"","",2026-08-19T09:28:56.546Z
cmstkgfle01bv20u1ujp1aabp,"General Information","RA 6713 Code of Conduct and Ethical Standards - Ethical Standards and Norms",AUDITED,VERIFIED,"","",2026-08-19T09:28:56.568Z
cmstkgfle01bt20u1e6az2t4c,"General Information","RA 6713 Code of Conduct and Ethical Standards - Ethical Standards and Norms",AUDITED,VERIFIED,"","",2026-08-19T09:28:56.588Z
cmstkgflf01bz20u14berg2v0,"General Information","RA 6713 Code of Conduct and Ethical Standards - Ethical Standards and Norms",AUDITED,VERIFIED,"","",2026-08-19T09:28:56.610Z
cmstkgflf01by20u1858q0ybt,"General Information","RA 6713 Code of Conduct and Ethical Standards - Ethical Standards and Norms",AUDITED,VERIFIED,"","",2026-08-19T09:28:56.631Z
cmstkgflf01bx20u1dexz5tab,"General Information","RA 6713 Code of Conduct and Ethical Standards - Ethical Standards and Norms",AUDITED,VERIFIED,"","",2026-08-19T09:28:56.650Z
cmstkgflf01c220u1j6wm00km,"General Information","RA 6713 Code of Conduct and Ethical Standards - Ethical Standards and Norms",AUDITED,VERIFIED,"","",2026-08-19T09:28:56.671Z
cmstkgflf01c320u1c9yml435,"General Information","RA 6713 Code of Conduct and Ethical Standards - Ethical Standards and Norms",AUDITED,VERIFIED,"","",2026-08-19T09:28:56.691Z
cmstkgflf01c120u1rh7u1ayf,"General Information","RA 6713 Code of Conduct and Ethical Standards - Ethical Standards and Norms",AUDITED,VERIFIED,"","",2026-08-19T09:28:56.713Z
cmstkgflf01c520u1ngo9n1vr,"General Information","RA 6713 Code of Conduct and Ethical Standards - Ethical Standards and Norms",AUDITED,VERIFIED,"","",2026-08-19T09:28:56.733Z
cmstkgflf01c720u144752r5t,"General Information","RA 6713 Code of Conduct and Ethical Standards - Ethical Standards and Norms",AUDITED,VERIFIED,"","",2026-08-19T09:28:56.754Z
cmstkgflf01c620u1xaq99zwo,"General Information","RA 6713 Code of Conduct and Ethical Standards - Ethical Standards and Norms",AUDITED,VERIFIED,"","",2026-08-19T09:28:56.774Z
cmstkgflf01ca20u1yixsuubp,"General Information","RA 6713 Code of Conduct and Ethical Standards - Ethical Standards and Norms",AUDITED,VERIFIED,"","",2026-08-19T09:28:56.795Z
cmstkgflf01cb20u13y55v0tj,"General Information","RA 6713 Code of Conduct and Ethical Standards - Ethical Standards and Norms",AUDITED,VERIFIED,"","",2026-08-19T09:28:56.820Z
cmstkgflf01c920u1t350umsa,"General Information","RA 6713 Code of Conduct and Ethical Standards - Ethical Standards and Norms",AUDITED,VERIFIED,"","",2026-08-19T09:28:56.841Z
cmstkgflf01ce20u1h8vca85v,"General Information","RA 6713 Code of Conduct and Ethical Standards - Ethical Standards and Norms",AUDITED,VERIFIED,"","",2026-08-19T09:28:56.864Z
cmstkgflf01ci20u1ns238ijq,"General Information","RA 6713 Code of Conduct and Ethical Standards - Ethical Standards and Norms",AUDITED,VERIFIED,"","",2026-08-19T09:28:56.885Z
cmstkgflf01cj20u12q0blv75,"General Information","RA 6713 Code of Conduct and Ethical Standards - Ethical Standards and Norms",AUDITED,VERIFIED,"","",2026-08-19T09:28:56.907Z
cmstkgflf01ch20u1f8gtxgm1,"General Information","RA 6713 Code of Conduct and Ethical Standards - Ethical Standards and Norms",AUDITED,VERIFIED,"","",2026-08-19T09:28:56.928Z
cmstkgflf01cl20u1gnfgo96m,"General Information","RA 6713 Code of Conduct and Ethical Standards - Ethical Standards and Norms",AUDITED,VERIFIED,"","",2026-08-19T09:28:56.949Z
cmstkgflf01cn20u1ar063u3d,"General Information","RA 6713 Code of Conduct and Ethical Standards - Ethical Standards and Norms",AUDITED,VERIFIED,"","",2026-08-19T09:28:56.971Z
cmstkgflf01cm20u1lqe2849c,"General Information","RA 6713 Code of Conduct and Ethical Standards - Ethical Standards and Norms",AUDITED,VERIFIED,"","",2026-08-19T09:28:56.993Z
cmstkgflg01cq20u1z1f4ves3,"General Information","RA 6713 Code of Conduct and Ethical Standards - Ethical Standards and Norms",AUDITED,VERIFIED,"","",2026-08-19T09:28:57.013Z
cmstkgflg01cr20u1x588b6b4,"General Information","RA 6713 Code of Conduct and Ethical Standards - Ethical Standards and Norms",AUDITED,VERIFIED,"","",2026-08-19T09:28:57.032Z
cmstkgflf01cp20u1ma9xeb1k,"General Information","RA 6713 Code of Conduct and Ethical Standards - Ethical Standards and Norms",AUDITED,VERIFIED,"","",2026-08-19T09:28:57.053Z
cmstkgflg01cu20u1b59v41gm,"General Information","RA 6713 Code of Conduct and Ethical Standards - Ethical Standards and Norms",AUDITED,VERIFIED,"","",2026-08-19T09:28:57.072Z
cmstkgflg01cv20u116u5l4zj,"General Information","RA 6713 Code of Conduct and Ethical Standards - Ethical Standards and Norms",AUDITED,VERIFIED,"","",2026-08-19T09:28:57.095Z
cmstkgflg01ct20u13v73cpbm,"General Information","RA 6713 Code of Conduct and Ethical Standards - Ethical Standards and Norms",AUDITED,VERIFIED,"","",2026-08-19T09:28:57.115Z
cmstkgflg01cy20u1iu3f81oe,"General Information","RA 6713 Code of Conduct and Ethical Standards - Ethical Standards and Norms",AUDITED,VERIFIED,"","",2026-08-19T09:28:57.138Z
cmstkgflg01cz20u1cuiz9ff6,"General Information","RA 6713 Code of Conduct and Ethical Standards - Ethical Standards and Norms",AUDITED,VERIFIED,"","",2026-08-19T09:28:57.158Z
cmstkgflg01d220u14rnaos8r,"General Information","RA 6713 Code of Conduct and Ethical Standards - Ethical Standards and Norms",AUDITED,VERIFIED,"","",2026-08-19T09:28:57.177Z
cmstkgflg01d320u1ttla3kjp,"General Information","RA 6713 Code of Conduct and Ethical Standards - Ethical Standards and Norms",AUDITED,VERIFIED,"","",2026-08-19T09:28:57.198Z
cmstkgflg01d620u16wj1sguw,"General Information","RA 6713 Code of Conduct and Ethical Standards - Ethical Standards and Norms",AUDITED,VERIFIED,"","",2026-08-19T09:28:57.221Z
cmstkgflg01dc20u1ornmek3e,"General Information","Peace and Human Rights Concepts - Peace and Human Rights Issues",AUDITED,VERIFIED,"","",2026-08-19T09:28:57.240Z
cmstkgflh01dl20u1uzwwqaik,"General Information","Peace and Human Rights Concepts - Peace and Human Rights Issues",AUDITED,VERIFIED,"","",2026-08-19T09:28:57.259Z
cmstkgflh01dm20u1bykmhed8,"General Information","Peace and Human Rights Concepts - Peace and Human Rights Issues",AUDITED,VERIFIED,"","",2026-08-19T09:28:57.280Z
cmstkgflh01dp20u1vp90t6fz,"General Information","Peace and Human Rights Concepts - Peace and Human Rights Issues",AUDITED,VERIFIED,"","",2026-08-19T09:28:57.299Z
cmstkgflh01dq20u1qff6rs08,"General Information","Peace and Human Rights Concepts - Peace and Human Rights Issues",AUDITED,VERIFIED,"","",2026-08-19T09:28:57.321Z
cmstkgflh01dt20u11h60uq1f,"General Information","Peace and Human Rights Concepts - Peace and Human Rights Issues",AUDITED,VERIFIED,"","",2026-08-19T09:28:57.340Z
cmstkgflh01du20u18p7viy8s,"General Information","Peace and Human Rights Concepts - Peace and Human Rights Issues",AUDITED,VERIFIED,"","",2026-08-19T09:28:57.359Z
cmstkgflh01dx20u1qmfefe87,"General Information","Peace and Human Rights Concepts - Peace and Human Rights Issues",AUDITED,VERIFIED,"","",2026-08-19T09:28:57.379Z
cmstkgflh01dy20u1y4o90pnx,"General Information","Peace and Human Rights Concepts - Peace and Human Rights Issues",AUDITED,VERIFIED,"","",2026-08-19T09:28:57.398Z
cmstkgfle01bb20u1wigk9hcu,"General Information","RA 6713 Code of Conduct and Ethical Standards - Ethical Standards and Norms",AUDITED,VERIFIED,"","",2026-08-19T09:28:57.417Z
cmstkgfle01bm20u1atx2q3jb,"General Information","RA 6713 Code of Conduct and Ethical Standards - Ethical Standards and Norms",AUDITED,VERIFIED,"","",2026-08-19T09:28:57.438Z
cmstkgfle01bc20u1cv6hwrnd,"General Information","RA 6713 Code of Conduct and Ethical Standards - Ethical Standards and Norms",AUDITED,VERIFIED,"","",2026-08-19T09:28:57.458Z
cmstkgflf01cd20u1t5si8r9v,"General Information","RA 6713 Code of Conduct and Ethical Standards - Ethical Standards and Norms",AUDITED,VERIFIED,"","",2026-08-19T09:28:57.477Z
cmstkgflf01cf20u1h74m6gmn,"General Information","RA 6713 Code of Conduct and Ethical Standards - Ethical Standards and Norms",AUDITED,VERIFIED,"","",2026-08-19T09:28:57.497Z
cmstkgflg01cx20u1ocvdsq47,"General Information","RA 6713 Code of Conduct and Ethical Standards - Ethical Standards and Norms",AUDITED,VERIFIED,"","",2026-08-19T09:28:57.517Z
cmstkgflg01d120u1qg0r7gew,"General Information","RA 6713 Code of Conduct and Ethical Standards - Ethical Standards and Norms",AUDITED,VERIFIED,"","",2026-08-19T09:28:57.538Z
cmstkgflg01d520u1tmazlqnx,"General Information","RA 6713 Code of Conduct and Ethical Standards - Ethical Standards and Norms",AUDITED,VERIFIED,"","",2026-08-19T09:28:57.558Z
cmstkgflg01d820u1lw3eqz9j,"General Information","RA 6713 Code of Conduct and Ethical Standards - Ethical Standards and Norms",AUDITED,VERIFIED,"","",2026-08-19T09:28:57.579Z
cmstkgflg01db20u1ggtub95c,"General Information","RA 6713 Code of Conduct and Ethical Standards - Ethical Standards and Norms",AUDITED,VERIFIED,"","",2026-08-19T09:28:57.600Z
cmstkgflg01df20u1h5osll9v,"General Information","Peace and Human Rights Concepts - Peace and Human Rights Issues",AUDITED,VERIFIED,"","",2026-08-19T09:28:57.621Z
cmstkgflg01dh20u1xsfih3lh,"General Information","Peace and Human Rights Concepts - Peace and Human Rights Issues",AUDITED,VERIFIED,"","",2026-08-19T09:28:57.753Z
cmstkgflh01dk20u1bbmanlm1,"General Information","Peace and Human Rights Concepts - Peace and Human Rights Issues",AUDITED,VERIFIED,"","",2026-08-19T09:28:57.776Z
cmstkgflh01do20u1zgbjtuw4,"General Information","Peace and Human Rights Concepts - Peace and Human Rights Issues",AUDITED,VERIFIED,"","",2026-08-19T09:28:57.797Z
cmstkgflh01ds20u1vfapwt46,"General Information","Peace and Human Rights Concepts - Peace and Human Rights Issues",AUDITED,VERIFIED,"","",2026-08-19T09:28:57.817Z
cmstkgflh01dw20u1o9l8elvc,"General Information","Peace and Human Rights Concepts - Peace and Human Rights Issues",AUDITED,VERIFIED,"","",2026-08-19T09:28:57.840Z
cmstkgfle01ba20u1ks8v3jr6,"General Information","RA 6713 Code of Conduct and Ethical Standards - Ethical Standards and Norms",AUDITED,VERIFIED,"","",2026-08-19T09:28:57.863Z
cmstkgfle01bd20u1so1pt9xb,"General Information","RA 6713 Code of Conduct and Ethical Standards - Ethical Standards and Norms",AUDITED,VERIFIED,"","",2026-08-19T09:28:57.884Z
cmstkgfle01bl20u19yoxma2a,"General Information","RA 6713 Code of Conduct and Ethical Standards - Ethical Standards and Norms",AUDITED,VERIFIED,"","",2026-08-19T09:28:57.907Z
cmstkgfle01bn20u103peftds,"General Information","RA 6713 Code of Conduct and Ethical Standards - Ethical Standards and Norms",AUDITED,VERIFIED,"","",2026-08-19T09:28:57.930Z
cmstkgfle01bo20u1k65p1q1n,"General Information","RA 6713 Code of Conduct and Ethical Standards - Ethical Standards and Norms",AUDITED,VERIFIED,"","",2026-08-19T09:28:57.951Z
cmstkgfle01bw20u1vdz4syt2,"General Information","RA 6713 Code of Conduct and Ethical Standards - Ethical Standards and Norms",AUDITED,VERIFIED,"","",2026-08-19T09:28:57.973Z
cmstkgflf01c020u1527mf9zz,"General Information","RA 6713 Code of Conduct and Ethical Standards - Ethical Standards and Norms",AUDITED,VERIFIED,"","",2026-08-19T09:28:57.993Z
cmstkgflf01c420u186gufz7c,"General Information","RA 6713 Code of Conduct and Ethical Standards - Ethical Standards and Norms",AUDITED,VERIFIED,"","",2026-08-19T09:28:58.012Z
cmstkgflf01cc20u1ug9di8oa,"General Information","RA 6713 Code of Conduct and Ethical Standards - Ethical Standards and Norms",AUDITED,VERIFIED,"","",2026-08-19T09:28:58.032Z
cmstkgflf01cg20u154krmk2v,"General Information","RA 6713 Code of Conduct and Ethical Standards - Ethical Standards and Norms",AUDITED,VERIFIED,"","",2026-08-19T09:28:58.056Z
cmstkgflf01ck20u13a3s2wtp,"General Information","RA 6713 Code of Conduct and Ethical Standards - Ethical Standards and Norms",AUDITED,VERIFIED,"","",2026-08-19T09:28:58.079Z
cmstkgflg01cs20u1lru9tilt,"General Information","RA 6713 Code of Conduct and Ethical Standards - Ethical Standards and Norms",AUDITED,VERIFIED,"","",2026-08-19T09:28:58.100Z
cmstkgflg01d020u16hmb5sz8,"General Information","RA 6713 Code of Conduct and Ethical Standards - Ethical Standards and Norms",AUDITED,VERIFIED,"","",2026-08-19T09:28:58.125Z
cmstkgflg01d720u16633vdug,"General Information","RA 6713 Code of Conduct and Ethical Standards - Ethical Standards and Norms",AUDITED,VERIFIED,"","",2026-08-19T09:28:58.145Z
cmstkgflg01d920u11u5t6eff,"General Information","RA 6713 Code of Conduct and Ethical Standards - Ethical Standards and Norms",AUDITED,VERIFIED,"","",2026-08-19T09:28:58.168Z
cmstkgflg01da20u1l2mfstl5,"General Information","RA 6713 Code of Conduct and Ethical Standards - Ethical Standards and Norms",AUDITED,VERIFIED,"","",2026-08-19T09:28:58.193Z
cmstkgflg01dd20u12tdts3wf,"General Information","Peace and Human Rights Concepts - Peace and Human Rights Issues",AUDITED,VERIFIED,"","",2026-08-19T09:28:58.213Z
cmstkgflg01dg20u1tuciunxf,"General Information","Peace and Human Rights Concepts - Peace and Human Rights Issues",AUDITED,VERIFIED,"","",2026-08-19T09:28:58.233Z
cmstkgflg01di20u1q9zbrnhx,"General Information","Peace and Human Rights Concepts - Peace and Human Rights Issues",AUDITED,VERIFIED,"","",2026-08-19T09:28:58.254Z
cmstkgflh01dn20u183enwa2c,"General Information","Peace and Human Rights Concepts - Peace and Human Rights Issues",AUDITED,VERIFIED,"","",2026-08-19T09:28:58.276Z
cmstkgflh01dr20u1lgqf1erk,"General Information","Peace and Human Rights Concepts - Peace and Human Rights Issues",AUDITED,VERIFIED,"","",2026-08-19T09:28:58.296Z
cmstkgflh01dv20u1t7reiaof,"General Information","Peace and Human Rights Concepts - Peace and Human Rights Issues",AUDITED,VERIFIED,"","",2026-08-19T09:28:58.317Z
cmstkgfle01bh20u1l7yfahfp,"General Information","RA 6713 Code of Conduct and Ethical Standards - Ethical Standards and Norms",AUDITED,VERIFIED,"","",2026-08-19T09:28:58.339Z
cmstkgfle01bs20u1s8roqyxk,"General Information","RA 6713 Code of Conduct and Ethical Standards - Ethical Standards and Norms",AUDITED,VERIFIED,"","",2026-08-19T09:28:58.361Z
cmstkgflf01c820u1jjc26iqy,"General Information","RA 6713 Code of Conduct and Ethical Standards - Ethical Standards and Norms",AUDITED,VERIFIED,"","",2026-08-19T09:28:58.382Z
cmstkgflf01co20u1p10u46kg,"General Information","RA 6713 Code of Conduct and Ethical Standards - Ethical Standards and Norms",AUDITED,VERIFIED,"","",2026-08-19T09:28:58.404Z
cmstkgflg01cw20u1ixzi4gjn,"General Information","RA 6713 Code of Conduct and Ethical Standards - Ethical Standards and Norms",AUDITED,VERIFIED,"","",2026-08-19T09:28:58.425Z
cmstkgflg01d420u1zwx3nfv6,"General Information","RA 6713 Code of Conduct and Ethical Standards - Ethical Standards and Norms",AUDITED,VERIFIED,"","",2026-08-19T09:28:58.445Z
cmstkgflg01de20u1z75fpcht,"General Information","Peace and Human Rights Concepts - Peace and Human Rights Issues",AUDITED,VERIFIED,"","",2026-08-19T09:28:58.466Z
cmstkgflg01dj20u17k2k6195,"General Information","Peace and Human Rights Concepts - Peace and Human Rights Issues",AUDITED,VERIFIED,"","",2026-08-19T09:28:58.484Z
cmstkgflh01dz20u1ekknwbfg,"General Information","Peace and Human Rights Concepts - Peace and Human Rights Issues",AUDITED,VERIFIED,"","",2026-08-19T09:28:58.505Z
cmstkgfsu01fb20u18o2lbn3t,"General Information","Environment Management and Protection - Environmental Management and Protection",AUDITED,VERIFIED,"","",2026-08-19T09:28:58.525Z
cmstkgfst01f520u154q0o8i4,"General Information","Environment Management and Protection - Environmental Management and Protection",AUDITED,VERIFIED,"","",2026-08-19T09:28:58.545Z
cmstkgfst01f320u155kuc7d4,"General Information","Environment Management and Protection - Environmental Management and Protection",AUDITED,VERIFIED,"","",2026-08-19T09:28:58.565Z
cmstkgfsu01f620u14yx4hskc,"General Information","Environment Management and Protection - Environmental Management and Protection",AUDITED,VERIFIED,"","",2026-08-19T09:28:58.586Z
cmstkgfst01ec20u12ed3qvjf,"General Information","Peace and Human Rights Concepts - Peace and Human Rights Issues",AUDITED,VERIFIED,"","",2026-08-19T09:28:58.606Z
cmstkgfst01ep20u1bkvvyyb6,"General Information","Peace and Human Rights Concepts - Peace and Human Rights Issues",AUDITED,VERIFIED,"","",2026-08-19T09:28:58.627Z
cmstkgfsu01fc20u1jq6pj94o,"General Information","Environment Management and Protection - Environmental Management and Protection",AUDITED,VERIFIED,"","",2026-08-19T09:28:58.647Z
cmstkgfsu01fs20u1e9hq00ng,"General Information","Environment Management and Protection - Environmental Management and Protection",AUDITED,VERIFIED,"","",2026-08-19T09:28:58.668Z
cmstkgfsu01g020u16g3ytv36,"General Information","Environment Management and Protection - Environmental Management and Protection",AUDITED,VERIFIED,"","",2026-08-19T09:28:58.690Z
cmstkgfsu01fi20u1sojuic6s,"General Information","Environment Management and Protection - Environmental Management and Protection",AUDITED,VERIFIED,"","",2026-08-19T09:28:58.711Z
cmstkgfsu01fr20u12l0qxd7k,"General Information","Environment Management and Protection - Environmental Management and Protection",AUDITED,VERIFIED,"","",2026-08-19T09:28:58.732Z
cmstkgfst01e220u1m73s75j9,"General Information","Peace and Human Rights Concepts - Peace and Human Rights Issues",AUDITED,VERIFIED,"","",2026-08-19T09:28:58.751Z
cmstkgfsu01fq20u18men03gt,"General Information","Environment Management and Protection - Environmental Management and Protection",AUDITED,VERIFIED,"","",2026-08-19T09:28:58.772Z
cmstkgfsu01fn20u1r1ibja5d,"General Information","Environment Management and Protection - Environmental Management and Protection",AUDITED,VERIFIED,"","",2026-08-19T09:28:58.793Z
cmstkgfsu01fm20u1rxxkdzr3,"General Information","Environment Management and Protection - Environmental Management and Protection",AUDITED,VERIFIED,"","",2026-08-19T09:28:58.814Z
cmstkgfsu01fj20u1vnmo2f4j,"General Information","Environment Management and Protection - Environmental Management and Protection",AUDITED,VERIFIED,"","",2026-08-19T09:28:58.835Z
cmstkgfsu01ff20u1hqh3x1jh,"General Information","Environment Management and Protection - Environmental Management and Protection",AUDITED,VERIFIED,"","",2026-08-19T09:28:58.856Z
cmstkgfsu01fe20u1fsyfoi02,"General Information","Environment Management and Protection - Environmental Management and Protection",AUDITED,VERIFIED,"","",2026-08-19T09:28:58.876Z
cmstkgfsu01ft20u1ufwzefq9,"General Information","Environment Management and Protection - Environmental Management and Protection",AUDITED,VERIFIED,"","",2026-08-19T09:28:58.897Z
cmstkgfsu01f820u1gnd19g3f,"General Information","Environment Management and Protection - Environmental Management and Protection",AUDITED,VERIFIED,"","",2026-08-19T09:28:58.919Z
cmstkgfsu01f720u14x5j5om4,"General Information","Environment Management and Protection - Environmental Management and Protection",AUDITED,VERIFIED,"","",2026-08-19T09:28:58.940Z
cmstkgfst01f420u1r63shpo6,"General Information","Environment Management and Protection - Environmental Management and Protection",AUDITED,VERIFIED,"","",2026-08-19T09:28:58.960Z
cmstkgfst01f020u1koq17nyv,"General Information","Environment Management and Protection - Environmental Management and Protection",AUDITED,VERIFIED,"","",2026-08-19T09:28:58.983Z
cmstkgfst01ey20u13exyq0os,"General Information","Environment Management and Protection - Environmental Management and Protection",AUDITED,VERIFIED,"","",2026-08-19T09:28:59.005Z
cmstkgfst01ew20u1sdg81crv,"General Information","Environment Management and Protection - Environmental Management and Protection",AUDITED,VERIFIED,"","",2026-08-19T09:28:59.026Z
cmstkgfst01ev20u11oh4cige,"General Information","Environment Management and Protection - Environmental Management and Protection",AUDITED,VERIFIED,"","",2026-08-19T09:28:59.047Z
cmstkgfst01es20u1r351hard,"General Information","Environment Management and Protection - Environmental Management and Protection",AUDITED,VERIFIED,"","",2026-08-19T09:28:59.066Z
cmstkgfst01er20u1yw4vjj2u,"General Information","Environment Management and Protection - Environmental Management and Protection",AUDITED,VERIFIED,"","",2026-08-19T09:28:59.086Z
cmstkgfst01eo20u1wnee11mb,"General Information","Peace and Human Rights Concepts - Peace and Human Rights Issues",AUDITED,VERIFIED,"","",2026-08-19T09:28:59.108Z
cmstkgfst01en20u1r3agffb3,"General Information","Peace and Human Rights Concepts - Peace and Human Rights Issues",AUDITED,VERIFIED,"","",2026-08-19T09:28:59.129Z
cmstkgfst01ek20u1zzu2rbra,"General Information","Peace and Human Rights Concepts - Peace and Human Rights Issues",AUDITED,VERIFIED,"","",2026-08-19T09:28:59.151Z
cmstkgfst01ej20u182n0agee,"General Information","Peace and Human Rights Concepts - Peace and Human Rights Issues",AUDITED,VERIFIED,"","",2026-08-19T09:28:59.176Z
cmstkgfst01eg20u1uinudj3f,"General Information","Peace and Human Rights Concepts - Peace and Human Rights Issues",AUDITED,VERIFIED,"","",2026-08-19T09:28:59.199Z
cmstkgfst01ef20u1j29eu93l,"General Information","Peace and Human Rights Concepts - Peace and Human Rights Issues",AUDITED,VERIFIED,"","",2026-08-19T09:28:59.220Z
cmstkgfst01f220u14xotjvri,"General Information","Environment Management and Protection - Environmental Management and Protection",AUDITED,VERIFIED,"","",2026-08-19T09:28:59.242Z
cmstkgfst01e920u1w2r80p3l,"General Information","Peace and Human Rights Concepts - Peace and Human Rights Issues",AUDITED,VERIFIED,"","",2026-08-19T09:28:59.263Z
cmstkgfst01e820u1zy03osnm,"General Information","Peace and Human Rights Concepts - Peace and Human Rights Issues",AUDITED,VERIFIED,"","",2026-08-19T09:28:59.283Z
cmstkgfst01e520u1iz3f2xku,"General Information","Peace and Human Rights Concepts - Peace and Human Rights Issues",AUDITED,VERIFIED,"","",2026-08-19T09:28:59.305Z
cmstkgfst01e420u1zbl0ccra,"General Information","Peace and Human Rights Concepts - Peace and Human Rights Issues",AUDITED,VERIFIED,"","",2026-08-19T09:28:59.326Z
cmstkgfst01e120u1fd5qiytd,"General Information","Peace and Human Rights Concepts - Peace and Human Rights Issues",AUDITED,VERIFIED,"","",2026-08-19T09:28:59.348Z
cmstkgfst01ez20u1b6l1jjji,"General Information","Environment Management and Protection - Environmental Management and Protection",AUDITED,VERIFIED,"","",2026-08-19T09:28:59.369Z
cmstkgfst01eh20u1a3xd8zyq,"General Information","Peace and Human Rights Concepts - Peace and Human Rights Issues",AUDITED,VERIFIED,"","",2026-08-19T09:28:59.392Z
cmstkgfsu01f920u1udb88wtf,"General Information","Environment Management and Protection - Environmental Management and Protection",AUDITED,VERIFIED,"","",2026-08-19T09:28:59.414Z
cmstkgfsu01fv20u1dqlfvidp,"General Information","Environment Management and Protection - Environmental Management and Protection",AUDITED,VERIFIED,"","",2026-08-19T09:28:59.436Z
cmstkgfst01eu20u1s6465w2k,"General Information","Environment Management and Protection - Environmental Management and Protection",AUDITED,VERIFIED,"","",2026-08-19T09:28:59.459Z
cmstkgfst01eq20u10c3x0tb4,"General Information","Environment Management and Protection - Environmental Management and Protection",AUDITED,VERIFIED,"","",2026-08-19T09:28:59.480Z
cmstkgfst01ed20u1jue473ad,"General Information","Peace and Human Rights Concepts - Peace and Human Rights Issues",AUDITED,VERIFIED,"","",2026-08-19T09:28:59.502Z
cmstkgfsu01g220u100kcuc2p,"General Information","Environment Management and Protection - Environmental Management and Protection",AUDITED,VERIFIED,"","",2026-08-19T09:28:59.525Z
cmstkgfst01em20u1qtkv5lkr,"General Information","Peace and Human Rights Concepts - Peace and Human Rights Issues",AUDITED,VERIFIED,"","",2026-08-19T09:28:59.547Z
cmstkgfsu01fp20u1q4ensg6d,"General Information","Environment Management and Protection - Environmental Management and Protection",AUDITED,VERIFIED,"","",2026-08-19T09:28:59.570Z
cmstkgfsu01fl20u12wxiwqdi,"General Information","Environment Management and Protection - Environmental Management and Protection",AUDITED,VERIFIED,"","",2026-08-19T09:28:59.592Z
cmstkgfst01ei20u1mjclercj,"General Information","Peace and Human Rights Concepts - Peace and Human Rights Issues",AUDITED,VERIFIED,"","",2026-08-19T09:28:59.614Z
cmstkgfst01ex20u1ubp7y0mk,"General Information","Environment Management and Protection - Environmental Management and Protection",AUDITED,VERIFIED,"","",2026-08-19T09:28:59.635Z
cmstkgfst01ee20u1aqv4v9xe,"General Information","Peace and Human Rights Concepts - Peace and Human Rights Issues",AUDITED,VERIFIED,"","",2026-08-19T09:28:59.658Z
cmstkgfst01et20u1v2eeo15f,"General Information","Environment Management and Protection - Environmental Management and Protection",AUDITED,VERIFIED,"","",2026-08-19T09:28:59.678Z
cmstkgfst01ea20u13rffgtg5,"General Information","Peace and Human Rights Concepts - Peace and Human Rights Issues",AUDITED,VERIFIED,"","",2026-08-19T09:28:59.702Z
cmstkgfsu01fh20u1mrhvztda,"General Information","Environment Management and Protection - Environmental Management and Protection",AUDITED,VERIFIED,"","",2026-08-19T09:28:59.724Z
cmstkgfst01eb20u1iexfu5g7,"General Information","Peace and Human Rights Concepts - Peace and Human Rights Issues",AUDITED,VERIFIED,"","",2026-08-19T09:28:59.746Z
cmstkgfsu01fx20u1hvzylp6g,"General Information","Environment Management and Protection - Environmental Management and Protection",AUDITED,VERIFIED,"","",2026-08-19T09:28:59.767Z
cmstkgfst01e720u19o41keo3,"General Information","Peace and Human Rights Concepts - Peace and Human Rights Issues",AUDITED,VERIFIED,"","",2026-08-19T09:28:59.791Z
cmstkgfsu01fw20u1nq2tr6ul,"General Information","Environment Management and Protection - Environmental Management and Protection",AUDITED,VERIFIED,"","",2026-08-19T09:28:59.813Z
cmstkgfst01e620u1tx0jzcdq,"General Information","Peace and Human Rights Concepts - Peace and Human Rights Issues",AUDITED,VERIFIED,"","",2026-08-19T09:28:59.835Z
cmstkgfsu01g320u1fe0rmmy0,"General Information","Environment Management and Protection - Environmental Management and Protection",AUDITED,VERIFIED,"","",2026-08-19T09:28:59.858Z
cmstkgfst01e320u1etjrq2u6,"General Information","Peace and Human Rights Concepts - Peace and Human Rights Issues",AUDITED,VERIFIED,"","",2026-08-19T09:28:59.880Z
cmstkgfsu01g120u1p8671z2u,"General Information","Environment Management and Protection - Environmental Management and Protection",AUDITED,VERIFIED,"","",2026-08-19T09:28:59.994Z
cmstkgfsu01fy20u1d0nfjhc6,"General Information","Environment Management and Protection - Environmental Management and Protection",AUDITED,VERIFIED,"","",2026-08-19T09:29:00.019Z
cmstkgfsu01fz20u1kjk95blq,"General Information","Environment Management and Protection - Environmental Management and Protection",AUDITED,VERIFIED,"","",2026-08-19T09:29:00.044Z
cmstkgfsu01fu20u1bky7obb6,"General Information","Environment Management and Protection - Environmental Management and Protection",AUDITED,VERIFIED,"","",2026-08-19T09:29:00.068Z
cmstkgfsu01fd20u1frigieb6,"General Information","Environment Management and Protection - Environmental Management and Protection",AUDITED,VERIFIED,"","",2026-08-19T09:29:00.092Z
cmstkgfst01e020u12inir7ns,"General Information","Peace and Human Rights Concepts - Peace and Human Rights Issues",AUDITED,VERIFIED,"","",2026-08-19T09:29:00.113Z
cmstkgfst01f120u1on46m0f4,"General Information","Environment Management and Protection - Environmental Management and Protection",AUDITED,VERIFIED,"","",2026-08-19T09:29:00.135Z
cmstkgfst01el20u1i49x911j,"General Information","Peace and Human Rights Concepts - Peace and Human Rights Issues",AUDITED,VERIFIED,"","",2026-08-19T09:29:00.156Z
cmstkgfsu01fo20u19be54pif,"General Information","Environment Management and Protection - Environmental Management and Protection",AUDITED,VERIFIED,"","",2026-08-19T09:29:00.178Z
cmstkgfsu01fk20u1kyge9d3y,"General Information","Environment Management and Protection - Environmental Management and Protection",AUDITED,VERIFIED,"","",2026-08-19T09:29:00.199Z
cmstkgfsu01fg20u15t2bqx4j,"General Information","Environment Management and Protection - Environmental Management and Protection",AUDITED,VERIFIED,"","",2026-08-19T09:29:00.222Z
cmstkgfsu01fa20u1d6wrhccq,"General Information","Environment Management and Protection - Environmental Management and Protection",AUDITED,VERIFIED,"","",2026-08-19T09:29:00.244Z
cmstwd59u004i04l512vo57hs,"Analytical Reasoning","Input-Output Logic - Sequential Transformation Patterns",AUDITED,VERIFIED,"","",2026-08-19T09:29:00.266Z
cmstwd59t002b04l555vpzbox,"Analytical Reasoning","Calendar and Clock Problems - Temporal Logic & Intervals",AUDITED,VERIFIED,"","",2026-08-19T09:29:00.289Z
cmstwd59t002a04l50vp2smi8,"Analytical Reasoning","Calendar and Clock Problems - Temporal Logic & Intervals",AUDITED,VERIFIED,"","",2026-08-19T09:29:00.311Z
cmstwd59t002904l50bhpna90,"Analytical Reasoning","Calendar and Clock Problems - Temporal Logic & Intervals",AUDITED,VERIFIED,"","",2026-08-19T09:29:00.331Z
cmstwd59u004j04l544dko2aq,"Analytical Reasoning","Input-Output Logic - Sequential Transformation Patterns",AUDITED,VERIFIED,"","",2026-08-19T09:29:00.352Z
cmstwd59u004k04l57d89uxmj,"Analytical Reasoning","Input-Output Logic - Sequential Transformation Patterns",AUDITED,VERIFIED,"","",2026-08-19T09:29:00.374Z
cmstwd59t002804l546kx1951,"Analytical Reasoning","Calendar and Clock Problems - Temporal Logic & Intervals",AUDITED,VERIFIED,"","",2026-08-19T09:29:00.394Z
cmstwd59t002704l5yyxdmm02,"Analytical Reasoning","Calendar and Clock Problems - Temporal Logic & Intervals",AUDITED,VERIFIED,"","",2026-08-19T09:29:00.415Z
cmstwd59u004l04l5cbdiyu7k,"Analytical Reasoning","Input-Output Logic - Sequential Transformation Patterns",AUDITED,VERIFIED,"","",2026-08-19T09:29:00.437Z
cmstwd59t002604l50uncnpvx,"Analytical Reasoning","Calendar and Clock Problems - Temporal Logic & Intervals",AUDITED,VERIFIED,"","",2026-08-19T09:29:00.459Z
cmstwd59t002504l5t5pkfm5d,"Analytical Reasoning","Calendar and Clock Problems - Temporal Logic & Intervals",AUDITED,VERIFIED,"","",2026-08-19T09:29:00.479Z
cmstwd59t002404l5viilylf0,"Analytical Reasoning","Calendar and Clock Problems - Temporal Logic & Intervals",AUDITED,VERIFIED,"","",2026-08-19T09:29:00.500Z
cmstwd59t002304l50ff7w3uc,"Analytical Reasoning","Calendar and Clock Problems - Temporal Logic & Intervals",AUDITED,VERIFIED,"","",2026-08-19T09:29:00.522Z
cmstwd59u004m04l5rwk0pexr,"Analytical Reasoning","Input-Output Logic - Sequential Transformation Patterns",AUDITED,VERIFIED,"","",2026-08-19T09:29:00.543Z
cmstwd59v004n04l5ww8v54b1,"Analytical Reasoning","Input-Output Logic - Sequential Transformation Patterns",AUDITED,VERIFIED,"","",2026-08-19T09:29:00.566Z
cmstwd59t002204l5no17qbmv,"Analytical Reasoning","Decision Making - Administrative & Policy Problem Solving",AUDITED,VERIFIED,"","",2026-08-19T09:29:00.589Z
cmstwd59v004o04l5cfqpu4fm,"Analytical Reasoning","Input-Output Logic - Sequential Transformation Patterns",AUDITED,VERIFIED,"","",2026-08-19T09:29:00.611Z
cmstwd59v004p04l5h6xp32c6,"Analytical Reasoning","Input-Output Logic - Sequential Transformation Patterns",AUDITED,VERIFIED,"","",2026-08-19T09:29:00.633Z
cmstwd59t002104l5ulvnj4xa,"Analytical Reasoning","Decision Making - Administrative & Policy Problem Solving",AUDITED,VERIFIED,"","",2026-08-19T09:29:00.659Z
cmstwd59t002004l5wak4sjn8,"Analytical Reasoning","Decision Making - Administrative & Policy Problem Solving",AUDITED,VERIFIED,"","",2026-08-19T09:29:00.681Z
cmstwd59v004q04l58t04goce,"Analytical Reasoning","Input-Output Logic - Sequential Transformation Patterns",AUDITED,VERIFIED,"","",2026-08-19T09:29:00.703Z
cmstwd59v004r04l53wifhmpj,"Analytical Reasoning","Input-Output Logic - Sequential Transformation Patterns",AUDITED,VERIFIED,"","",2026-08-19T09:29:00.726Z
cmstwd59t001z04l5s0rhiigs,"Analytical Reasoning","Decision Making - Administrative & Policy Problem Solving",AUDITED,VERIFIED,"","",2026-08-19T09:29:00.749Z
cmstwd59t001y04l5r9x2qd2n,"Analytical Reasoning","Decision Making - Administrative & Policy Problem Solving",AUDITED,VERIFIED,"","",2026-08-19T09:29:00.771Z
cmstwd59v004s04l509daqbqe,"Analytical Reasoning","Input-Output Logic - Sequential Transformation Patterns",AUDITED,VERIFIED,"","",2026-08-19T09:29:00.794Z
cmstwd59v004t04l5r1m9s08p,"Analytical Reasoning","Input-Output Logic - Sequential Transformation Patterns",AUDITED,VERIFIED,"","",2026-08-19T09:29:00.817Z
cmstwd59t001x04l5lb4sumvt,"Analytical Reasoning","Decision Making - Administrative & Policy Problem Solving",AUDITED,VERIFIED,"","",2026-08-19T09:29:00.840Z
cmstwd59t001w04l5matzbi4m,"Analytical Reasoning","Decision Making - Administrative & Policy Problem Solving",AUDITED,VERIFIED,"","",2026-08-19T09:29:00.864Z
cmstwd59v004u04l5w0kl3vho,"Analytical Reasoning","Input-Output Logic - Sequential Transformation Patterns",AUDITED,VERIFIED,"","",2026-08-19T09:29:00.886Z
cmstwd59v004v04l5g6vpd6ta,"Analytical Reasoning","Coding and Decoding - Alphanumeric & Cipher Patterns",AUDITED,VERIFIED,"","",2026-08-19T09:29:00.909Z
cmstwd59t001v04l5rs15ap29,"Analytical Reasoning","Decision Making - Administrative & Policy Problem Solving",AUDITED,VERIFIED,"","",2026-08-19T09:29:00.932Z
cmstwd59t001u04l5bcz62jqn,"Analytical Reasoning","Decision Making - Administrative & Policy Problem Solving",AUDITED,VERIFIED,"","",2026-08-19T09:29:00.960Z
cmstwd59v004w04l5cw0igtcz,"Analytical Reasoning","Coding and Decoding - Alphanumeric & Cipher Patterns",AUDITED,VERIFIED,"","",2026-08-19T09:29:00.981Z
cmstwd59v004x04l5xwsaush4,"Analytical Reasoning","Coding and Decoding - Alphanumeric & Cipher Patterns",AUDITED,VERIFIED,"","",2026-08-19T09:29:01.002Z
cmstwd59t001t04l5xf8iaoxr,"Analytical Reasoning","Decision Making - Administrative & Policy Problem Solving",AUDITED,VERIFIED,"","",2026-08-19T09:29:01.027Z
cmstwd59t001s04l5dc9h2v16,"Analytical Reasoning","Decision Making - Administrative & Policy Problem Solving",AUDITED,VERIFIED,"","",2026-08-19T09:29:01.049Z
cmstwd59v004y04l5jb366uby,"Analytical Reasoning","Coding and Decoding - Alphanumeric & Cipher Patterns",AUDITED,VERIFIED,"","",2026-08-19T09:29:01.071Z
cmstwd59v004z04l5cyflkgd8,"Analytical Reasoning","Coding and Decoding - Alphanumeric & Cipher Patterns",AUDITED,VERIFIED,"","",2026-08-19T09:29:01.094Z
cmstwd59t001r04l5820noy07,"Analytical Reasoning","Decision Making - Administrative & Policy Problem Solving",AUDITED,VERIFIED,"","",2026-08-19T09:29:01.117Z
cmstwd59t001q04l5eq8pm0y8,"Analytical Reasoning","Decision Making - Administrative & Policy Problem Solving",AUDITED,VERIFIED,"","",2026-08-19T09:29:01.142Z
cmstwd59v005004l5nkio934r,"Analytical Reasoning","Coding and Decoding - Alphanumeric & Cipher Patterns",AUDITED,VERIFIED,"","",2026-08-19T09:29:01.165Z
cmstwd59t001p04l5oz8kfr3u,"Analytical Reasoning","Decision Making - Administrative & Policy Problem Solving",AUDITED,VERIFIED,"","",2026-08-19T09:29:01.188Z
cmstwd59t001o04l5ifkgh1de,"Analytical Reasoning","Decision Making - Administrative & Policy Problem Solving",AUDITED,VERIFIED,"","",2026-08-19T09:29:01.211Z
cmstwd59t001n04l5m8vseflz,"Analytical Reasoning","Decision Making - Administrative & Policy Problem Solving",AUDITED,VERIFIED,"","",2026-08-19T09:29:01.236Z
cmstwd59v005104l5fuoqdago,"Analytical Reasoning","Coding and Decoding - Alphanumeric & Cipher Patterns",AUDITED,VERIFIED,"","",2026-08-19T09:29:01.257Z
cmstwd59t001m04l5ayrjoypm,"Analytical Reasoning","Decision Making - Administrative & Policy Problem Solving",AUDITED,VERIFIED,"","",2026-08-19T09:29:01.279Z
cmstwd59t001l04l5apkguzn7,"Analytical Reasoning","Decision Making - Administrative & Policy Problem Solving",AUDITED,VERIFIED,"","",2026-08-19T09:29:01.303Z
cmstwd59t001k04l5udje3l8w,"Analytical Reasoning","Decision Making - Administrative & Policy Problem Solving",AUDITED,VERIFIED,"","",2026-08-19T09:29:01.327Z
cmstwd59v005204l5xnoeekcs,"Analytical Reasoning","Coding and Decoding - Alphanumeric & Cipher Patterns",AUDITED,VERIFIED,"","",2026-08-19T09:29:01.350Z
cmstwd59v005304l5085x137v,"Analytical Reasoning","Coding and Decoding - Alphanumeric & Cipher Patterns",AUDITED,VERIFIED,"","",2026-08-19T09:29:01.374Z
cmstwd59t001j04l545y6q25m,"Analytical Reasoning","Decision Making - Administrative & Policy Problem Solving",AUDITED,VERIFIED,"","",2026-08-19T09:29:01.396Z
cmstwd59t001i04l5lldgzga3,"Analytical Reasoning","Decision Making - Administrative & Policy Problem Solving",AUDITED,VERIFIED,"","",2026-08-19T09:29:01.420Z
cmstwd59v005404l5fkp2o1tv,"Analytical Reasoning","Coding and Decoding - Alphanumeric & Cipher Patterns",AUDITED,VERIFIED,"","",2026-08-19T09:29:01.444Z
cmstwd59t001h04l50dzdxun5,"Analytical Reasoning","Decision Making - Administrative & Policy Problem Solving",AUDITED,VERIFIED,"","",2026-08-19T09:29:01.465Z
cmstwd59t001g04l51xunbfuk,"Analytical Reasoning","Decision Making - Administrative & Policy Problem Solving",AUDITED,VERIFIED,"","",2026-08-19T09:29:01.489Z
cmstwd59t001f04l5x6xje57e,"Analytical Reasoning","Decision Making - Administrative & Policy Problem Solving",AUDITED,VERIFIED,"","",2026-08-19T09:29:01.513Z
cmstwd59v005504l5ha573fts,"Analytical Reasoning","Coding and Decoding - Alphanumeric & Cipher Patterns",AUDITED,VERIFIED,"","",2026-08-19T09:29:01.538Z
cmstwd59v005604l5j261c9xm,"Analytical Reasoning","Coding and Decoding - Alphanumeric & Cipher Patterns",AUDITED,VERIFIED,"","",2026-08-19T09:29:01.562Z
cmstwd59t001e04l5o0ywpajx,"Analytical Reasoning","Decision Making - Administrative & Policy Problem Solving",AUDITED,VERIFIED,"","",2026-08-19T09:29:01.584Z
cmstwd59t001d04l5hpow0jen,"Analytical Reasoning","Critical Reasoning - Argument Evaluation & Deduction",AUDITED,VERIFIED,"","",2026-08-19T09:29:01.608Z
cmstwd59v005704l5xgtuot0q,"Analytical Reasoning","Coding and Decoding - Alphanumeric & Cipher Patterns",AUDITED,VERIFIED,"","",2026-08-19T09:29:01.631Z
cmstwd59t001c04l5lafydts4,"Analytical Reasoning","Critical Reasoning - Argument Evaluation & Deduction",AUDITED,VERIFIED,"","",2026-08-19T09:29:01.653Z
cmstwd59t001b04l5rvfs1w0z,"Analytical Reasoning","Critical Reasoning - Argument Evaluation & Deduction",AUDITED,VERIFIED,"","",2026-08-19T09:29:01.678Z
cmstwd59v005804l5ho9qo515,"Analytical Reasoning","Coding and Decoding - Alphanumeric & Cipher Patterns",AUDITED,VERIFIED,"","",2026-08-19T09:29:01.698Z
cmstwd59t001a04l585olxvwa,"Analytical Reasoning","Critical Reasoning - Argument Evaluation & Deduction",AUDITED,VERIFIED,"","",2026-08-19T09:29:01.721Z
cmstwd59v005904l5onz3te2l,"Analytical Reasoning","Coding and Decoding - Alphanumeric & Cipher Patterns",AUDITED,VERIFIED,"","",2026-08-19T09:29:01.745Z
cmstwd59v005a04l5hchrgfeu,"Analytical Reasoning","Coding and Decoding - Alphanumeric & Cipher Patterns",AUDITED,MANUAL_REVIEW,"DUPLICATE_CHOICES","",2026-08-19T09:29:01.767Z
cmstwd59t001904l5utbyqxm0,"Analytical Reasoning","Critical Reasoning - Argument Evaluation & Deduction",AUDITED,VERIFIED,"","",2026-08-19T09:29:01.793Z
cmstwd59t001804l5vo84m2e4,"Analytical Reasoning","Critical Reasoning - Argument Evaluation & Deduction",AUDITED,VERIFIED,"","",2026-08-19T09:29:01.818Z
cmstwd59v005b04l5s2mo2gz4,"Analytical Reasoning","Coding and Decoding - Alphanumeric & Cipher Patterns",AUDITED,VERIFIED,"","",2026-08-19T09:29:01.841Z
cmstwd59t001704l50s497yze,"Analytical Reasoning","Critical Reasoning - Argument Evaluation & Deduction",AUDITED,VERIFIED,"","",2026-08-19T09:29:01.867Z
cmstwd59v005c04l5g8lnbs77,"Analytical Reasoning","Coding and Decoding - Alphanumeric & Cipher Patterns",AUDITED,VERIFIED,"","",2026-08-19T09:29:01.891Z
cmstwd59t001604l5p25g79si,"Analytical Reasoning","Critical Reasoning - Argument Evaluation & Deduction",AUDITED,VERIFIED,"","",2026-08-19T09:29:01.915Z
cmstwd59v005d04l5438vruna,"Analytical Reasoning","Coding and Decoding - Alphanumeric & Cipher Patterns",AUDITED,VERIFIED,"","",2026-08-19T09:29:01.937Z
cmstwd59t001504l524x4awoe,"Analytical Reasoning","Critical Reasoning - Argument Evaluation & Deduction",AUDITED,VERIFIED,"","",2026-08-19T09:29:01.965Z
cmstwd59v005e04l5plmwc0dh,"Analytical Reasoning","Coding and Decoding - Alphanumeric & Cipher Patterns",AUDITED,VERIFIED,"","",2026-08-19T09:29:01.986Z
cmstwd59v005f04l519etlat0,"Analytical Reasoning","Coding and Decoding - Alphanumeric & Cipher Patterns",AUDITED,MANUAL_REVIEW,"DUPLICATE_CHOICES","",2026-08-19T09:29:02.010Z
cmstwd59v005g04l5qdluqihi,"Analytical Reasoning","Coding and Decoding - Alphanumeric & Cipher Patterns",AUDITED,VERIFIED,"","",2026-08-19T09:29:02.033Z
cmstwd59t001404l5lf30mjmh,"Analytical Reasoning","Critical Reasoning - Argument Evaluation & Deduction",AUDITED,VERIFIED,"","",2026-08-19T09:29:02.059Z
cmstwd59v005h04l5bdjt2mni,"Analytical Reasoning","Coding and Decoding - Alphanumeric & Cipher Patterns",AUDITED,VERIFIED,"","",2026-08-19T09:29:02.082Z
cmstwd59v005i04l5976mrwrq,"Analytical Reasoning","Coding and Decoding - Alphanumeric & Cipher Patterns",AUDITED,VERIFIED,"","",2026-08-19T09:29:02.107Z
cmstwd59v005j04l5vu2hsg69,"Analytical Reasoning","Coding and Decoding - Alphanumeric & Cipher Patterns",AUDITED,VERIFIED,"","",2026-08-19T09:29:02.128Z
cmstwd59t001304l52vc86ri0,"Analytical Reasoning","Critical Reasoning - Argument Evaluation & Deduction",AUDITED,VERIFIED,"","",2026-08-19T09:29:02.150Z
cmstwd59v005k04l58if5qb2o,"Analytical Reasoning","Direction Sense - Spatial Orientation & Vectors",AUDITED,VERIFIED,"","",2026-08-19T09:29:02.174Z
cmstwd59t001204l5ktc9jo1j,"Analytical Reasoning","Critical Reasoning - Argument Evaluation & Deduction",AUDITED,VERIFIED,"","",2026-08-19T09:29:02.198Z
cmstwd59v005l04l54x00pync,"Analytical Reasoning","Direction Sense - Spatial Orientation & Vectors",AUDITED,VERIFIED,"","",2026-08-19T09:29:02.221Z
cmstwd59t001104l50vejo6ly,"Analytical Reasoning","Critical Reasoning - Argument Evaluation & Deduction",AUDITED,VERIFIED,"","",2026-08-19T09:29:02.244Z
cmstwd59t001004l5j7hawqpl,"Analytical Reasoning","Critical Reasoning - Argument Evaluation & Deduction",AUDITED,VERIFIED,"","",2026-08-19T09:29:02.269Z
cmstwd59v005m04l56r86n6wd,"Analytical Reasoning","Direction Sense - Spatial Orientation & Vectors",AUDITED,VERIFIED,"","",2026-08-19T09:29:02.381Z
cmstwd59s000z04l5kxk5gt6p,"Analytical Reasoning","Critical Reasoning - Argument Evaluation & Deduction",AUDITED,VERIFIED,"","",2026-08-19T09:29:02.408Z
cmstwd59v005n04l5daegcon4,"Analytical Reasoning","Direction Sense - Spatial Orientation & Vectors",AUDITED,VERIFIED,"","",2026-08-19T09:29:02.432Z
cmstwd59v005o04l5llp49qcp,"Analytical Reasoning","Direction Sense - Spatial Orientation & Vectors",AUDITED,VERIFIED,"","",2026-08-19T09:29:02.454Z
cmstwd59s000y04l5fvlxwnwr,"Analytical Reasoning","Critical Reasoning - Argument Evaluation & Deduction",AUDITED,VERIFIED,"","",2026-08-19T09:29:02.480Z
cmstwd59v005p04l502i1vlwm,"Analytical Reasoning","Direction Sense - Spatial Orientation & Vectors",AUDITED,VERIFIED,"","",2026-08-19T09:29:02.505Z
cmstwd59s000x04l5mbw23yo1,"Analytical Reasoning","Critical Reasoning - Argument Evaluation & Deduction",AUDITED,VERIFIED,"","",2026-08-19T09:29:02.533Z
cmstwd59v005q04l5gwldg6fr,"Analytical Reasoning","Direction Sense - Spatial Orientation & Vectors",AUDITED,VERIFIED,"","",2026-08-19T09:29:02.559Z
cmstwd59s000w04l5r9amms9w,"Analytical Reasoning","Critical Reasoning - Argument Evaluation & Deduction",AUDITED,VERIFIED,"","",2026-08-19T09:29:02.586Z
cmstwd59s000v04l5nw2x2vdj,"Analytical Reasoning","Critical Reasoning - Argument Evaluation & Deduction",AUDITED,VERIFIED,"","",2026-08-19T09:29:02.613Z
cmstwd59s000u04l5ppmy7cgp,"Analytical Reasoning","Critical Reasoning - Argument Evaluation & Deduction",AUDITED,VERIFIED,"","",2026-08-19T09:29:02.636Z
cmstwd59s000t04l5qawrf8ht,"Analytical Reasoning","Critical Reasoning - Argument Evaluation & Deduction",AUDITED,VERIFIED,"","",2026-08-19T09:29:02.662Z
cmstwd59s000s04l5zvtbec2i,"Analytical Reasoning","Critical Reasoning - Argument Evaluation & Deduction",AUDITED,VERIFIED,"","",2026-08-19T09:29:02.685Z
cmstwd59s000r04l5nf2ragna,"Analytical Reasoning","Critical Reasoning - Argument Evaluation & Deduction",AUDITED,VERIFIED,"","",2026-08-19T09:29:02.707Z
cmstwd59s000q04l5q13l1m72,"Analytical Reasoning","Critical Reasoning - Argument Evaluation & Deduction",AUDITED,VERIFIED,"","",2026-08-19T09:29:02.733Z
cmstwd59s000p04l5d1suqv6h,"Analytical Reasoning","Critical Reasoning - Argument Evaluation & Deduction",AUDITED,VERIFIED,"","",2026-08-19T09:29:02.758Z
cmstwd59s000o04l5x6u84g94,"Analytical Reasoning","Integrated Logical Reasoning - Analytical & Relational Logic",AUDITED,VERIFIED,"","",2026-08-19T09:29:02.786Z
cmstwd59s000n04l5krk6hinh,"Analytical Reasoning","Integrated Logical Reasoning - Analytical & Relational Logic",AUDITED,VERIFIED,"","",2026-08-19T09:29:02.814Z
cmstwd59s000m04l5ywb46l9p,"Analytical Reasoning","Integrated Logical Reasoning - Analytical & Relational Logic",AUDITED,VERIFIED,"","",2026-08-19T09:29:02.839Z
cmstwd59s000l04l5r4hw3dnq,"Analytical Reasoning","Integrated Logical Reasoning - Analytical & Relational Logic",AUDITED,VERIFIED,"","",2026-08-19T09:29:02.864Z
cmstwd59s000k04l5454r9twi,"Analytical Reasoning","Integrated Logical Reasoning - Analytical & Relational Logic",AUDITED,VERIFIED,"","",2026-08-19T09:29:02.889Z
cmstwd59s000j04l5yoflija1,"Analytical Reasoning","Integrated Logical Reasoning - Analytical & Relational Logic",AUDITED,VERIFIED,"","",2026-08-19T09:29:02.917Z
cmstwd59s000i04l5z09255nl,"Analytical Reasoning","Integrated Logical Reasoning - Analytical & Relational Logic",AUDITED,VERIFIED,"","",2026-08-19T09:29:02.943Z
cmstwd59s000h04l599xa4sof,"Analytical Reasoning","Integrated Logical Reasoning - Analytical & Relational Logic",AUDITED,VERIFIED,"","",2026-08-19T09:29:02.970Z
cmstwd59s000g04l5rh91puoe,"Analytical Reasoning","Integrated Logical Reasoning - Analytical & Relational Logic",AUDITED,VERIFIED,"","",2026-08-19T09:29:02.996Z
cmstwd59s000f04l5zb0f8ele,"Analytical Reasoning","Integrated Logical Reasoning - Analytical & Relational Logic",AUDITED,VERIFIED,"","",2026-08-19T09:29:03.019Z
cmstwd59s000e04l5804nalki,"Analytical Reasoning","Integrated Logical Reasoning - Analytical & Relational Logic",AUDITED,VERIFIED,"","",2026-08-19T09:29:03.046Z
cmstwd59s000d04l5vy3yuamk,"Analytical Reasoning","Integrated Logical Reasoning - Analytical & Relational Logic",AUDITED,VERIFIED,"","",2026-08-19T09:29:03.070Z
cmstwd59s000c04l54etip2e6,"Analytical Reasoning","Integrated Logical Reasoning - Analytical & Relational Logic",AUDITED,VERIFIED,"","",2026-08-19T09:29:03.095Z
cmstwd59s000b04l500w1ipe7,"Analytical Reasoning","Integrated Logical Reasoning - Analytical & Relational Logic",AUDITED,VERIFIED,"","",2026-08-19T09:29:03.118Z
cmstwd59s000a04l5wfbftr79,"Analytical Reasoning","Integrated Logical Reasoning - Analytical & Relational Logic",AUDITED,VERIFIED,"","",2026-08-19T09:29:03.144Z
cmstwd59s000904l5ipa47uwh,"Analytical Reasoning","Integrated Logical Reasoning - Analytical & Relational Logic",AUDITED,VERIFIED,"","",2026-08-19T09:29:03.176Z
cmstwd59s000804l51ajnq5nr,"Analytical Reasoning","Integrated Logical Reasoning - Analytical & Relational Logic",AUDITED,VERIFIED,"","",2026-08-19T09:29:03.206Z
cmstwd59s000704l5fwd0uv59,"Analytical Reasoning","Integrated Logical Reasoning - Analytical & Relational Logic",AUDITED,VERIFIED,"","",2026-08-19T09:29:03.237Z
cmstwd59s000604l508lg33lg,"Analytical Reasoning","Integrated Logical Reasoning - Analytical & Relational Logic",AUDITED,VERIFIED,"","",2026-08-19T09:29:03.263Z
cmstwd59u003p04l546byw76j,"Analytical Reasoning","Data Sufficiency - Quantitative & Logical Adequacy",AUDITED,VERIFIED,"","",2026-08-19T09:29:03.286Z
cmstwd59s000504l5uypztjzs,"Analytical Reasoning","Integrated Logical Reasoning - Analytical & Relational Logic",AUDITED,VERIFIED,"","",2026-08-19T09:29:03.312Z
cmstwd59s000404l50cjchxnl,"Analytical Reasoning","Integrated Logical Reasoning - Analytical & Relational Logic",AUDITED,VERIFIED,"","",2026-08-19T09:29:03.340Z
cmstwd59s000304l5j0a1lbuz,"Analytical Reasoning","Integrated Logical Reasoning - Analytical & Relational Logic",AUDITED,VERIFIED,"","",2026-08-19T09:29:03.365Z
cmstwd59s000204l51csisj47,"Analytical Reasoning","Integrated Logical Reasoning - Analytical & Relational Logic",AUDITED,VERIFIED,"","",2026-08-19T09:29:03.388Z
cmstwd59s000104l5oz4mahjq,"Analytical Reasoning","Integrated Logical Reasoning - Analytical & Relational Logic",AUDITED,VERIFIED,"","",2026-08-19T09:29:03.415Z
cmstwd59u003o04l5bd7lutky,"Analytical Reasoning","Data Sufficiency - Quantitative & Logical Adequacy",AUDITED,VERIFIED,"","",2026-08-19T09:29:03.436Z
cmstwd59u003n04l57n219ndo,"Analytical Reasoning","Data Sufficiency - Quantitative & Logical Adequacy",AUDITED,VERIFIED,"","",2026-08-19T09:29:03.459Z
cmstwd59y00d604l5ghd63ld4,"Analytical Reasoning","Logical Deduction - Categorical Syllogisms & Sets",AUDITED,VERIFIED,"","",2026-08-19T09:29:03.483Z
cmstwd59s000004l5ulmans1b,"Analytical Reasoning","Integrated Logical Reasoning - Analytical & Relational Logic",AUDITED,VERIFIED,"","",2026-08-19T09:29:03.513Z
cmstwd59y00d504l5eczkipg7,"Analytical Reasoning","Logical Deduction - Categorical Syllogisms & Sets",AUDITED,VERIFIED,"","",2026-08-19T09:29:03.536Z
cmstwd59y00d404l5t6keqkje,"Analytical Reasoning","Logical Deduction - Categorical Syllogisms & Sets",AUDITED,VERIFIED,"","",2026-08-19T09:29:03.562Z
cmstwd59y00d304l5f7urtd2q,"Analytical Reasoning","Logical Deduction - Categorical Syllogisms & Sets",AUDITED,VERIFIED,"","",2026-08-19T09:29:03.588Z
cmstwd59y00d204l5j1s9w32o,"Analytical Reasoning","Logical Deduction - Categorical Syllogisms & Sets",AUDITED,VERIFIED,"","",2026-08-19T09:29:03.616Z
cmstwd59y00d104l56i89sbrx,"Analytical Reasoning","Logical Deduction - Categorical Syllogisms & Sets",AUDITED,VERIFIED,"","",2026-08-19T09:29:03.642Z
cmstwd59y00d004l5itric6vp,"Analytical Reasoning","Logical Deduction - Categorical Syllogisms & Sets",AUDITED,VERIFIED,"","",2026-08-19T09:29:03.666Z
cmstwd59y00cz04l51anb9npe,"Analytical Reasoning","Logical Deduction - Categorical Syllogisms & Sets",AUDITED,VERIFIED,"","",2026-08-19T09:29:03.691Z
cmstwd59y00cy04l54xubjeix,"Analytical Reasoning","Logical Deduction - Categorical Syllogisms & Sets",AUDITED,VERIFIED,"","",2026-08-19T09:29:03.716Z
cmstwd59y00cx04l5r1pqjghy,"Analytical Reasoning","Logical Deduction - Categorical Syllogisms & Sets",AUDITED,VERIFIED,"","",2026-08-19T09:29:03.740Z
cmstwd59y00cw04l5hkkc4x5t,"Analytical Reasoning","Logical Deduction - Categorical Syllogisms & Sets",AUDITED,VERIFIED,"","",2026-08-19T09:29:03.766Z
cmstwd59y00cv04l5ao01ccen,"Analytical Reasoning","Logical Deduction - Categorical Syllogisms & Sets",AUDITED,VERIFIED,"","",2026-08-19T09:29:03.791Z
cmstwd59y00cu04l5w3tkli67,"Analytical Reasoning","Logical Deduction - Categorical Syllogisms & Sets",AUDITED,VERIFIED,"","",2026-08-19T09:29:03.816Z
cmstwd59y00ct04l5x6udf2de,"Analytical Reasoning","Logical Deduction - Categorical Syllogisms & Sets",AUDITED,VERIFIED,"","",2026-08-19T09:29:03.842Z
cmstwd59y00cs04l5rw9nsd12,"Analytical Reasoning","Logical Deduction - Categorical Syllogisms & Sets",AUDITED,VERIFIED,"","",2026-08-19T09:29:03.867Z
cmstwd59y00cr04l5cetkjzt8,"Analytical Reasoning","Logical Deduction - Categorical Syllogisms & Sets",AUDITED,VERIFIED,"","",2026-08-19T09:29:03.893Z
cmstwd59y00cq04l5l12vh3pn,"Analytical Reasoning","Logical Deduction - Categorical Syllogisms & Sets",AUDITED,VERIFIED,"","",2026-08-19T09:29:03.916Z
cmstwd59y00cp04l5j9unp80l,"Analytical Reasoning","Logical Deduction - Categorical Syllogisms & Sets",AUDITED,VERIFIED,"","",2026-08-19T09:29:03.943Z
cmstwd59y00co04l5ji1syyfu,"Analytical Reasoning","Logical Deduction - Categorical Syllogisms & Sets",AUDITED,VERIFIED,"","",2026-08-19T09:29:03.967Z
cmstwd59y00cn04l52gnbgj9i,"Analytical Reasoning","Logical Deduction - Categorical Syllogisms & Sets",AUDITED,VERIFIED,"","",2026-08-19T09:29:03.990Z
cmstwd59y00cm04l5tt6z5t9k,"Analytical Reasoning","Logical Deduction - Categorical Syllogisms & Sets",AUDITED,VERIFIED,"","",2026-08-19T09:29:04.015Z
cmstwd59y00cl04l5dzrv9tqo,"Analytical Reasoning","Logical Deduction - Categorical Syllogisms & Sets",AUDITED,VERIFIED,"","",2026-08-19T09:29:04.040Z
cmstwd59y00ck04l529xika2w,"Analytical Reasoning","Logical Deduction - Categorical Syllogisms & Sets",AUDITED,VERIFIED,"","",2026-08-19T09:29:04.063Z
cmstwd59y00cj04l59qapdbt9,"Analytical Reasoning","Logical Deduction - Categorical Syllogisms & Sets",AUDITED,VERIFIED,"","",2026-08-19T09:29:04.086Z
cmstwd59y00ci04l5hmo7xhu0,"Analytical Reasoning","Logical Deduction - Categorical Syllogisms & Sets",AUDITED,VERIFIED,"","",2026-08-19T09:29:04.111Z
cmstwd59y00ch04l592cu7yz4,"Analytical Reasoning","Statement and Conclusion - Direct Deductive Conclusions",AUDITED,VERIFIED,"","",2026-08-19T09:29:04.137Z
cmstwd59y00cg04l56ut2ox20,"Analytical Reasoning","Statement and Conclusion - Direct Deductive Conclusions",AUDITED,VERIFIED,"","",2026-08-19T09:29:04.160Z
cmstwd59y00cf04l5f1r4ucon,"Analytical Reasoning","Statement and Conclusion - Direct Deductive Conclusions",AUDITED,VERIFIED,"","",2026-08-19T09:29:04.185Z
cmstwd59y00ce04l5c7ugtgpm,"Analytical Reasoning","Statement and Conclusion - Direct Deductive Conclusions",AUDITED,VERIFIED,"","",2026-08-19T09:29:04.210Z
cmstwd59y00cd04l5feih84nn,"Analytical Reasoning","Statement and Conclusion - Direct Deductive Conclusions",AUDITED,VERIFIED,"","",2026-08-19T09:29:04.235Z
cmstwd59y00cc04l59svoovos,"Analytical Reasoning","Statement and Conclusion - Direct Deductive Conclusions",AUDITED,VERIFIED,"","",2026-08-19T09:29:04.261Z
cmstwd59y00cb04l5vmdgagkp,"Analytical Reasoning","Statement and Conclusion - Direct Deductive Conclusions",AUDITED,VERIFIED,"","",2026-08-19T09:29:04.287Z
cmstwd59y00ca04l59hc1n0ch,"Analytical Reasoning","Statement and Conclusion - Direct Deductive Conclusions",AUDITED,VERIFIED,"","",2026-08-19T09:29:04.313Z
cmstwd59y00c904l5gdkvc9w0,"Analytical Reasoning","Statement and Conclusion - Direct Deductive Conclusions",AUDITED,VERIFIED,"","",2026-08-19T09:29:04.338Z
cmstwd59y00c804l5x9vjpm64,"Analytical Reasoning","Statement and Conclusion - Direct Deductive Conclusions",AUDITED,VERIFIED,"","",2026-08-19T09:29:04.364Z
cmstwd59y00c704l5k5gl40wz,"Analytical Reasoning","Statement and Conclusion - Direct Deductive Conclusions",AUDITED,VERIFIED,"","",2026-08-19T09:29:04.390Z
cmstwd59y00c604l5u2r7uqxt,"Analytical Reasoning","Statement and Conclusion - Direct Deductive Conclusions",AUDITED,VERIFIED,"","",2026-08-19T09:29:04.415Z
cmstwd59y00c504l5q1s0mjmb,"Analytical Reasoning","Statement and Conclusion - Direct Deductive Conclusions",AUDITED,VERIFIED,"","",2026-08-19T09:29:04.440Z
cmstwd59y00c404l5qo5yb017,"Analytical Reasoning","Statement and Conclusion - Direct Deductive Conclusions",AUDITED,VERIFIED,"","",2026-08-19T09:29:04.464Z
cmstwd59y00c304l5e0ieg7kd,"Analytical Reasoning","Statement and Conclusion - Direct Deductive Conclusions",AUDITED,VERIFIED,"","",2026-08-19T09:29:04.488Z
cmstwd59y00c204l5tuqpps93,"Analytical Reasoning","Statement and Conclusion - Direct Deductive Conclusions",AUDITED,VERIFIED,"","",2026-08-19T09:29:04.514Z
cmstwd59y00c104l5yknbstio,"Analytical Reasoning","Statement and Conclusion - Direct Deductive Conclusions",AUDITED,VERIFIED,"","",2026-08-19T09:29:04.540Z
cmstwd59y00c004l5d3w97sqf,"Analytical Reasoning","Statement and Conclusion - Direct Deductive Conclusions",AUDITED,VERIFIED,"","",2026-08-19T09:29:04.570Z
cmstwd59y00bz04l50o6zjqmn,"Analytical Reasoning","Statement and Conclusion - Direct Deductive Conclusions",AUDITED,VERIFIED,"","",2026-08-19T09:29:04.597Z
cmstwd59y00by04l5dpsvcq8e,"Analytical Reasoning","Statement and Conclusion - Direct Deductive Conclusions",AUDITED,VERIFIED,"","",2026-08-19T09:29:04.620Z
cmstwd59y00bx04l5po97m0gw,"Analytical Reasoning","Statement and Conclusion - Direct Deductive Conclusions",AUDITED,VERIFIED,"","",2026-08-19T09:29:04.647Z
cmstwd59y00bw04l52o9a75wu,"Analytical Reasoning","Statement and Conclusion - Direct Deductive Conclusions",AUDITED,VERIFIED,"","",2026-08-19T09:29:04.673Z
cmstwd59y00bv04l5szl7wc4j,"Analytical Reasoning","Statement and Conclusion - Direct Deductive Conclusions",AUDITED,VERIFIED,"","",2026-08-19T09:29:04.700Z
cmstwd59y00bu04l5hb0pyrr3,"Analytical Reasoning","Statement and Conclusion - Direct Deductive Conclusions",AUDITED,VERIFIED,"","",2026-08-19T09:29:04.725Z
cmstwd59y00bt04l5ggllq2po,"Analytical Reasoning","Statement and Conclusion - Direct Deductive Conclusions",AUDITED,VERIFIED,"","",2026-08-19T09:29:04.751Z
cmstwd59y00bs04l5n8q7mfc4,"Analytical Reasoning","Statement and Assumption - Implicit Assumptions & Premises",AUDITED,VERIFIED,"","",2026-08-19T09:29:04.781Z
cmstwd59y00br04l5l50x4wsd,"Analytical Reasoning","Statement and Assumption - Implicit Assumptions & Premises",AUDITED,VERIFIED,"","",2026-08-19T09:29:04.808Z
cmstwd59y00bq04l5g7jcjxqz,"Analytical Reasoning","Statement and Assumption - Implicit Assumptions & Premises",AUDITED,VERIFIED,"","",2026-08-19T09:29:04.836Z
cmstwd59y00bp04l55j3d2x10,"Analytical Reasoning","Statement and Assumption - Implicit Assumptions & Premises",AUDITED,VERIFIED,"","",2026-08-19T09:29:04.863Z
cmstwd59y00bo04l5s4b4tvng,"Analytical Reasoning","Statement and Assumption - Implicit Assumptions & Premises",AUDITED,VERIFIED,"","",2026-08-19T09:29:04.887Z
cmstwd59y00bn04l5eq7i2rer,"Analytical Reasoning","Statement and Assumption - Implicit Assumptions & Premises",AUDITED,VERIFIED,"","",2026-08-19T09:29:04.912Z
cmstwd59y00bm04l53vowaka6,"Analytical Reasoning","Statement and Assumption - Implicit Assumptions & Premises",AUDITED,VERIFIED,"","",2026-08-19T09:29:05.030Z
cmstwd59y00bl04l5irjhp9vy,"Analytical Reasoning","Statement and Assumption - Implicit Assumptions & Premises",AUDITED,VERIFIED,"","",2026-08-19T09:29:05.056Z
cmstwd59y00bk04l5suy43est,"Analytical Reasoning","Statement and Assumption - Implicit Assumptions & Premises",AUDITED,VERIFIED,"","",2026-08-19T09:29:05.085Z
cmstwd59y00bj04l53gppjx72,"Analytical Reasoning","Statement and Assumption - Implicit Assumptions & Premises",AUDITED,VERIFIED,"","",2026-08-19T09:29:05.112Z
cmstwd59y00bi04l5itxlutkq,"Analytical Reasoning","Statement and Assumption - Implicit Assumptions & Premises",AUDITED,VERIFIED,"","",2026-08-19T09:29:05.138Z
cmstwd59y00bh04l527xuw57n,"Analytical Reasoning","Statement and Assumption - Implicit Assumptions & Premises",AUDITED,VERIFIED,"","",2026-08-19T09:29:05.167Z
cmstwd59x00bg04l5p64vq5qp,"Analytical Reasoning","Statement and Assumption - Implicit Assumptions & Premises",AUDITED,VERIFIED,"","",2026-08-19T09:29:05.195Z
cmstwd59x00bf04l5x2ezs6cf,"Analytical Reasoning","Statement and Assumption - Implicit Assumptions & Premises",AUDITED,VERIFIED,"","",2026-08-19T09:29:05.220Z
cmstwd59x00be04l5gtqixwh9,"Analytical Reasoning","Statement and Assumption - Implicit Assumptions & Premises",AUDITED,VERIFIED,"","",2026-08-19T09:29:05.248Z
cmstwd59x00bd04l5fsogvoz5,"Analytical Reasoning","Statement and Assumption - Implicit Assumptions & Premises",AUDITED,VERIFIED,"","",2026-08-19T09:29:05.274Z
cmstwd59v005r04l514u5oddf,"Analytical Reasoning","Direction Sense - Spatial Orientation & Vectors",AUDITED,VERIFIED,"","",2026-08-19T09:29:05.302Z
cmstwd59v005s04l5fiy223kx,"Analytical Reasoning","Direction Sense - Spatial Orientation & Vectors",AUDITED,VERIFIED,"","",2026-08-19T09:29:05.329Z
cmstwd59v005t04l5erjw4bfe,"Analytical Reasoning","Direction Sense - Spatial Orientation & Vectors",AUDITED,VERIFIED,"","",2026-08-19T09:29:05.354Z
cmstwd59v005u04l5volsqml2,"Analytical Reasoning","Direction Sense - Spatial Orientation & Vectors",AUDITED,VERIFIED,"","",2026-08-19T09:29:05.378Z
cmstwd59v005v04l5tiu6prhg,"Analytical Reasoning","Direction Sense - Spatial Orientation & Vectors",AUDITED,VERIFIED,"","",2026-08-19T09:29:05.401Z
cmstwd59v005w04l54c2qsn9p,"Analytical Reasoning","Direction Sense - Spatial Orientation & Vectors",AUDITED,VERIFIED,"","",2026-08-19T09:29:05.426Z
cmstwd59v005x04l5b2bxbo8g,"Analytical Reasoning","Direction Sense - Spatial Orientation & Vectors",AUDITED,VERIFIED,"","",2026-08-19T09:29:05.450Z
cmstwd59v005y04l5x8spbsku,"Analytical Reasoning","Direction Sense - Spatial Orientation & Vectors",AUDITED,VERIFIED,"","",2026-08-19T09:29:05.474Z
cmstwd59v005z04l5lb2s73dq,"Analytical Reasoning","Direction Sense - Spatial Orientation & Vectors",AUDITED,VERIFIED,"","",2026-08-19T09:29:05.499Z
cmstwd59v006004l5d18hyr9d,"Analytical Reasoning","Direction Sense - Spatial Orientation & Vectors",AUDITED,VERIFIED,"","",2026-08-19T09:29:05.524Z
cmstwd59v006104l5lurhocds,"Analytical Reasoning","Direction Sense - Spatial Orientation & Vectors",AUDITED,VERIFIED,"","",2026-08-19T09:29:05.550Z
cmstwd59v006204l57bidq6iw,"Analytical Reasoning","Direction Sense - Spatial Orientation & Vectors",AUDITED,VERIFIED,"","",2026-08-19T09:29:05.574Z
cmstwd59v006304l50f8myeql,"Analytical Reasoning","Direction Sense - Spatial Orientation & Vectors",AUDITED,VERIFIED,"","",2026-08-19T09:29:05.601Z
cmstwd59v006404l5glqhqovw,"Analytical Reasoning","Direction Sense - Spatial Orientation & Vectors",AUDITED,VERIFIED,"","",2026-08-19T09:29:05.623Z
cmstwd59v006504l5g66tm0ch,"Analytical Reasoning","Direction Sense - Spatial Orientation & Vectors",AUDITED,VERIFIED,"","",2026-08-19T09:29:05.647Z
cmstwd59v006604l5vihl1y68,"Analytical Reasoning","Direction Sense - Spatial Orientation & Vectors",AUDITED,VERIFIED,"","",2026-08-19T09:29:05.672Z
cmstwd59v006704l5metgum6d,"Analytical Reasoning","Direction Sense - Spatial Orientation & Vectors",AUDITED,VERIFIED,"","",2026-08-19T09:29:05.695Z
cmstwd59v006804l5sbjqskvy,"Analytical Reasoning","Direction Sense - Spatial Orientation & Vectors",AUDITED,VERIFIED,"","",2026-08-19T09:29:05.721Z
cmstwd59v006904l5sir0119s,"Analytical Reasoning","Blood Relations - Family Tree & Relational Logic",AUDITED,VERIFIED,"","",2026-08-19T09:29:05.747Z
cmstwd59v006a04l5fr2ruwex,"Analytical Reasoning","Blood Relations - Family Tree & Relational Logic",AUDITED,VERIFIED,"","",2026-08-19T09:29:05.770Z
cmstwd59v006b04l54hqc7qwt,"Analytical Reasoning","Blood Relations - Family Tree & Relational Logic",AUDITED,VERIFIED,"","",2026-08-19T09:29:05.794Z
cmstwd59v006c04l590cy7rwj,"Analytical Reasoning","Blood Relations - Family Tree & Relational Logic",AUDITED,VERIFIED,"","",2026-08-19T09:29:05.817Z
cmstwd59v006d04l5to8uiouj,"Analytical Reasoning","Blood Relations - Family Tree & Relational Logic",AUDITED,VERIFIED,"","",2026-08-19T09:29:05.841Z
cmstwd59v006e04l5cedhos6p,"Analytical Reasoning","Blood Relations - Family Tree & Relational Logic",AUDITED,VERIFIED,"","",2026-08-19T09:29:05.867Z
cmstwd59v006f04l53km7si43,"Analytical Reasoning","Blood Relations - Family Tree & Relational Logic",AUDITED,VERIFIED,"","",2026-08-19T09:29:05.890Z
cmstwd59v006g04l5ixd306zg,"Analytical Reasoning","Blood Relations - Family Tree & Relational Logic",AUDITED,VERIFIED,"","",2026-08-19T09:29:05.915Z
cmstwd59v006h04l5xd57euwv,"Analytical Reasoning","Blood Relations - Family Tree & Relational Logic",AUDITED,VERIFIED,"","",2026-08-19T09:29:05.940Z
cmstwd59v006i04l5fusdlunu,"Analytical Reasoning","Blood Relations - Family Tree & Relational Logic",AUDITED,VERIFIED,"","",2026-08-19T09:29:05.965Z
cmstwd59v006j04l5o70cmbtp,"Analytical Reasoning","Blood Relations - Family Tree & Relational Logic",AUDITED,VERIFIED,"","",2026-08-19T09:29:05.990Z
cmstwd59v006k04l5aonvbqgd,"Analytical Reasoning","Blood Relations - Family Tree & Relational Logic",AUDITED,VERIFIED,"","",2026-08-19T09:29:06.013Z
cmstwd59v006l04l5jx86m1vv,"Analytical Reasoning","Blood Relations - Family Tree & Relational Logic",AUDITED,VERIFIED,"","",2026-08-19T09:29:06.037Z
cmstwd59v006m04l5v9p4n4uw,"Analytical Reasoning","Blood Relations - Family Tree & Relational Logic",AUDITED,VERIFIED,"","",2026-08-19T09:29:06.062Z
cmstwd59v006n04l5uoshz4yt,"Analytical Reasoning","Blood Relations - Family Tree & Relational Logic",AUDITED,VERIFIED,"","",2026-08-19T09:29:06.084Z
cmstwd59v006o04l511irzsn3,"Analytical Reasoning","Blood Relations - Family Tree & Relational Logic",AUDITED,VERIFIED,"","",2026-08-19T09:29:06.109Z
cmstwd59v006p04l5webplv9j,"Analytical Reasoning","Blood Relations - Family Tree & Relational Logic",AUDITED,VERIFIED,"","",2026-08-19T09:29:06.134Z
cmstwd59v006q04l52z800pop,"Analytical Reasoning","Blood Relations - Family Tree & Relational Logic",AUDITED,VERIFIED,"","",2026-08-19T09:29:06.158Z
cmstwd59w006r04l50849we8k,"Analytical Reasoning","Blood Relations - Family Tree & Relational Logic",AUDITED,VERIFIED,"","",2026-08-19T09:29:06.184Z
cmstwd59w006s04l5vi23mxh9,"Analytical Reasoning","Blood Relations - Family Tree & Relational Logic",AUDITED,VERIFIED,"","",2026-08-19T09:29:06.208Z
cmstwd59w006t04l5o7y3av3x,"Analytical Reasoning","Blood Relations - Family Tree & Relational Logic",AUDITED,VERIFIED,"","",2026-08-19T09:29:06.233Z
cmstwd59w006u04l5btzawv4q,"Analytical Reasoning","Blood Relations - Family Tree & Relational Logic",AUDITED,VERIFIED,"","",2026-08-19T09:29:06.255Z
cmstwd59w006v04l55gdd666y,"Analytical Reasoning","Blood Relations - Family Tree & Relational Logic",AUDITED,VERIFIED,"","",2026-08-19T09:29:06.279Z
cmstwd59w006w04l5djnqzfwn,"Analytical Reasoning","Blood Relations - Family Tree & Relational Logic",AUDITED,VERIFIED,"","",2026-08-19T09:29:06.302Z
cmstwd59w006x04l522pt5wyv,"Analytical Reasoning","Blood Relations - Family Tree & Relational Logic",AUDITED,VERIFIED,"","",2026-08-19T09:29:06.329Z
cmstwd59w006y04l5yy10tql7,"Analytical Reasoning","Ordering and Arrangement - Linear & Circular Sequences",AUDITED,VERIFIED,"","",2026-08-19T09:29:06.357Z
cmstwd59w006z04l5l33s910u,"Analytical Reasoning","Ordering and Arrangement - Linear & Circular Sequences",AUDITED,VERIFIED,"","",2026-08-19T09:29:06.384Z
cmstwd59w007004l5s9o0ey41,"Analytical Reasoning","Ordering and Arrangement - Linear & Circular Sequences",AUDITED,VERIFIED,"","",2026-08-19T09:29:06.409Z
cmstwd59w007104l5xzoyqnwm,"Analytical Reasoning","Ordering and Arrangement - Linear & Circular Sequences",AUDITED,VERIFIED,"","",2026-08-19T09:29:06.437Z
cmstwd59w007204l5bjh65ikw,"Analytical Reasoning","Ordering and Arrangement - Linear & Circular Sequences",AUDITED,VERIFIED,"","",2026-08-19T09:29:06.462Z
cmstwd59w007304l54ui5r9rx,"Analytical Reasoning","Ordering and Arrangement - Linear & Circular Sequences",AUDITED,VERIFIED,"","",2026-08-19T09:29:06.489Z
cmstwd59w007404l5dsqwj7f7,"Analytical Reasoning","Ordering and Arrangement - Linear & Circular Sequences",AUDITED,VERIFIED,"","",2026-08-19T09:29:06.518Z
cmstwd59w007504l5txh6gtv0,"Analytical Reasoning","Ordering and Arrangement - Linear & Circular Sequences",AUDITED,VERIFIED,"","",2026-08-19T09:29:06.546Z
cmstwd59w007604l560osx9q2,"Analytical Reasoning","Ordering and Arrangement - Linear & Circular Sequences",AUDITED,VERIFIED,"","",2026-08-19T09:29:06.572Z
cmstwd59w007704l5rdho0pnk,"Analytical Reasoning","Ordering and Arrangement - Linear & Circular Sequences",AUDITED,VERIFIED,"","",2026-08-19T09:29:06.600Z
cmstwd59w007804l5g94wc6ir,"Analytical Reasoning","Ordering and Arrangement - Linear & Circular Sequences",AUDITED,VERIFIED,"","",2026-08-19T09:29:06.628Z
cmstwd59w007904l504sqw06t,"Analytical Reasoning","Ordering and Arrangement - Linear & Circular Sequences",AUDITED,VERIFIED,"","",2026-08-19T09:29:06.654Z
cmstwd59w007a04l5mh9sh877,"Analytical Reasoning","Ordering and Arrangement - Linear & Circular Sequences",AUDITED,VERIFIED,"","",2026-08-19T09:29:06.679Z
cmstwd59w007b04l5mcr3k2tn,"Analytical Reasoning","Ordering and Arrangement - Linear & Circular Sequences",AUDITED,VERIFIED,"","",2026-08-19T09:29:06.703Z
cmstwd59w007c04l5kenr0b84,"Analytical Reasoning","Ordering and Arrangement - Linear & Circular Sequences",AUDITED,VERIFIED,"","",2026-08-19T09:29:06.730Z
cmstwd59w007d04l55874t2va,"Analytical Reasoning","Ordering and Arrangement - Linear & Circular Sequences",AUDITED,VERIFIED,"","",2026-08-19T09:29:06.756Z
cmstwd59w007e04l5d9z46o7m,"Analytical Reasoning","Ordering and Arrangement - Linear & Circular Sequences",AUDITED,VERIFIED,"","",2026-08-19T09:29:06.783Z
cmstwd59w007f04l5lit4u3ud,"Analytical Reasoning","Ordering and Arrangement - Linear & Circular Sequences",AUDITED,VERIFIED,"","",2026-08-19T09:29:06.809Z
cmstwd59w007g04l5lt3v5fln,"Analytical Reasoning","Ordering and Arrangement - Linear & Circular Sequences",AUDITED,VERIFIED,"","",2026-08-19T09:29:06.837Z
cmstwd59w007h04l5h11xkyof,"Analytical Reasoning","Ordering and Arrangement - Linear & Circular Sequences",AUDITED,VERIFIED,"","",2026-08-19T09:29:06.864Z
cmstwd59w007i04l5ok56m1h8,"Analytical Reasoning","Ordering and Arrangement - Linear & Circular Sequences",AUDITED,VERIFIED,"","",2026-08-19T09:29:06.889Z
cmstwd59w007j04l56er1ydwl,"Analytical Reasoning","Ordering and Arrangement - Linear & Circular Sequences",AUDITED,VERIFIED,"","",2026-08-19T09:29:06.914Z
cmstwd59w007k04l5algeftli,"Analytical Reasoning","Ordering and Arrangement - Linear & Circular Sequences",AUDITED,VERIFIED,"","",2026-08-19T09:29:06.940Z
cmstwd59w007l04l52d834lpk,"Analytical Reasoning","Ordering and Arrangement - Linear & Circular Sequences",AUDITED,VERIFIED,"","",2026-08-19T09:29:06.967Z
cmstwd59w007m04l5awcbt81m,"Analytical Reasoning","Ordering and Arrangement - Linear & Circular Sequences",AUDITED,VERIFIED,"","",2026-08-19T09:29:06.995Z
cmstwd59w007n04l55y6kmtgj,"Analytical Reasoning","Logical Sequencing - Chronological & Logical Progression",AUDITED,VERIFIED,"","",2026-08-19T09:29:07.022Z
cmstwd59w007o04l5gu25fix2,"Analytical Reasoning","Logical Sequencing - Chronological & Logical Progression",AUDITED,VERIFIED,"","",2026-08-19T09:29:07.052Z
cmstwd59w007p04l5lppy5so2,"Analytical Reasoning","Logical Sequencing - Chronological & Logical Progression",AUDITED,VERIFIED,"","",2026-08-19T09:29:07.080Z
cmstwd59w007q04l5m5gmuqow,"Analytical Reasoning","Logical Sequencing - Chronological & Logical Progression",AUDITED,VERIFIED,"","",2026-08-19T09:29:07.108Z
cmstwd59w007r04l5p2dh63f1,"Analytical Reasoning","Logical Sequencing - Chronological & Logical Progression",AUDITED,VERIFIED,"","",2026-08-19T09:29:07.135Z
cmstwd59w007s04l5puxka2vd,"Analytical Reasoning","Logical Sequencing - Chronological & Logical Progression",AUDITED,VERIFIED,"","",2026-08-19T09:29:07.163Z
cmstwd59w007t04l5v8ph6ogf,"Analytical Reasoning","Logical Sequencing - Chronological & Logical Progression",AUDITED,VERIFIED,"","",2026-08-19T09:29:07.189Z
cmstwd59w007u04l5838xquvv,"Analytical Reasoning","Logical Sequencing - Chronological & Logical Progression",AUDITED,VERIFIED,"","",2026-08-19T09:29:07.217Z
cmstwd59w007v04l5qarbxnu9,"Analytical Reasoning","Logical Sequencing - Chronological & Logical Progression",AUDITED,MANUAL_REVIEW,"DUPLICATE_CHOICES","",2026-08-19T09:29:07.244Z
cmstwd59w007w04l5w5xu4nqm,"Analytical Reasoning","Logical Sequencing - Chronological & Logical Progression",AUDITED,VERIFIED,"","",2026-08-19T09:29:07.274Z
cmstwd59w007x04l5671h5c1m,"Analytical Reasoning","Logical Sequencing - Chronological & Logical Progression",AUDITED,VERIFIED,"","",2026-08-19T09:29:07.302Z
cmstwd59w007y04l5i0odpfwb,"Analytical Reasoning","Logical Sequencing - Chronological & Logical Progression",AUDITED,VERIFIED,"","",2026-08-19T09:29:07.332Z
cmstwd59w007z04l509aesp0b,"Analytical Reasoning","Logical Sequencing - Chronological & Logical Progression",AUDITED,VERIFIED,"","",2026-08-19T09:29:07.358Z
cmstwd59w008004l543t9k1vt,"Analytical Reasoning","Logical Sequencing - Chronological & Logical Progression",AUDITED,VERIFIED,"","",2026-08-19T09:29:07.386Z
cmstwd59w008104l51wdhc4d0,"Analytical Reasoning","Logical Sequencing - Chronological & Logical Progression",AUDITED,MANUAL_REVIEW,"DUPLICATE_CHOICES","",2026-08-19T09:29:07.414Z
cmstwd59w008204l5i52niu9d,"Analytical Reasoning","Logical Sequencing - Chronological & Logical Progression",AUDITED,VERIFIED,"","",2026-08-19T09:29:07.446Z
cmstwd59w008304l5n2z7nuzx,"Analytical Reasoning","Logical Sequencing - Chronological & Logical Progression",AUDITED,VERIFIED,"","",2026-08-19T09:29:07.474Z
cmstwd59w008404l5fg8xeqnc,"Analytical Reasoning","Logical Sequencing - Chronological & Logical Progression",AUDITED,VERIFIED,"","",2026-08-19T09:29:07.504Z
cmstwd59w008504l5cttrsew9,"Analytical Reasoning","Logical Sequencing - Chronological & Logical Progression",AUDITED,VERIFIED,"","",2026-08-19T09:29:07.532Z
cmstwd59w008604l53li6cxe9,"Analytical Reasoning","Logical Sequencing - Chronological & Logical Progression",AUDITED,VERIFIED,"","",2026-08-19T09:29:07.559Z
cmstwd59w008704l5575st3jq,"Analytical Reasoning","Logical Sequencing - Chronological & Logical Progression",AUDITED,VERIFIED,"","",2026-08-19T09:29:07.591Z
cmstwd59w008804l5yhkv1qag,"Analytical Reasoning","Logical Sequencing - Chronological & Logical Progression",AUDITED,VERIFIED,"","",2026-08-19T09:29:07.619Z
cmstwd59w008904l5q8a4hac3,"Analytical Reasoning","Logical Sequencing - Chronological & Logical Progression",AUDITED,VERIFIED,"","",2026-08-19T09:29:07.738Z
cmstwd59w008a04l51kkte0nw,"Analytical Reasoning","Logical Sequencing - Chronological & Logical Progression",AUDITED,VERIFIED,"","",2026-08-19T09:29:07.770Z
cmstwd59w008b04l52jsoy66g,"Analytical Reasoning","Logical Sequencing - Chronological & Logical Progression",AUDITED,VERIFIED,"","",2026-08-19T09:29:07.824Z
cmstwd59w008c04l5j53bw8yr,"Analytical Reasoning","Course of Action - Practical Administrative Solutions",AUDITED,MANUAL_REVIEW,"DUPLICATE_CHOICES","",2026-08-19T09:29:07.875Z
cmstwd59w008d04l5q9fr33ju,"Analytical Reasoning","Course of Action - Practical Administrative Solutions",AUDITED,MANUAL_REVIEW,"DUPLICATE_CHOICES","",2026-08-19T09:29:07.947Z
cmstwd59w008e04l5uavhgu1t,"Analytical Reasoning","Course of Action - Practical Administrative Solutions",AUDITED,MANUAL_REVIEW,"DUPLICATE_CHOICES","",2026-08-19T09:29:07.981Z
cmstwd59w008f04l5arlboy8y,"Analytical Reasoning","Course of Action - Practical Administrative Solutions",AUDITED,MANUAL_REVIEW,"DUPLICATE_CHOICES","",2026-08-19T09:29:08.010Z
cmstwd59w008g04l5c2046r97,"Analytical Reasoning","Course of Action - Practical Administrative Solutions",AUDITED,MANUAL_REVIEW,"DUPLICATE_CHOICES","",2026-08-19T09:29:08.040Z
cmstwd59w008h04l5wlcu8p4a,"Analytical Reasoning","Course of Action - Practical Administrative Solutions",AUDITED,MANUAL_REVIEW,"DUPLICATE_CHOICES","",2026-08-19T09:29:08.069Z
cmstwd59w008i04l5ekixn5d3,"Analytical Reasoning","Course of Action - Practical Administrative Solutions",AUDITED,MANUAL_REVIEW,"DUPLICATE_CHOICES","",2026-08-19T09:29:08.100Z
cmstwd59w008j04l5sn8s283w,"Analytical Reasoning","Course of Action - Practical Administrative Solutions",AUDITED,MANUAL_REVIEW,"DUPLICATE_CHOICES","",2026-08-19T09:29:08.130Z
cmstwd59w008k04l5q8idnzkl,"Analytical Reasoning","Course of Action - Practical Administrative Solutions",AUDITED,MANUAL_REVIEW,"DUPLICATE_CHOICES","",2026-08-19T09:29:08.161Z
cmstwd59w008l04l58h21hq6b,"Analytical Reasoning","Course of Action - Practical Administrative Solutions",AUDITED,MANUAL_REVIEW,"DUPLICATE_CHOICES","",2026-08-19T09:29:08.201Z
cmstwd59w008m04l5futuggc7,"Analytical Reasoning","Course of Action - Practical Administrative Solutions",AUDITED,MANUAL_REVIEW,"DUPLICATE_CHOICES","",2026-08-19T09:29:08.245Z
cmstwd59w008n04l5hv23pgn4,"Analytical Reasoning","Course of Action - Practical Administrative Solutions",AUDITED,MANUAL_REVIEW,"DUPLICATE_CHOICES","",2026-08-19T09:29:08.277Z
cmstwd59w008o04l5j42lwl6y,"Analytical Reasoning","Course of Action - Practical Administrative Solutions",AUDITED,MANUAL_REVIEW,"DUPLICATE_CHOICES","",2026-08-19T09:29:08.309Z
cmstwd59w008p04l5tnhnhl98,"Analytical Reasoning","Course of Action - Practical Administrative Solutions",AUDITED,MANUAL_REVIEW,"DUPLICATE_CHOICES","",2026-08-19T09:29:08.339Z
cmstwd59w008q04l5fzrsvuh1,"Analytical Reasoning","Course of Action - Practical Administrative Solutions",AUDITED,MANUAL_REVIEW,"DUPLICATE_CHOICES","",2026-08-19T09:29:08.370Z
cmstwd59w008r04l5lqdhbo6q,"Analytical Reasoning","Course of Action - Practical Administrative Solutions",AUDITED,MANUAL_REVIEW,"DUPLICATE_CHOICES","",2026-08-19T09:29:08.402Z
cmstwd59w008s04l5dqxkv3vx,"Analytical Reasoning","Course of Action - Practical Administrative Solutions",AUDITED,MANUAL_REVIEW,"DUPLICATE_CHOICES","",2026-08-19T09:29:08.434Z
cmstwd59w008t04l5xqn6tm52,"Analytical Reasoning","Course of Action - Practical Administrative Solutions",AUDITED,MANUAL_REVIEW,"DUPLICATE_CHOICES","",2026-08-19T09:29:08.463Z
cmstwd59w008u04l59qpwfe29,"Analytical Reasoning","Course of Action - Practical Administrative Solutions",AUDITED,MANUAL_REVIEW,"DUPLICATE_CHOICES","",2026-08-19T09:29:08.494Z
cmstwd59w008v04l5niuxt05l,"Analytical Reasoning","Course of Action - Practical Administrative Solutions",AUDITED,MANUAL_REVIEW,"DUPLICATE_CHOICES","",2026-08-19T09:29:08.526Z
cmstwd59w008w04l5h98l85t8,"Analytical Reasoning","Course of Action - Practical Administrative Solutions",AUDITED,MANUAL_REVIEW,"DUPLICATE_CHOICES","",2026-08-19T09:29:08.557Z
cmstwd59w008x04l5bklgdtgx,"Analytical Reasoning","Course of Action - Practical Administrative Solutions",AUDITED,MANUAL_REVIEW,"DUPLICATE_CHOICES","",2026-08-19T09:29:08.589Z
cmstwd59w008y04l5in2pfag9,"Analytical Reasoning","Course of Action - Practical Administrative Solutions",AUDITED,MANUAL_REVIEW,"DUPLICATE_CHOICES","",2026-08-19T09:29:08.620Z
cmstwd59w008z04l571790ddi,"Analytical Reasoning","Course of Action - Practical Administrative Solutions",AUDITED,MANUAL_REVIEW,"DUPLICATE_CHOICES","",2026-08-19T09:29:08.651Z
cmstwd59w009004l5tlnvgdv3,"Analytical Reasoning","Course of Action - Practical Administrative Solutions",AUDITED,MANUAL_REVIEW,"DUPLICATE_CHOICES","",2026-08-19T09:29:08.682Z
cmstwd59w009104l5ywml4z40,"Analytical Reasoning","Cause and Effect - Causal Relationships & Inferences",AUDITED,VERIFIED,"","",2026-08-19T09:29:08.711Z
cmstwd59w009204l548z3am13,"Analytical Reasoning","Cause and Effect - Causal Relationships & Inferences",AUDITED,VERIFIED,"","",2026-08-19T09:29:08.740Z
cmstwd59x009304l5es0y4twg,"Analytical Reasoning","Cause and Effect - Causal Relationships & Inferences",AUDITED,VERIFIED,"","",2026-08-19T09:29:08.768Z
cmstwd59x009404l515e673kf,"Analytical Reasoning","Cause and Effect - Causal Relationships & Inferences",AUDITED,VERIFIED,"","",2026-08-19T09:29:08.799Z
cmstwd59x009504l5lyf6kzwo,"Analytical Reasoning","Cause and Effect - Causal Relationships & Inferences",AUDITED,VERIFIED,"","",2026-08-19T09:29:08.826Z
cmstwd59x009604l5y8mtaqfk,"Analytical Reasoning","Cause and Effect - Causal Relationships & Inferences",AUDITED,VERIFIED,"","",2026-08-19T09:29:08.858Z
cmstwd59x009704l56j20cprz,"Analytical Reasoning","Cause and Effect - Causal Relationships & Inferences",AUDITED,VERIFIED,"","",2026-08-19T09:29:08.887Z
cmstwd59x009804l5n9k9o8w9,"Analytical Reasoning","Cause and Effect - Causal Relationships & Inferences",AUDITED,VERIFIED,"","",2026-08-19T09:29:08.916Z
cmstwd59x009904l5sbw40bvj,"Analytical Reasoning","Cause and Effect - Causal Relationships & Inferences",AUDITED,VERIFIED,"","",2026-08-19T09:29:08.945Z
cmstwd59x009a04l5btpv7ape,"Analytical Reasoning","Cause and Effect - Causal Relationships & Inferences",AUDITED,VERIFIED,"","",2026-08-19T09:29:08.977Z
cmstwd59x009b04l5ui7ueegf,"Analytical Reasoning","Cause and Effect - Causal Relationships & Inferences",AUDITED,VERIFIED,"","",2026-08-19T09:29:09.009Z
cmstwd59x009c04l5txymj7nz,"Analytical Reasoning","Cause and Effect - Causal Relationships & Inferences",AUDITED,VERIFIED,"","",2026-08-19T09:29:09.037Z
cmstwd59x009d04l55qt8c4yk,"Analytical Reasoning","Cause and Effect - Causal Relationships & Inferences",AUDITED,VERIFIED,"","",2026-08-19T09:29:09.064Z
cmstwd59x009e04l5p8natm1m,"Analytical Reasoning","Cause and Effect - Causal Relationships & Inferences",AUDITED,VERIFIED,"","",2026-08-19T09:29:09.096Z
cmstwd59x009f04l56ry14v13,"Analytical Reasoning","Cause and Effect - Causal Relationships & Inferences",AUDITED,VERIFIED,"","",2026-08-19T09:29:09.125Z
cmstwd59x009g04l5wtyeomvy,"Analytical Reasoning","Cause and Effect - Causal Relationships & Inferences",AUDITED,VERIFIED,"","",2026-08-19T09:29:09.157Z
cmstwd59x009h04l50x14gvrt,"Analytical Reasoning","Cause and Effect - Causal Relationships & Inferences",AUDITED,VERIFIED,"","",2026-08-19T09:29:09.188Z
cmstwd59x009i04l5vec3zamw,"Analytical Reasoning","Cause and Effect - Causal Relationships & Inferences",AUDITED,VERIFIED,"","",2026-08-19T09:29:09.219Z
cmstwd59x009j04l5xomdj6rn,"Analytical Reasoning","Cause and Effect - Causal Relationships & Inferences",AUDITED,VERIFIED,"","",2026-08-19T09:29:09.251Z
cmstwd59x009k04l5cyl648zl,"Analytical Reasoning","Cause and Effect - Causal Relationships & Inferences",AUDITED,VERIFIED,"","",2026-08-19T09:29:09.287Z
cmstwd59x009l04l59hi3wjqz,"Analytical Reasoning","Cause and Effect - Causal Relationships & Inferences",AUDITED,VERIFIED,"","",2026-08-19T09:29:09.314Z
cmstwd59x009m04l58y2vklla,"Analytical Reasoning","Cause and Effect - Causal Relationships & Inferences",AUDITED,VERIFIED,"","",2026-08-19T09:29:09.342Z
cmstwd59x009n04l50mq88vgy,"Analytical Reasoning","Cause and Effect - Causal Relationships & Inferences",AUDITED,VERIFIED,"","",2026-08-19T09:29:09.369Z
cmstwd59x009o04l5601hr1d9,"Analytical Reasoning","Cause and Effect - Causal Relationships & Inferences",AUDITED,VERIFIED,"","",2026-08-19T09:29:09.396Z
cmstwd59x009p04l55savzw0y,"Analytical Reasoning","Cause and Effect - Causal Relationships & Inferences",AUDITED,VERIFIED,"","",2026-08-19T09:29:09.433Z
cmstwd59x009q04l5qhly6ynl,"Analytical Reasoning","Statement and Argument - Strength of Logical Arguments",AUDITED,VERIFIED,"","",2026-08-19T09:29:09.464Z
cmstwd59x009r04l5m3bqsks7,"Analytical Reasoning","Statement and Argument - Strength of Logical Arguments",AUDITED,VERIFIED,"","",2026-08-19T09:29:09.495Z
cmstwd59x009s04l5d8q6g4q1,"Analytical Reasoning","Statement and Argument - Strength of Logical Arguments",AUDITED,VERIFIED,"","",2026-08-19T09:29:09.527Z
cmstwd59x009t04l56hrj01f0,"Analytical Reasoning","Statement and Argument - Strength of Logical Arguments",AUDITED,VERIFIED,"","",2026-08-19T09:29:09.560Z
cmstwd59x009u04l56cdt63vp,"Analytical Reasoning","Statement and Argument - Strength of Logical Arguments",AUDITED,VERIFIED,"","",2026-08-19T09:29:09.592Z
cmstwd59x009v04l5zg51zs89,"Analytical Reasoning","Statement and Argument - Strength of Logical Arguments",AUDITED,VERIFIED,"","",2026-08-19T09:29:09.624Z
cmstwd59x009w04l50dy1i0ma,"Analytical Reasoning","Statement and Argument - Strength of Logical Arguments",AUDITED,VERIFIED,"","",2026-08-19T09:29:09.652Z
cmstwd59x009x04l5cswxtpcf,"Analytical Reasoning","Statement and Argument - Strength of Logical Arguments",AUDITED,VERIFIED,"","",2026-08-19T09:29:09.679Z
cmstwd59x009y04l5tjohxchf,"Analytical Reasoning","Statement and Argument - Strength of Logical Arguments",AUDITED,VERIFIED,"","",2026-08-19T09:29:09.707Z
cmstwd59x009z04l5exapyp0u,"Analytical Reasoning","Statement and Argument - Strength of Logical Arguments",AUDITED,VERIFIED,"","",2026-08-19T09:29:09.735Z
cmstwd59x00a004l5crc5d4rw,"Analytical Reasoning","Statement and Argument - Strength of Logical Arguments",AUDITED,VERIFIED,"","",2026-08-19T09:29:09.762Z
cmstwd59x00a104l5cczxone9,"Analytical Reasoning","Statement and Argument - Strength of Logical Arguments",AUDITED,VERIFIED,"","",2026-08-19T09:29:09.793Z
cmstwd59x00a204l5rype0nvx,"Analytical Reasoning","Statement and Argument - Strength of Logical Arguments",AUDITED,VERIFIED,"","",2026-08-19T09:29:09.824Z
cmstwd59x00a304l54rcoruf0,"Analytical Reasoning","Statement and Argument - Strength of Logical Arguments",AUDITED,VERIFIED,"","",2026-08-19T09:29:09.856Z
cmstwd59x00a404l5olg6mrm2,"Analytical Reasoning","Statement and Argument - Strength of Logical Arguments",AUDITED,VERIFIED,"","",2026-08-19T09:29:09.890Z
cmstwd59x00a504l529yg9mha,"Analytical Reasoning","Statement and Argument - Strength of Logical Arguments",AUDITED,VERIFIED,"","",2026-08-19T09:29:09.922Z
cmstwd59x00a604l59v1ze85x,"Analytical Reasoning","Statement and Argument - Strength of Logical Arguments",AUDITED,VERIFIED,"","",2026-08-19T09:29:09.954Z
cmstwd59x00a704l5teed600q,"Analytical Reasoning","Statement and Argument - Strength of Logical Arguments",AUDITED,VERIFIED,"","",2026-08-19T09:29:09.985Z
cmstwd59x00a804l5iahlllzd,"Analytical Reasoning","Statement and Argument - Strength of Logical Arguments",AUDITED,VERIFIED,"","",2026-08-19T09:29:10.016Z
cmstwd59x00a904l5pg8fakix,"Analytical Reasoning","Statement and Argument - Strength of Logical Arguments",AUDITED,VERIFIED,"","",2026-08-19T09:29:10.046Z
cmstwd59x00aa04l5fz1951a5,"Analytical Reasoning","Statement and Argument - Strength of Logical Arguments",AUDITED,VERIFIED,"","",2026-08-19T09:29:10.077Z
cmstwd59x00ab04l587pf7lia,"Analytical Reasoning","Statement and Argument - Strength of Logical Arguments",AUDITED,VERIFIED,"","",2026-08-19T09:29:10.106Z
cmstwd59x00ac04l50a502rpw,"Analytical Reasoning","Statement and Argument - Strength of Logical Arguments",AUDITED,VERIFIED,"","",2026-08-19T09:29:10.136Z
cmstwd59x00ad04l5sml660kj,"Analytical Reasoning","Statement and Argument - Strength of Logical Arguments",AUDITED,VERIFIED,"","",2026-08-19T09:29:10.168Z
cmstwd59x00ae04l5c88gh0qk,"Analytical Reasoning","Statement and Argument - Strength of Logical Arguments",AUDITED,VERIFIED,"","",2026-08-19T09:29:10.200Z
cmstwd59x00af04l5lrv2xa1z,"Analytical Reasoning","Statement and Inference - Derived Inferences & Valid Deductions",AUDITED,VERIFIED,"","",2026-08-19T09:29:10.227Z
cmstwd59x00ag04l50nm5tbsw,"Analytical Reasoning","Statement and Inference - Derived Inferences & Valid Deductions",AUDITED,VERIFIED,"","",2026-08-19T09:29:10.257Z
cmstwd59x00ah04l5enzuaiht,"Analytical Reasoning","Statement and Inference - Derived Inferences & Valid Deductions",AUDITED,VERIFIED,"","",2026-08-19T09:29:10.287Z
cmstwd59x00bc04l5o6h9ra2l,"Analytical Reasoning","Statement and Assumption - Implicit Assumptions & Premises",AUDITED,VERIFIED,"","",2026-08-19T09:29:10.314Z
cmstwd59x00ai04l5h3m3o0jk,"Analytical Reasoning","Statement and Inference - Derived Inferences & Valid Deductions",AUDITED,VERIFIED,"","",2026-08-19T09:29:10.344Z
cmstwd59x00aj04l50g02k12p,"Analytical Reasoning","Statement and Inference - Derived Inferences & Valid Deductions",AUDITED,VERIFIED,"","",2026-08-19T09:29:10.372Z
cmstwd59x00ak04l5gvfawr0r,"Analytical Reasoning","Statement and Inference - Derived Inferences & Valid Deductions",AUDITED,VERIFIED,"","",2026-08-19T09:29:10.403Z
cmstwd59x00al04l5m1olvm25,"Analytical Reasoning","Statement and Inference - Derived Inferences & Valid Deductions",AUDITED,VERIFIED,"","",2026-08-19T09:29:10.433Z
cmstwd59x00am04l5q661b3b9,"Analytical Reasoning","Statement and Inference - Derived Inferences & Valid Deductions",AUDITED,VERIFIED,"","",2026-08-19T09:29:10.461Z
cmstwd59x00an04l5fs1kbxv5,"Analytical Reasoning","Statement and Inference - Derived Inferences & Valid Deductions",AUDITED,VERIFIED,"","",2026-08-19T09:29:10.494Z
cmstwd59x00ao04l5co2vee4a,"Analytical Reasoning","Statement and Inference - Derived Inferences & Valid Deductions",AUDITED,VERIFIED,"","",2026-08-19T09:29:10.526Z
cmstwd59x00ap04l5ed9kvjya,"Analytical Reasoning","Statement and Inference - Derived Inferences & Valid Deductions",AUDITED,VERIFIED,"","",2026-08-19T09:29:10.559Z
cmstwd59x00aq04l5zuefnmb3,"Analytical Reasoning","Statement and Inference - Derived Inferences & Valid Deductions",AUDITED,VERIFIED,"","",2026-08-19T09:29:10.589Z
cmstwd59x00ar04l5xosx54fz,"Analytical Reasoning","Statement and Inference - Derived Inferences & Valid Deductions",AUDITED,VERIFIED,"","",2026-08-19T09:29:10.619Z
cmstwd59x00as04l54o9pekh5,"Analytical Reasoning","Statement and Inference - Derived Inferences & Valid Deductions",AUDITED,VERIFIED,"","",2026-08-19T09:29:10.650Z
cmstwd59x00at04l5k0vukbcq,"Analytical Reasoning","Statement and Inference - Derived Inferences & Valid Deductions",AUDITED,VERIFIED,"","",2026-08-19T09:29:10.680Z
cmstwd59x00au04l5u7hkiuno,"Analytical Reasoning","Statement and Inference - Derived Inferences & Valid Deductions",AUDITED,VERIFIED,"","",2026-08-19T09:29:10.719Z
cmstwd59x00av04l5lj7j4lgp,"Analytical Reasoning","Statement and Inference - Derived Inferences & Valid Deductions",AUDITED,VERIFIED,"","",2026-08-19T09:29:10.758Z
cmstwd59x00aw04l593gmlugw,"Analytical Reasoning","Statement and Inference - Derived Inferences & Valid Deductions",AUDITED,VERIFIED,"","",2026-08-19T09:29:10.804Z
cmstwd59x00ax04l5wknixk4q,"Analytical Reasoning","Statement and Inference - Derived Inferences & Valid Deductions",AUDITED,VERIFIED,"","",2026-08-19T09:29:10.842Z
cmstwd59x00ay04l5h741ko19,"Analytical Reasoning","Statement and Inference - Derived Inferences & Valid Deductions",AUDITED,VERIFIED,"","",2026-08-19T09:29:10.888Z
cmstwd59x00az04l5vl5wa3me,"Analytical Reasoning","Statement and Inference - Derived Inferences & Valid Deductions",AUDITED,VERIFIED,"","",2026-08-19T09:29:10.928Z
cmstwd59x00b004l569fmyg1f,"Analytical Reasoning","Statement and Inference - Derived Inferences & Valid Deductions",AUDITED,VERIFIED,"","",2026-08-19T09:29:11.054Z
cmstwd59x00b104l55eh3m9uj,"Analytical Reasoning","Statement and Inference - Derived Inferences & Valid Deductions",AUDITED,VERIFIED,"","",2026-08-19T09:29:11.089Z
cmstwd59x00b204l5zgyx7e54,"Analytical Reasoning","Statement and Inference - Derived Inferences & Valid Deductions",AUDITED,VERIFIED,"","",2026-08-19T09:29:11.121Z
cmstwd59x00b304l5fomzy3rw,"Analytical Reasoning","Statement and Inference - Derived Inferences & Valid Deductions",AUDITED,VERIFIED,"","",2026-08-19T09:29:11.151Z
cmstwd59x00b404l5yxk71hjg,"Analytical Reasoning","Statement and Assumption - Implicit Assumptions & Premises",AUDITED,VERIFIED,"","",2026-08-19T09:29:11.188Z
cmstwd59x00b504l5361vvtpy,"Analytical Reasoning","Statement and Assumption - Implicit Assumptions & Premises",AUDITED,VERIFIED,"","",2026-08-19T09:29:11.222Z
cmstwd59x00b604l5mc2c4tc2,"Analytical Reasoning","Statement and Assumption - Implicit Assumptions & Premises",AUDITED,VERIFIED,"","",2026-08-19T09:29:11.254Z
cmstwd59x00b704l5sob64a7c,"Analytical Reasoning","Statement and Assumption - Implicit Assumptions & Premises",AUDITED,VERIFIED,"","",2026-08-19T09:29:11.283Z
cmstwd59x00b804l5m6fteuob,"Analytical Reasoning","Statement and Assumption - Implicit Assumptions & Premises",AUDITED,VERIFIED,"","",2026-08-19T09:29:11.312Z
cmstwd59x00b904l5i21ig654,"Analytical Reasoning","Statement and Assumption - Implicit Assumptions & Premises",AUDITED,VERIFIED,"","",2026-08-19T09:29:11.345Z
cmstwd59x00bb04l5qr2te5qt,"Analytical Reasoning","Statement and Assumption - Implicit Assumptions & Premises",AUDITED,VERIFIED,"","",2026-08-19T09:29:11.377Z
cmstwd59x00ba04l5tgqqgyru,"Analytical Reasoning","Statement and Assumption - Implicit Assumptions & Premises",AUDITED,VERIFIED,"","",2026-08-19T09:29:11.408Z
cmstwd59u003q04l510hx4071,"Analytical Reasoning","Data Sufficiency - Quantitative & Logical Adequacy",AUDITED,VERIFIED,"","",2026-08-19T09:29:11.439Z
cmstwd59u003m04l58822gw5x,"Analytical Reasoning","Data Sufficiency - Quantitative & Logical Adequacy",AUDITED,VERIFIED,"","",2026-08-19T09:29:11.471Z
cmstwd59u003r04l5p82k9lqk,"Analytical Reasoning","Data Sufficiency - Quantitative & Logical Adequacy",AUDITED,VERIFIED,"","",2026-08-19T09:29:11.498Z
cmstwd59u003s04l5e6cab1hw,"Analytical Reasoning","Data Sufficiency - Quantitative & Logical Adequacy",AUDITED,VERIFIED,"","",2026-08-19T09:29:11.531Z
cmstwd59u003l04l52v19amnd,"Analytical Reasoning","Data Sufficiency - Quantitative & Logical Adequacy",AUDITED,VERIFIED,"","",2026-08-19T09:29:11.560Z
cmstwd59u003t04l50g2fbjet,"Analytical Reasoning","Data Sufficiency - Quantitative & Logical Adequacy",AUDITED,VERIFIED,"","",2026-08-19T09:29:11.590Z
cmstwd59u003k04l5l0garwpv,"Analytical Reasoning","Data Sufficiency - Quantitative & Logical Adequacy",AUDITED,VERIFIED,"","",2026-08-19T09:29:11.621Z
cmstwd59u003u04l5h24ckxv6,"Analytical Reasoning","Data Sufficiency - Quantitative & Logical Adequacy",AUDITED,VERIFIED,"","",2026-08-19T09:29:11.652Z
cmstwd59u003v04l5l975b0n8,"Analytical Reasoning","Data Sufficiency - Quantitative & Logical Adequacy",AUDITED,VERIFIED,"","",2026-08-19T09:29:11.679Z
cmstwd59u003w04l55gp9fykj,"Analytical Reasoning","Data Sufficiency - Quantitative & Logical Adequacy",AUDITED,VERIFIED,"","",2026-08-19T09:29:11.706Z
cmstwd59u003j04l5fwm74l9b,"Analytical Reasoning","Data Sufficiency - Quantitative & Logical Adequacy",AUDITED,VERIFIED,"","",2026-08-19T09:29:11.732Z
cmstwd59u003i04l5zf0vy9ct,"Analytical Reasoning","Data Sufficiency - Quantitative & Logical Adequacy",AUDITED,VERIFIED,"","",2026-08-19T09:29:11.762Z
cmstwd59u003x04l5dx89eqgz,"Analytical Reasoning","Data Sufficiency - Quantitative & Logical Adequacy",AUDITED,VERIFIED,"","",2026-08-19T09:29:11.791Z
cmstwd59u003y04l5di1a88cv,"Analytical Reasoning","Data Sufficiency - Quantitative & Logical Adequacy",AUDITED,VERIFIED,"","",2026-08-19T09:29:11.821Z
cmstwd59u003h04l5ggsqceyr,"Analytical Reasoning","Data Sufficiency - Quantitative & Logical Adequacy",AUDITED,VERIFIED,"","",2026-08-19T09:29:11.851Z
cmstwd59u003z04l5jv5anbi3,"Analytical Reasoning","Data Sufficiency - Quantitative & Logical Adequacy",AUDITED,VERIFIED,"","",2026-08-19T09:29:11.883Z
cmstwd59u003g04l5vovvxrij,"Analytical Reasoning","Analytical Puzzles - Positional & Grid Constraint Deductions",AUDITED,VERIFIED,"","",2026-08-19T09:29:11.934Z
cmstwd59u003f04l5x36xbdqe,"Analytical Reasoning","Analytical Puzzles - Positional & Grid Constraint Deductions",AUDITED,VERIFIED,"","",2026-08-19T09:29:11.966Z
cmstwd59u003e04l531rsmtb5,"Analytical Reasoning","Analytical Puzzles - Positional & Grid Constraint Deductions",AUDITED,VERIFIED,"","",2026-08-19T09:29:11.999Z
cmstwd59u004004l573hs9gpl,"Analytical Reasoning","Data Sufficiency - Quantitative & Logical Adequacy",AUDITED,VERIFIED,"","",2026-08-19T09:29:12.028Z
cmstwd59u003d04l52lqsgu10,"Analytical Reasoning","Analytical Puzzles - Positional & Grid Constraint Deductions",AUDITED,VERIFIED,"","",2026-08-19T09:29:12.059Z
cmstwd59u003c04l5mnjjcxnv,"Analytical Reasoning","Analytical Puzzles - Positional & Grid Constraint Deductions",AUDITED,VERIFIED,"","",2026-08-19T09:29:12.092Z
cmstwd59u003b04l5559zv6u0,"Analytical Reasoning","Analytical Puzzles - Positional & Grid Constraint Deductions",AUDITED,VERIFIED,"","",2026-08-19T09:29:12.123Z
cmstwd59u003a04l5q38lsmdp,"Analytical Reasoning","Analytical Puzzles - Positional & Grid Constraint Deductions",AUDITED,VERIFIED,"","",2026-08-19T09:29:12.154Z
cmstwd59u003904l5wk0vzlbe,"Analytical Reasoning","Analytical Puzzles - Positional & Grid Constraint Deductions",AUDITED,VERIFIED,"","",2026-08-19T09:29:12.185Z
cmstwd59u003804l5xdehpr3v,"Analytical Reasoning","Analytical Puzzles - Positional & Grid Constraint Deductions",AUDITED,VERIFIED,"","",2026-08-19T09:29:12.216Z
cmstwd59u004104l5nog28xn3,"Analytical Reasoning","Data Sufficiency - Quantitative & Logical Adequacy",AUDITED,VERIFIED,"","",2026-08-19T09:29:12.246Z
cmstwd59u004204l50v06lina,"Analytical Reasoning","Data Sufficiency - Quantitative & Logical Adequacy",AUDITED,VERIFIED,"","",2026-08-19T09:29:12.275Z
cmstwd59u003704l52x8w2u1q,"Analytical Reasoning","Analytical Puzzles - Positional & Grid Constraint Deductions",AUDITED,VERIFIED,"","",2026-08-19T09:29:12.306Z
cmstwd59u004304l5idtoxq7s,"Analytical Reasoning","Data Sufficiency - Quantitative & Logical Adequacy",AUDITED,VERIFIED,"","",2026-08-19T09:29:12.336Z
cmstwd59u003604l5j7yu241d,"Analytical Reasoning","Analytical Puzzles - Positional & Grid Constraint Deductions",AUDITED,VERIFIED,"","",2026-08-19T09:29:12.363Z
cmstwd59u004404l5a4qtyj7h,"Analytical Reasoning","Data Sufficiency - Quantitative & Logical Adequacy",AUDITED,VERIFIED,"","",2026-08-19T09:29:12.390Z
cmstwd59u003504l58b5rnnpd,"Analytical Reasoning","Analytical Puzzles - Positional & Grid Constraint Deductions",AUDITED,VERIFIED,"","",2026-08-19T09:29:12.421Z
cmstwd59u003404l56fxu0r86,"Analytical Reasoning","Analytical Puzzles - Positional & Grid Constraint Deductions",AUDITED,VERIFIED,"","",2026-08-19T09:29:12.451Z
cmstwd59u003304l58kzdx6us,"Analytical Reasoning","Analytical Puzzles - Positional & Grid Constraint Deductions",AUDITED,VERIFIED,"","",2026-08-19T09:29:12.481Z
cmstwd59u004504l56aya2gsp,"Analytical Reasoning","Data Sufficiency - Quantitative & Logical Adequacy",AUDITED,VERIFIED,"","",2026-08-19T09:29:12.511Z
cmstwd59u004604l5a4svkfez,"Analytical Reasoning","Input-Output Logic - Sequential Transformation Patterns",AUDITED,VERIFIED,"","",2026-08-19T09:29:12.541Z
cmstwd59u003204l5gtb8nrls,"Analytical Reasoning","Analytical Puzzles - Positional & Grid Constraint Deductions",AUDITED,VERIFIED,"","",2026-08-19T09:29:12.573Z
cmstwd59u003104l55fbottgl,"Analytical Reasoning","Analytical Puzzles - Positional & Grid Constraint Deductions",AUDITED,VERIFIED,"","",2026-08-19T09:29:12.604Z
cmstwd59u003004l5v6wt13a4,"Analytical Reasoning","Analytical Puzzles - Positional & Grid Constraint Deductions",AUDITED,VERIFIED,"","",2026-08-19T09:29:12.632Z
cmstwd59u002z04l5ilmy4kn0,"Analytical Reasoning","Analytical Puzzles - Positional & Grid Constraint Deductions",AUDITED,VERIFIED,"","",2026-08-19T09:29:12.663Z
cmstwd59u004704l5ichixxm3,"Analytical Reasoning","Input-Output Logic - Sequential Transformation Patterns",AUDITED,VERIFIED,"","",2026-08-19T09:29:12.694Z
cmstwd59u002y04l5iu8zugh3,"Analytical Reasoning","Analytical Puzzles - Positional & Grid Constraint Deductions",AUDITED,VERIFIED,"","",2026-08-19T09:29:12.724Z
cmstwd59u004804l59ranyb3h,"Analytical Reasoning","Input-Output Logic - Sequential Transformation Patterns",AUDITED,VERIFIED,"","",2026-08-19T09:29:12.751Z
cmstwd59u004904l5i7ao7cyj,"Analytical Reasoning","Input-Output Logic - Sequential Transformation Patterns",AUDITED,VERIFIED,"","",2026-08-19T09:29:12.780Z
cmstwd59u002x04l5m7k7qiht,"Analytical Reasoning","Analytical Puzzles - Positional & Grid Constraint Deductions",AUDITED,VERIFIED,"","",2026-08-19T09:29:12.810Z
cmstwd59u002w04l5uriq08cw,"Analytical Reasoning","Analytical Puzzles - Positional & Grid Constraint Deductions",AUDITED,VERIFIED,"","",2026-08-19T09:29:12.837Z
cmstwd59u002v04l5xzfjdw2z,"Analytical Reasoning","Analytical Puzzles - Positional & Grid Constraint Deductions",AUDITED,VERIFIED,"","",2026-08-19T09:29:12.865Z
cmstwd59u004a04l53vnesblw,"Analytical Reasoning","Input-Output Logic - Sequential Transformation Patterns",AUDITED,VERIFIED,"","",2026-08-19T09:29:12.892Z
cmstwd59u002u04l5llz1jd8k,"Analytical Reasoning","Analytical Puzzles - Positional & Grid Constraint Deductions",AUDITED,VERIFIED,"","",2026-08-19T09:29:12.921Z
cmstwd59u002t04l5ah4a1way,"Analytical Reasoning","Analytical Puzzles - Positional & Grid Constraint Deductions",AUDITED,VERIFIED,"","",2026-08-19T09:29:12.951Z
cmstwd59u004b04l5f8cqn2mp,"Analytical Reasoning","Input-Output Logic - Sequential Transformation Patterns",AUDITED,VERIFIED,"","",2026-08-19T09:29:12.981Z
cmstwd59u002s04l539vku1t8,"Analytical Reasoning","Analytical Puzzles - Positional & Grid Constraint Deductions",AUDITED,VERIFIED,"","",2026-08-19T09:29:13.012Z
cmstwd59u002r04l51biazi9r,"Analytical Reasoning","Calendar and Clock Problems - Temporal Logic & Intervals",AUDITED,VERIFIED,"","",2026-08-19T09:29:13.039Z
cmstwd59u002q04l5ep3dn1nz,"Analytical Reasoning","Calendar and Clock Problems - Temporal Logic & Intervals",AUDITED,VERIFIED,"","",2026-08-19T09:29:13.065Z
cmstwd59u004c04l5utg84031,"Analytical Reasoning","Input-Output Logic - Sequential Transformation Patterns",AUDITED,VERIFIED,"","",2026-08-19T09:29:13.097Z
cmstwd59u002p04l57vkyn87j,"Analytical Reasoning","Calendar and Clock Problems - Temporal Logic & Intervals",AUDITED,VERIFIED,"","",2026-08-19T09:29:13.128Z
cmstwd59t002o04l55vovnx7n,"Analytical Reasoning","Calendar and Clock Problems - Temporal Logic & Intervals",AUDITED,VERIFIED,"","",2026-08-19T09:29:13.160Z
cmstwd59t002n04l5mt3ovgrm,"Analytical Reasoning","Calendar and Clock Problems - Temporal Logic & Intervals",AUDITED,VERIFIED,"","",2026-08-19T09:29:13.189Z
cmstwd59u004d04l55apknzpx,"Analytical Reasoning","Input-Output Logic - Sequential Transformation Patterns",AUDITED,VERIFIED,"","",2026-08-19T09:29:13.218Z
cmstwd59t002m04l5narx63ep,"Analytical Reasoning","Calendar and Clock Problems - Temporal Logic & Intervals",AUDITED,VERIFIED,"","",2026-08-19T09:29:13.249Z
cmstwd59t002l04l5udfncuhz,"Analytical Reasoning","Calendar and Clock Problems - Temporal Logic & Intervals",AUDITED,VERIFIED,"","",2026-08-19T09:29:13.276Z
cmstwd59t002k04l5p3eov17z,"Analytical Reasoning","Calendar and Clock Problems - Temporal Logic & Intervals",AUDITED,VERIFIED,"","",2026-08-19T09:29:13.303Z
cmstwd59t002j04l5549dsdky,"Analytical Reasoning","Calendar and Clock Problems - Temporal Logic & Intervals",AUDITED,VERIFIED,"","",2026-08-19T09:29:13.329Z
cmstwd59u004e04l5uw0dubt2,"Analytical Reasoning","Input-Output Logic - Sequential Transformation Patterns",AUDITED,VERIFIED,"","",2026-08-19T09:29:13.359Z
cmstwd59t002i04l5d5lgprde,"Analytical Reasoning","Calendar and Clock Problems - Temporal Logic & Intervals",AUDITED,VERIFIED,"","",2026-08-19T09:29:13.385Z
cmstwd59t002h04l56pgv53hk,"Analytical Reasoning","Calendar and Clock Problems - Temporal Logic & Intervals",AUDITED,VERIFIED,"","",2026-08-19T09:29:13.411Z
cmstwd59u004f04l5mn93puei,"Analytical Reasoning","Input-Output Logic - Sequential Transformation Patterns",AUDITED,VERIFIED,"","",2026-08-19T09:29:13.441Z
cmstwd59u004g04l5i3d2d5pj,"Analytical Reasoning","Input-Output Logic - Sequential Transformation Patterns",AUDITED,VERIFIED,"","",2026-08-19T09:29:13.472Z
cmstwd59t002g04l55irec4fj,"Analytical Reasoning","Calendar and Clock Problems - Temporal Logic & Intervals",AUDITED,VERIFIED,"","",2026-08-19T09:29:13.500Z
cmstwd59t002f04l59zb1a685,"Analytical Reasoning","Calendar and Clock Problems - Temporal Logic & Intervals",AUDITED,VERIFIED,"","",2026-08-19T09:29:13.528Z
cmstwd59u004h04l5n7ykm8bj,"Analytical Reasoning","Input-Output Logic - Sequential Transformation Patterns",AUDITED,VERIFIED,"","",2026-08-19T09:29:13.556Z
cmstwd59t002e04l5y0ug5wv8,"Analytical Reasoning","Calendar and Clock Problems - Temporal Logic & Intervals",AUDITED,VERIFIED,"","",2026-08-19T09:29:13.583Z
cmstwd59t002d04l5i9g4iomb,"Analytical Reasoning","Calendar and Clock Problems - Temporal Logic & Intervals",AUDITED,VERIFIED,"","",2026-08-19T09:29:13.612Z
cmstwd59t002c04l5hfrg7wnl,"Analytical Reasoning","Calendar and Clock Problems - Temporal Logic & Intervals",AUDITED,VERIFIED,"","",2026-08-19T09:29:13.641Z
cmstwdq0u00m004l5xq0kgdjm,"Verbal Ability","Sentence Completion - Contextual Clues & Collocations",AUDITED,VERIFIED,"","",2026-08-19T09:29:13.667Z
cmstwdq0s00hi04l5yw8hz4nb,"Verbal Ability","Active and Passive Voice - Voice Transformations & Syntax",AUDITED,VERIFIED,"","",2026-08-19T09:29:13.694Z
cmstwdq0s00hj04l5mrz0o2cc,"Verbal Ability","Active and Passive Voice - Voice Transformations & Syntax",AUDITED,VERIFIED,"","",2026-08-19T09:29:13.723Z
cmstwdq0s00hk04l5uxmkys2x,"Verbal Ability","Active and Passive Voice - Voice Transformations & Syntax",AUDITED,VERIFIED,"","",2026-08-19T09:29:13.750Z
cmstwdq0s00hl04l5o5nnflm5,"Verbal Ability","Active and Passive Voice - Voice Transformations & Syntax",AUDITED,VERIFIED,"","",2026-08-19T09:29:13.777Z
cmstwdq0s00hm04l5tnj062is,"Verbal Ability","Active and Passive Voice - Voice Transformations & Syntax",AUDITED,VERIFIED,"","",2026-08-19T09:29:13.807Z
cmstwdq0s00hn04l58qhiogi4,"Verbal Ability","Active and Passive Voice - Voice Transformations & Syntax",AUDITED,VERIFIED,"","",2026-08-19T09:29:13.845Z
cmstwdq0s00ho04l5kz4hv3z2,"Verbal Ability","Active and Passive Voice - Voice Transformations & Syntax",AUDITED,VERIFIED,"","",2026-08-19T09:29:13.899Z
cmstwdq0s00hp04l5pxemc1yp,"Verbal Ability","Active and Passive Voice - Voice Transformations & Syntax",AUDITED,VERIFIED,"","",2026-08-19T09:29:13.937Z
cmstwdq0s00hq04l5m5bd2pzl,"Verbal Ability","Active and Passive Voice - Voice Transformations & Syntax",AUDITED,VERIFIED,"","",2026-08-19T09:29:13.982Z
cmstwdq0s00hr04l5nq8tku0h,"Verbal Ability","Active and Passive Voice - Voice Transformations & Syntax",AUDITED,VERIFIED,"","",2026-08-19T09:29:14.010Z
cmstwdq0s00hs04l5gj5ybdut,"Verbal Ability","Active and Passive Voice - Voice Transformations & Syntax",AUDITED,VERIFIED,"","",2026-08-19T09:29:14.028Z
cmstwdq0s00ht04l5fr8177br,"Verbal Ability","Active and Passive Voice - Voice Transformations & Syntax",AUDITED,VERIFIED,"","",2026-08-19T09:29:14.054Z
cmstwdq0s00hu04l51c5ddndp,"Verbal Ability","Active and Passive Voice - Voice Transformations & Syntax",AUDITED,VERIFIED,"","",2026-08-19T09:29:14.177Z
cmstwdq0s00hv04l5kae7u2cm,"Verbal Ability","Active and Passive Voice - Voice Transformations & Syntax",AUDITED,VERIFIED,"","",2026-08-19T09:29:14.210Z
cmstwdq0s00hw04l5xs0l25ia,"Verbal Ability","Active and Passive Voice - Voice Transformations & Syntax",AUDITED,VERIFIED,"","",2026-08-19T09:29:14.238Z
cmstwdq0s00hx04l522mjyszz,"Verbal Ability","Active and Passive Voice - Voice Transformations & Syntax",AUDITED,VERIFIED,"","",2026-08-19T09:29:14.264Z
cmstwdq0s00hy04l5e5dcnx3b,"Verbal Ability","Active and Passive Voice - Voice Transformations & Syntax",AUDITED,VERIFIED,"","",2026-08-19T09:29:14.292Z
cmstwdq0s00hz04l52qc84g7g,"Verbal Ability","Active and Passive Voice - Voice Transformations & Syntax",AUDITED,VERIFIED,"","",2026-08-19T09:29:14.320Z
cmstwdq0s00i004l5jag9qrom,"Verbal Ability","Active and Passive Voice - Voice Transformations & Syntax",AUDITED,VERIFIED,"","",2026-08-19T09:29:14.347Z
cmstwdq0s00i104l5e6so3zl9,"Verbal Ability","Active and Passive Voice - Voice Transformations & Syntax",AUDITED,VERIFIED,"","",2026-08-19T09:29:14.374Z
cmstwdq0t00i204l54q7wge6p,"Verbal Ability","Active and Passive Voice - Voice Transformations & Syntax",AUDITED,VERIFIED,"","",2026-08-19T09:29:14.401Z
cmstwdq0t00i304l5rnyy3aoi,"Verbal Ability","Verb Tenses - Aspect, Sequence & Conditionals",AUDITED,VERIFIED,"","",2026-08-19T09:29:14.428Z
cmstwdq0t00i404l5hqt10kxx,"Verbal Ability","Verb Tenses - Aspect, Sequence & Conditionals",AUDITED,VERIFIED,"","",2026-08-19T09:29:14.459Z
cmstwdq0t00i504l5qlncww1i,"Verbal Ability","Verb Tenses - Aspect, Sequence & Conditionals",AUDITED,VERIFIED,"","",2026-08-19T09:29:14.484Z
cmstwdq0t00i604l59x57ahrz,"Verbal Ability","Verb Tenses - Aspect, Sequence & Conditionals",AUDITED,VERIFIED,"","",2026-08-19T09:29:14.512Z
cmstwdq0t00i704l5z96s920x,"Verbal Ability","Verb Tenses - Aspect, Sequence & Conditionals",AUDITED,VERIFIED,"","",2026-08-19T09:29:14.538Z
cmstwdq0t00i804l5m2vcfpvw,"Verbal Ability","Verb Tenses - Aspect, Sequence & Conditionals",AUDITED,VERIFIED,"","",2026-08-19T09:29:14.564Z
cmstwdq0t00i904l51za1suvm,"Verbal Ability","Verb Tenses - Aspect, Sequence & Conditionals",AUDITED,VERIFIED,"","",2026-08-19T09:29:14.591Z
cmstwdq0t00ia04l5xp8ujhg9,"Verbal Ability","Verb Tenses - Aspect, Sequence & Conditionals",AUDITED,VERIFIED,"","",2026-08-19T09:29:14.616Z
cmstwdq0t00ib04l5pw3lqiez,"Verbal Ability","Verb Tenses - Aspect, Sequence & Conditionals",AUDITED,VERIFIED,"","",2026-08-19T09:29:14.644Z
cmstwdq0t00ic04l5z0y7hot7,"Verbal Ability","Verb Tenses - Aspect, Sequence & Conditionals",AUDITED,VERIFIED,"","",2026-08-19T09:29:14.670Z
cmstwdq0t00id04l5kxlbip4n,"Verbal Ability","Verb Tenses - Aspect, Sequence & Conditionals",AUDITED,VERIFIED,"","",2026-08-19T09:29:14.697Z
cmstwdq0t00ie04l5nodvw4je,"Verbal Ability","Verb Tenses - Aspect, Sequence & Conditionals",AUDITED,VERIFIED,"","",2026-08-19T09:29:14.725Z
cmstwdq0t00if04l5o31i6hgy,"Verbal Ability","Verb Tenses - Aspect, Sequence & Conditionals",AUDITED,VERIFIED,"","",2026-08-19T09:29:14.751Z
cmstwdq0t00ig04l563i3s51l,"Verbal Ability","Verb Tenses - Aspect, Sequence & Conditionals",AUDITED,VERIFIED,"","",2026-08-19T09:29:14.783Z
cmstwdq0t00ih04l5aar3urjb,"Verbal Ability","Verb Tenses - Aspect, Sequence & Conditionals",AUDITED,VERIFIED,"","",2026-08-19T09:29:14.812Z
cmstwdq0t00ii04l53tuoh7eh,"Verbal Ability","Verb Tenses - Aspect, Sequence & Conditionals",AUDITED,VERIFIED,"","",2026-08-19T09:29:14.842Z
cmstwdq0t00ij04l5vts7fgeb,"Verbal Ability","Verb Tenses - Aspect, Sequence & Conditionals",AUDITED,VERIFIED,"","",2026-08-19T09:29:14.868Z
cmstwdq0t00ik04l5focqwvoz,"Verbal Ability","Verb Tenses - Aspect, Sequence & Conditionals",AUDITED,VERIFIED,"","",2026-08-19T09:29:14.897Z
cmstwdq0t00il04l5mtsfscy0,"Verbal Ability","Verb Tenses - Aspect, Sequence & Conditionals",AUDITED,VERIFIED,"","",2026-08-19T09:29:14.926Z
cmstwdq0t00im04l5kr39tghs,"Verbal Ability","Verb Tenses - Aspect, Sequence & Conditionals",AUDITED,VERIFIED,"","",2026-08-19T09:29:14.955Z
cmstwdq0t00in04l5ttv06dhl,"Verbal Ability","Verb Tenses - Aspect, Sequence & Conditionals",AUDITED,VERIFIED,"","",2026-08-19T09:29:14.985Z
cmstwdq0t00io04l5cfti25i5,"Verbal Ability","Verb Tenses - Aspect, Sequence & Conditionals",AUDITED,VERIFIED,"","",2026-08-19T09:29:15.015Z
cmstwdq0t00ip04l5dbpswjkh,"Verbal Ability","Verb Tenses - Aspect, Sequence & Conditionals",AUDITED,VERIFIED,"","",2026-08-19T09:29:15.045Z
cmstwdq0t00iq04l5fw1bfixr,"Verbal Ability","Verb Tenses - Aspect, Sequence & Conditionals",AUDITED,VERIFIED,"","",2026-08-19T09:29:15.075Z
cmstwdq0t00ir04l5vtmg6blw,"Verbal Ability","Verb Tenses - Aspect, Sequence & Conditionals",AUDITED,VERIFIED,"","",2026-08-19T09:29:15.104Z
cmstwdq0t00is04l5qks0pewc,"Verbal Ability","Subject-Verb Agreement - Number Concord & Collective Nouns",AUDITED,VERIFIED,"","",2026-08-19T09:29:15.130Z
cmstwdq0t00it04l5i3js64ww,"Verbal Ability","Subject-Verb Agreement - Number Concord & Collective Nouns",AUDITED,VERIFIED,"","",2026-08-19T09:29:15.158Z
cmstwdq0t00iu04l5igizrcep,"Verbal Ability","Subject-Verb Agreement - Number Concord & Collective Nouns",AUDITED,VERIFIED,"","",2026-08-19T09:29:15.184Z
cmstwdq0t00iv04l5hemffux5,"Verbal Ability","Subject-Verb Agreement - Number Concord & Collective Nouns",AUDITED,VERIFIED,"","",2026-08-19T09:29:15.211Z
cmstwdq0t00iw04l5jogfylqg,"Verbal Ability","Subject-Verb Agreement - Number Concord & Collective Nouns",AUDITED,VERIFIED,"","",2026-08-19T09:29:15.238Z
cmstwdq0t00ix04l5e83gr0g3,"Verbal Ability","Subject-Verb Agreement - Number Concord & Collective Nouns",AUDITED,VERIFIED,"","",2026-08-19T09:29:15.265Z
cmstwdq0t00iy04l563qmhxvo,"Verbal Ability","Subject-Verb Agreement - Number Concord & Collective Nouns",AUDITED,VERIFIED,"","",2026-08-19T09:29:15.292Z
cmstwdq0t00iz04l5f9g8gnxx,"Verbal Ability","Subject-Verb Agreement - Number Concord & Collective Nouns",AUDITED,VERIFIED,"","",2026-08-19T09:29:15.318Z
cmstwdq0t00j004l535xyyu7k,"Verbal Ability","Subject-Verb Agreement - Number Concord & Collective Nouns",AUDITED,VERIFIED,"","",2026-08-19T09:29:15.345Z
cmstwdq0t00j104l5ydf1vqsb,"Verbal Ability","Subject-Verb Agreement - Number Concord & Collective Nouns",AUDITED,VERIFIED,"","",2026-08-19T09:29:15.374Z
cmstwdq0t00j204l5go2b7r24,"Verbal Ability","Subject-Verb Agreement - Number Concord & Collective Nouns",AUDITED,VERIFIED,"","",2026-08-19T09:29:15.402Z
cmstwdq0t00j304l5z7ft6tsw,"Verbal Ability","Subject-Verb Agreement - Number Concord & Collective Nouns",AUDITED,VERIFIED,"","",2026-08-19T09:29:15.432Z
cmstwdq0t00j404l57t5lan9y,"Verbal Ability","Subject-Verb Agreement - Number Concord & Collective Nouns",AUDITED,VERIFIED,"","",2026-08-19T09:29:15.458Z
cmstwdq0t00j504l5jfs28a51,"Verbal Ability","Subject-Verb Agreement - Number Concord & Collective Nouns",AUDITED,VERIFIED,"","",2026-08-19T09:29:15.485Z
cmstwdq0t00j604l5a4wiiodv,"Verbal Ability","Subject-Verb Agreement - Number Concord & Collective Nouns",AUDITED,VERIFIED,"","",2026-08-19T09:29:15.512Z
cmstwdq0t00j704l57isa2se1,"Verbal Ability","Subject-Verb Agreement - Number Concord & Collective Nouns",AUDITED,VERIFIED,"","",2026-08-19T09:29:15.539Z
cmstwdq0t00j804l5039kueap,"Verbal Ability","Subject-Verb Agreement - Number Concord & Collective Nouns",AUDITED,VERIFIED,"","",2026-08-19T09:29:15.564Z
cmstwdq0t00j904l539lj3br3,"Verbal Ability","Subject-Verb Agreement - Number Concord & Collective Nouns",AUDITED,VERIFIED,"","",2026-08-19T09:29:15.592Z
cmstwdq0t00ja04l5w95tmr6c,"Verbal Ability","Subject-Verb Agreement - Number Concord & Collective Nouns",AUDITED,VERIFIED,"","",2026-08-19T09:29:15.619Z
cmstwdq0t00jb04l57gcwu4bh,"Verbal Ability","Subject-Verb Agreement - Number Concord & Collective Nouns",AUDITED,VERIFIED,"","",2026-08-19T09:29:15.647Z
cmstwdq0t00jc04l5vg33jr8t,"Verbal Ability","Subject-Verb Agreement - Number Concord & Collective Nouns",AUDITED,VERIFIED,"","",2026-08-19T09:29:15.674Z
cmstwdq0t00jd04l5xieqt85p,"Verbal Ability","Subject-Verb Agreement - Number Concord & Collective Nouns",AUDITED,VERIFIED,"","",2026-08-19T09:29:15.700Z
cmstwdq0t00je04l5ovinmtl3,"Verbal Ability","Subject-Verb Agreement - Number Concord & Collective Nouns",AUDITED,VERIFIED,"","",2026-08-19T09:29:15.728Z
cmstwdq0t00jf04l5pj4pv6j7,"Verbal Ability","Subject-Verb Agreement - Number Concord & Collective Nouns",AUDITED,VERIFIED,"","",2026-08-19T09:29:15.754Z
cmstwdq0t00jg04l53ojfrxx3,"Verbal Ability","Subject-Verb Agreement - Number Concord & Collective Nouns",AUDITED,VERIFIED,"","",2026-08-19T09:29:15.781Z
cmstwdq0t00jh04l5ezytkxvw,"Verbal Ability","Grammar and Usage - Parts of Speech & Standard Rules",AUDITED,VERIFIED,"","",2026-08-19T09:29:15.810Z
cmstwdq0t00ji04l5xegsx1yt,"Verbal Ability","Grammar and Usage - Parts of Speech & Standard Rules",AUDITED,VERIFIED,"","",2026-08-19T09:29:15.830Z
cmstwdq0t00jj04l5z937vcit,"Verbal Ability","Grammar and Usage - Parts of Speech & Standard Rules",AUDITED,VERIFIED,"","",2026-08-19T09:29:15.858Z
cmstwdq0t00jk04l5deshnv82,"Verbal Ability","Grammar and Usage - Parts of Speech & Standard Rules",AUDITED,VERIFIED,"","",2026-08-19T09:29:15.886Z
cmstwdq0t00jl04l5kmnblg8y,"Verbal Ability","Grammar and Usage - Parts of Speech & Standard Rules",AUDITED,VERIFIED,"","",2026-08-19T09:29:15.914Z
cmstwdq0t00jm04l59f9xulki,"Verbal Ability","Grammar and Usage - Parts of Speech & Standard Rules",AUDITED,VERIFIED,"","",2026-08-19T09:29:15.941Z
cmstwdq0t00jn04l5z4vunk4k,"Verbal Ability","Grammar and Usage - Parts of Speech & Standard Rules",AUDITED,VERIFIED,"","",2026-08-19T09:29:15.960Z
cmstwdq0t00jo04l59cazpv3p,"Verbal Ability","Grammar and Usage - Parts of Speech & Standard Rules",AUDITED,VERIFIED,"","",2026-08-19T09:29:15.979Z
cmstwdq0t00jp04l5xn2nvfyp,"Verbal Ability","Grammar and Usage - Parts of Speech & Standard Rules",AUDITED,VERIFIED,"","",2026-08-19T09:29:15.997Z
cmstwdq0t00jq04l5sw94jj6s,"Verbal Ability","Grammar and Usage - Parts of Speech & Standard Rules",AUDITED,VERIFIED,"","",2026-08-19T09:29:16.023Z
cmstwdq0t00jr04l5b1uwjo4e,"Verbal Ability","Grammar and Usage - Parts of Speech & Standard Rules",AUDITED,VERIFIED,"","",2026-08-19T09:29:16.041Z
cmstwdq0t00js04l50dved135,"Verbal Ability","Grammar and Usage - Parts of Speech & Standard Rules",AUDITED,VERIFIED,"","",2026-08-19T09:29:16.068Z
cmstwdq0t00jt04l51rhykc9x,"Verbal Ability","Grammar and Usage - Parts of Speech & Standard Rules",AUDITED,VERIFIED,"","",2026-08-19T09:29:16.096Z
cmstwdq0t00ju04l50ebft43k,"Verbal Ability","Grammar and Usage - Parts of Speech & Standard Rules",AUDITED,VERIFIED,"","",2026-08-19T09:29:16.123Z
cmstwdq0t00jv04l5454vm0q5,"Verbal Ability","Grammar and Usage - Parts of Speech & Standard Rules",AUDITED,VERIFIED,"","",2026-08-19T09:29:16.149Z
cmstwdq0t00jw04l53lfwum0n,"Verbal Ability","Grammar and Usage - Parts of Speech & Standard Rules",AUDITED,VERIFIED,"","",2026-08-19T09:29:16.167Z
cmstwdq0t00jx04l5wofvp6uk,"Verbal Ability","Grammar and Usage - Parts of Speech & Standard Rules",AUDITED,VERIFIED,"","",2026-08-19T09:29:16.194Z
cmstwdq0t00jy04l5gn5erhiv,"Verbal Ability","Grammar and Usage - Parts of Speech & Standard Rules",AUDITED,VERIFIED,"","",2026-08-19T09:29:16.212Z
cmstwdq0t00jz04l5yr375cbd,"Verbal Ability","Grammar and Usage - Parts of Speech & Standard Rules",AUDITED,VERIFIED,"","",2026-08-19T09:29:16.238Z
cmstwdq0t00k004l51mz2yp7j,"Verbal Ability","Grammar and Usage - Parts of Speech & Standard Rules",AUDITED,VERIFIED,"","",2026-08-19T09:29:16.257Z
cmstwdq0t00k104l5jja1sf3r,"Verbal Ability","Grammar and Usage - Parts of Speech & Standard Rules",AUDITED,VERIFIED,"","",2026-08-19T09:29:16.282Z
cmstwdq0t00k204l5jvgawy3s,"Verbal Ability","Grammar and Usage - Parts of Speech & Standard Rules",AUDITED,VERIFIED,"","",2026-08-19T09:29:16.309Z
cmstwdq0t00k304l5t1vziatl,"Verbal Ability","Grammar and Usage - Parts of Speech & Standard Rules",AUDITED,VERIFIED,"","",2026-08-19T09:29:16.336Z
cmstwdq0t00k404l5jex835hz,"Verbal Ability","Grammar and Usage - Parts of Speech & Standard Rules",AUDITED,VERIFIED,"","",2026-08-19T09:29:16.365Z
cmstwdq0t00k504l54te6ey7e,"Verbal Ability","Grammar and Usage - Parts of Speech & Standard Rules",AUDITED,VERIFIED,"","",2026-08-19T09:29:16.397Z
cmstwdq0t00k604l5m7nbnqjp,"Verbal Ability","Paragraph Organization - Coherence & Structural Flow",AUDITED,VERIFIED,"","",2026-08-19T09:29:16.435Z
cmstwdq0t00k704l5cwgfjles,"Verbal Ability","Paragraph Organization - Coherence & Structural Flow",AUDITED,MANUAL_REVIEW,"DUPLICATE_CHOICES","",2026-08-19T09:29:16.470Z
cmstwdq0t00k804l5x8z7lf27,"Verbal Ability","Paragraph Organization - Coherence & Structural Flow",AUDITED,VERIFIED,"","",2026-08-19T09:29:16.509Z
cmstwdq0t00k904l5dtghxzew,"Verbal Ability","Paragraph Organization - Coherence & Structural Flow",AUDITED,VERIFIED,"","",2026-08-19T09:29:16.544Z
cmstwdq0t00ka04l52e8crtr3,"Verbal Ability","Paragraph Organization - Coherence & Structural Flow",AUDITED,VERIFIED,"","",2026-08-19T09:29:16.581Z
cmstwdq0t00kb04l5en0gbf8x,"Verbal Ability","Paragraph Organization - Coherence & Structural Flow",AUDITED,VERIFIED,"","",2026-08-19T09:29:16.617Z
cmstwdq0t00kc04l5t5e8qnxr,"Verbal Ability","Paragraph Organization - Coherence & Structural Flow",AUDITED,VERIFIED,"","",2026-08-19T09:29:16.653Z
cmstwdq0t00kd04l51pyomhu1,"Verbal Ability","Paragraph Organization - Coherence & Structural Flow",AUDITED,VERIFIED,"","",2026-08-19T09:29:16.689Z
cmstwdq0t00ke04l5fqqhl2dc,"Verbal Ability","Paragraph Organization - Coherence & Structural Flow",AUDITED,VERIFIED,"","",2026-08-19T09:29:16.724Z
cmstwdq0t00kf04l5j8762el6,"Verbal Ability","Paragraph Organization - Coherence & Structural Flow",AUDITED,VERIFIED,"","",2026-08-19T09:29:16.759Z
cmstwdq0t00kg04l59itza8au,"Verbal Ability","Paragraph Organization - Coherence & Structural Flow",AUDITED,VERIFIED,"","",2026-08-19T09:29:16.795Z
cmstwdq0t00kh04l5mxytgomr,"Verbal Ability","Paragraph Organization - Coherence & Structural Flow",AUDITED,VERIFIED,"","",2026-08-19T09:29:16.830Z
cmstwdq0t00ki04l5j9wfsybn,"Verbal Ability","Paragraph Organization - Coherence & Structural Flow",AUDITED,VERIFIED,"","",2026-08-19T09:29:16.866Z
cmstwdq0t00kj04l56cyaqafv,"Verbal Ability","Paragraph Organization - Coherence & Structural Flow",AUDITED,VERIFIED,"","",2026-08-19T09:29:16.904Z
cmstwdq0t00kk04l52otpnh2p,"Verbal Ability","Paragraph Organization - Coherence & Structural Flow",AUDITED,VERIFIED,"","",2026-08-19T09:29:16.941Z
cmstwdq0u00kl04l52pptka1j,"Verbal Ability","Paragraph Organization - Coherence & Structural Flow",AUDITED,VERIFIED,"","",2026-08-19T09:29:16.978Z
cmstwdq0u00km04l589pxsduo,"Verbal Ability","Paragraph Organization - Coherence & Structural Flow",AUDITED,VERIFIED,"","",2026-08-19T09:29:17.105Z
cmstwdq0u00kn04l53qn2ojii,"Verbal Ability","Paragraph Organization - Coherence & Structural Flow",AUDITED,VERIFIED,"","",2026-08-19T09:29:17.142Z
cmstwdq0u00ko04l5e9ekkr5m,"Verbal Ability","Paragraph Organization - Coherence & Structural Flow",AUDITED,VERIFIED,"","",2026-08-19T09:29:17.179Z
cmstwdq0u00kp04l5eook43pp,"Verbal Ability","Paragraph Organization - Coherence & Structural Flow",AUDITED,VERIFIED,"","",2026-08-19T09:29:17.216Z
cmstwdq0u00kq04l5b7rnbl7j,"Verbal Ability","Paragraph Organization - Coherence & Structural Flow",AUDITED,VERIFIED,"","",2026-08-19T09:29:17.251Z
cmstwdq0u00kr04l55kgjlami,"Verbal Ability","Paragraph Organization - Coherence & Structural Flow",AUDITED,VERIFIED,"","",2026-08-19T09:29:17.294Z
cmstwdq0u00ks04l5jqnqf7q4,"Verbal Ability","Paragraph Organization - Coherence & Structural Flow",AUDITED,VERIFIED,"","",2026-08-19T09:29:17.340Z
cmstwdq0u00kt04l5hcv6wujz,"Verbal Ability","Paragraph Organization - Coherence & Structural Flow",AUDITED,VERIFIED,"","",2026-08-19T09:29:17.389Z
cmstwdq0u00ku04l5kbfkl0td,"Verbal Ability","Paragraph Organization - Coherence & Structural Flow",AUDITED,VERIFIED,"","",2026-08-19T09:29:17.454Z
cmstwdq0u00kv04l5t3ureoqt,"Verbal Ability","Reading Comprehension - Main Idea, Inference & Analysis",AUDITED,CORRECTED — VERIFIED,"STRIPPED_PASSAGE_PREFIX","",2026-08-19T09:29:17.616Z
cmstwdq0u00kw04l51smorpgy,"Verbal Ability","Reading Comprehension - Main Idea, Inference & Analysis",AUDITED,CORRECTED — VERIFIED,"STRIPPED_PASSAGE_PREFIX","",2026-08-19T09:29:17.743Z
cmstwdq0u00kx04l5e7hp1zx0,"Verbal Ability","Reading Comprehension - Main Idea, Inference & Analysis",AUDITED,CORRECTED — VERIFIED,"STRIPPED_PASSAGE_PREFIX","",2026-08-19T09:29:17.868Z
cmstwdq0u00ky04l555k4dcjr,"Verbal Ability","Reading Comprehension - Main Idea, Inference & Analysis",AUDITED,CORRECTED — VERIFIED,"STRIPPED_PASSAGE_PREFIX","",2026-08-19T09:29:17.994Z
cmstwdq0u00kz04l5qo8eruq4,"Verbal Ability","Reading Comprehension - Main Idea, Inference & Analysis",AUDITED,CORRECTED — VERIFIED,"STRIPPED_PASSAGE_PREFIX","",2026-08-19T09:29:18.120Z
cmstwdq0u00l004l5o2bsufh8,"Verbal Ability","Reading Comprehension - Main Idea, Inference & Analysis",AUDITED,CORRECTED — VERIFIED,"STRIPPED_PASSAGE_PREFIX","",2026-08-19T09:29:18.248Z
cmstwdq0u00l104l597paymor,"Verbal Ability","Reading Comprehension - Main Idea, Inference & Analysis",AUDITED,CORRECTED — VERIFIED,"STRIPPED_PASSAGE_PREFIX","",2026-08-19T09:29:18.376Z
cmstwdq0u00l204l5y9j533az,"Verbal Ability","Reading Comprehension - Main Idea, Inference & Analysis",AUDITED,CORRECTED — VERIFIED,"STRIPPED_PASSAGE_PREFIX","",2026-08-19T09:29:18.502Z
cmstwdq0u00l304l5ohg8w79h,"Verbal Ability","Reading Comprehension - Main Idea, Inference & Analysis",AUDITED,CORRECTED — VERIFIED,"STRIPPED_PASSAGE_PREFIX","",2026-08-19T09:29:18.633Z
cmstwdq0u00l404l5wv5j21w5,"Verbal Ability","Reading Comprehension - Main Idea, Inference & Analysis",AUDITED,CORRECTED — VERIFIED,"STRIPPED_PASSAGE_PREFIX","",2026-08-19T09:29:18.758Z
cmstwdq0u00l504l5o83zmhzk,"Verbal Ability","Reading Comprehension - Main Idea, Inference & Analysis",AUDITED,CORRECTED — VERIFIED,"STRIPPED_PASSAGE_PREFIX","",2026-08-19T09:29:18.882Z
cmstwdq0u00l604l5mdsdvn8z,"Verbal Ability","Reading Comprehension - Main Idea, Inference & Analysis",AUDITED,CORRECTED — VERIFIED,"STRIPPED_PASSAGE_PREFIX","",2026-08-19T09:29:19.008Z
cmstwdq0u00l704l5kz107tkn,"Verbal Ability","Reading Comprehension - Main Idea, Inference & Analysis",AUDITED,CORRECTED — VERIFIED,"STRIPPED_PASSAGE_PREFIX","",2026-08-19T09:29:19.156Z
cmstwdq0u00l804l5cb7wqr70,"Verbal Ability","Reading Comprehension - Main Idea, Inference & Analysis",AUDITED,CORRECTED — VERIFIED,"STRIPPED_PASSAGE_PREFIX","",2026-08-19T09:29:19.283Z
cmstwdq0u00l904l59k8kwaye,"Verbal Ability","Reading Comprehension - Main Idea, Inference & Analysis",AUDITED,CORRECTED — VERIFIED,"STRIPPED_PASSAGE_PREFIX","",2026-08-19T09:29:19.432Z
cmstwdq0u00la04l59km7aag1,"Verbal Ability","Reading Comprehension - Main Idea, Inference & Analysis",AUDITED,CORRECTED — VERIFIED,"STRIPPED_PASSAGE_PREFIX","",2026-08-19T09:29:19.586Z
cmstwdq0u00lb04l5oki7c4y5,"Verbal Ability","Reading Comprehension - Main Idea, Inference & Analysis",AUDITED,CORRECTED — VERIFIED,"STRIPPED_PASSAGE_PREFIX","",2026-08-19T09:29:19.734Z
cmstwdq0u00lc04l5jotak68d,"Verbal Ability","Reading Comprehension - Main Idea, Inference & Analysis",AUDITED,CORRECTED — VERIFIED,"STRIPPED_PASSAGE_PREFIX","",2026-08-19T09:29:19.861Z
cmstwdq0u00ld04l5zlxhu1r6,"Verbal Ability","Reading Comprehension - Main Idea, Inference & Analysis",AUDITED,CORRECTED — VERIFIED,"STRIPPED_PASSAGE_PREFIX","",2026-08-19T09:29:19.985Z
cmstwdq0u00le04l55ilufd9j,"Verbal Ability","Reading Comprehension - Main Idea, Inference & Analysis",AUDITED,CORRECTED — VERIFIED,"STRIPPED_PASSAGE_PREFIX","",2026-08-19T09:29:20.127Z
cmstwdq0u00lf04l5u6wkjsfs,"Verbal Ability","Reading Comprehension - Main Idea, Inference & Analysis",AUDITED,CORRECTED — VERIFIED,"STRIPPED_PASSAGE_PREFIX","",2026-08-19T09:29:20.252Z
cmstwdq0u00lg04l5fi33s0le,"Verbal Ability","Reading Comprehension - Main Idea, Inference & Analysis",AUDITED,CORRECTED — VERIFIED,"STRIPPED_PASSAGE_PREFIX","",2026-08-19T09:29:20.396Z
cmstwdq0u00lh04l55ff5j7tx,"Verbal Ability","Reading Comprehension - Main Idea, Inference & Analysis",AUDITED,CORRECTED — VERIFIED,"STRIPPED_PASSAGE_PREFIX","",2026-08-19T09:29:20.560Z
cmstwdq0u00li04l574d84csg,"Verbal Ability","Reading Comprehension - Main Idea, Inference & Analysis",AUDITED,CORRECTED — VERIFIED,"STRIPPED_PASSAGE_PREFIX","",2026-08-19T09:29:20.716Z
cmstwdq0u00lj04l5mc1t5ac1,"Verbal Ability","Reading Comprehension - Main Idea, Inference & Analysis",AUDITED,CORRECTED — VERIFIED,"STRIPPED_PASSAGE_PREFIX","",2026-08-19T09:29:20.848Z
cmstwdq0u00lk04l54z07t2bc,"Verbal Ability","Sentence Completion - Contextual Clues & Collocations",AUDITED,VERIFIED,"","",2026-08-19T09:29:20.879Z
cmstwdq0u00ll04l5gcen0p4s,"Verbal Ability","Sentence Completion - Contextual Clues & Collocations",AUDITED,VERIFIED,"","",2026-08-19T09:29:20.907Z
cmstwdq0u00lm04l5bsu6r2r6,"Verbal Ability","Sentence Completion - Contextual Clues & Collocations",AUDITED,VERIFIED,"","",2026-08-19T09:29:20.936Z
cmstwdq0u00ln04l5fkbax6df,"Verbal Ability","Sentence Completion - Contextual Clues & Collocations",AUDITED,VERIFIED,"","",2026-08-19T09:29:20.965Z
cmstwdq0u00lo04l5rjnpc7p0,"Verbal Ability","Sentence Completion - Contextual Clues & Collocations",AUDITED,VERIFIED,"","",2026-08-19T09:29:20.996Z
cmstwdq0u00lp04l56ykxmhll,"Verbal Ability","Sentence Completion - Contextual Clues & Collocations",AUDITED,VERIFIED,"","",2026-08-19T09:29:21.026Z
cmstwdq0u00lq04l57jedldn2,"Verbal Ability","Sentence Completion - Contextual Clues & Collocations",AUDITED,VERIFIED,"","",2026-08-19T09:29:21.056Z
cmstwdq0u00lr04l5w6r9hsfq,"Verbal Ability","Sentence Completion - Contextual Clues & Collocations",AUDITED,VERIFIED,"","",2026-08-19T09:29:21.086Z
cmstwdq0u00ls04l5dbhmxrsz,"Verbal Ability","Sentence Completion - Contextual Clues & Collocations",AUDITED,VERIFIED,"","",2026-08-19T09:29:21.115Z
cmstwdq0u00lt04l54igul0dh,"Verbal Ability","Sentence Completion - Contextual Clues & Collocations",AUDITED,VERIFIED,"","",2026-08-19T09:29:21.147Z
cmstwdq0u00lu04l5242lhdj0,"Verbal Ability","Sentence Completion - Contextual Clues & Collocations",AUDITED,VERIFIED,"","",2026-08-19T09:29:21.180Z
cmstwdq0u00lv04l5jdg61w4i,"Verbal Ability","Sentence Completion - Contextual Clues & Collocations",AUDITED,VERIFIED,"","",2026-08-19T09:29:21.219Z
cmstwdq0u00lw04l5jmnq63dn,"Verbal Ability","Sentence Completion - Contextual Clues & Collocations",AUDITED,VERIFIED,"","",2026-08-19T09:29:21.262Z
cmstwdq0u00lx04l5bha829j6,"Verbal Ability","Sentence Completion - Contextual Clues & Collocations",AUDITED,VERIFIED,"","",2026-08-19T09:29:21.304Z
cmstwdq0u00ly04l5m258dvle,"Verbal Ability","Sentence Completion - Contextual Clues & Collocations",AUDITED,VERIFIED,"","",2026-08-19T09:29:21.362Z
cmstwdq0u00lz04l52mf1zklt,"Verbal Ability","Sentence Completion - Contextual Clues & Collocations",AUDITED,VERIFIED,"","",2026-08-19T09:29:21.413Z
cmstwdq0u00m104l5p41628j2,"Verbal Ability","Sentence Completion - Contextual Clues & Collocations",AUDITED,VERIFIED,"","",2026-08-19T09:29:21.451Z
cmstwdq0u00m204l542gvot0a,"Verbal Ability","Sentence Completion - Contextual Clues & Collocations",AUDITED,VERIFIED,"","",2026-08-19T09:29:21.483Z
cmstwdq0u00m304l5p7mprlq2,"Verbal Ability","Sentence Completion - Contextual Clues & Collocations",AUDITED,VERIFIED,"","",2026-08-19T09:29:21.522Z
cmstwdq0u00m404l56pe12vvz,"Verbal Ability","Sentence Completion - Contextual Clues & Collocations",AUDITED,VERIFIED,"","",2026-08-19T09:29:21.551Z
cmstwdq0u00m504l5wf0h852r,"Verbal Ability","Sentence Completion - Contextual Clues & Collocations",AUDITED,VERIFIED,"","",2026-08-19T09:29:21.579Z
cmstwdq0u00m604l5r5rqqf1w,"Verbal Ability","Sentence Completion - Contextual Clues & Collocations",AUDITED,VERIFIED,"","",2026-08-19T09:29:21.608Z
cmstwdq0u00m704l5pgerod67,"Verbal Ability","Sentence Completion - Contextual Clues & Collocations",AUDITED,VERIFIED,"","",2026-08-19T09:29:21.637Z
cmstwdq0u00m804l54kvekm48,"Verbal Ability","Sentence Completion - Contextual Clues & Collocations",AUDITED,VERIFIED,"","",2026-08-19T09:29:21.666Z
cmstwdq0u00m904l5y603uci2,"Verbal Ability","Analogies - Semantic & Logical Word Relationships",AUDITED,VERIFIED,"","",2026-08-19T09:29:21.685Z
cmstwdq0u00ma04l5xt0n7ia0,"Verbal Ability","Analogies - Semantic & Logical Word Relationships",AUDITED,VERIFIED,"","",2026-08-19T09:29:21.703Z
cmstwdq0u00mb04l5x3hn9j7t,"Verbal Ability","Analogies - Semantic & Logical Word Relationships",AUDITED,VERIFIED,"","",2026-08-19T09:29:21.721Z
cmstwdq0u00mc04l5edv32g0j,"Verbal Ability","Analogies - Semantic & Logical Word Relationships",AUDITED,VERIFIED,"","",2026-08-19T09:29:21.740Z
cmstwdq0u00md04l500ccrxq6,"Verbal Ability","Analogies - Semantic & Logical Word Relationships",AUDITED,VERIFIED,"","",2026-08-19T09:29:21.759Z
cmstwdq0u00me04l56jmer7f8,"Verbal Ability","Analogies - Semantic & Logical Word Relationships",AUDITED,VERIFIED,"","",2026-08-19T09:29:21.778Z
cmstwdq0u00mf04l5ejqf2h6a,"Verbal Ability","Analogies - Semantic & Logical Word Relationships",AUDITED,VERIFIED,"","",2026-08-19T09:29:21.796Z
cmstwdq0u00mg04l51v7yju8k,"Verbal Ability","Analogies - Semantic & Logical Word Relationships",AUDITED,VERIFIED,"","",2026-08-19T09:29:21.817Z
cmstwdq0u00mh04l57bnpj7bo,"Verbal Ability","Analogies - Semantic & Logical Word Relationships",AUDITED,VERIFIED,"","",2026-08-19T09:29:21.839Z
cmstwdq0u00mi04l5yh1tomve,"Verbal Ability","Analogies - Semantic & Logical Word Relationships",AUDITED,VERIFIED,"","",2026-08-19T09:29:21.858Z
cmstwdq0u00mj04l5445kh7de,"Verbal Ability","Analogies - Semantic & Logical Word Relationships",AUDITED,VERIFIED,"","",2026-08-19T09:29:21.879Z
cmstwdq0u00mk04l5ziqjnsl5,"Verbal Ability","Analogies - Semantic & Logical Word Relationships",AUDITED,VERIFIED,"","",2026-08-19T09:29:21.901Z
cmstwdq0u00ml04l500e15vj8,"Verbal Ability","Analogies - Semantic & Logical Word Relationships",AUDITED,VERIFIED,"","",2026-08-19T09:29:21.922Z
cmstwdq0u00mm04l58ybpm697,"Verbal Ability","Analogies - Semantic & Logical Word Relationships",AUDITED,VERIFIED,"","",2026-08-19T09:29:21.942Z
cmstwdq0u00mn04l5hwz2gw1e,"Verbal Ability","Analogies - Semantic & Logical Word Relationships",AUDITED,VERIFIED,"","",2026-08-19T09:29:21.962Z
cmstwdq0u00mo04l56tnett33,"Verbal Ability","Analogies - Semantic & Logical Word Relationships",AUDITED,VERIFIED,"","",2026-08-19T09:29:21.981Z
cmstwdq0u00mp04l5l0y6j2q0,"Verbal Ability","Analogies - Semantic & Logical Word Relationships",AUDITED,VERIFIED,"","",2026-08-19T09:29:22.001Z
cmstwdq0u00mq04l5cmvwn6ag,"Verbal Ability","Analogies - Semantic & Logical Word Relationships",AUDITED,VERIFIED,"","",2026-08-19T09:29:22.021Z
cmstwdq0u00mr04l5b61330o9,"Verbal Ability","Analogies - Semantic & Logical Word Relationships",AUDITED,VERIFIED,"","",2026-08-19T09:29:22.040Z
cmstwdq0u00ms04l5i9u2ue3s,"Verbal Ability","Analogies - Semantic & Logical Word Relationships",AUDITED,VERIFIED,"","",2026-08-19T09:29:22.059Z
cmstwdq0u00mt04l5k1dih5yx,"Verbal Ability","Analogies - Semantic & Logical Word Relationships",AUDITED,VERIFIED,"","",2026-08-19T09:29:22.079Z
cmstwdq0u00mu04l5qtjsv76f,"Verbal Ability","Analogies - Semantic & Logical Word Relationships",AUDITED,VERIFIED,"","",2026-08-19T09:29:22.099Z
cmstwdq0u00mv04l5vujd2v0d,"Verbal Ability","Analogies - Semantic & Logical Word Relationships",AUDITED,VERIFIED,"","",2026-08-19T09:29:22.118Z
cmstwdq0u00mw04l5s7icme0z,"Verbal Ability","Analogies - Semantic & Logical Word Relationships",AUDITED,VERIFIED,"","",2026-08-19T09:29:22.138Z
cmstwdq0u00mx04l5091zp6ss,"Verbal Ability","Analogies - Semantic & Logical Word Relationships",AUDITED,VERIFIED,"","",2026-08-19T09:29:22.156Z
cmstwdq0u00my04l5l5lhg6ms,"Verbal Ability","Context Clues - Word Inference through Contextual Evidence",AUDITED,VERIFIED,"","",2026-08-19T09:29:22.189Z
cmstwdq0u00mz04l5rtykdejl,"Verbal Ability","Context Clues - Word Inference through Contextual Evidence",AUDITED,VERIFIED,"","",2026-08-19T09:29:22.222Z
cmstwdq0u00n004l5w4v9uauq,"Verbal Ability","Context Clues - Word Inference through Contextual Evidence",AUDITED,VERIFIED,"","",2026-08-19T09:29:22.255Z
cmstwdq0u00n104l574dolewf,"Verbal Ability","Context Clues - Word Inference through Contextual Evidence",AUDITED,VERIFIED,"","",2026-08-19T09:29:22.288Z
cmstwdq0u00n204l5pqfquu97,"Verbal Ability","Context Clues - Word Inference through Contextual Evidence",AUDITED,VERIFIED,"","",2026-08-19T09:29:22.321Z
cmstwdq0u00n304l50d1nx7kt,"Verbal Ability","Context Clues - Word Inference through Contextual Evidence",AUDITED,VERIFIED,"","",2026-08-19T09:29:22.354Z
cmstwdq0u00n404l5qlnssd9n,"Verbal Ability","Context Clues - Word Inference through Contextual Evidence",AUDITED,VERIFIED,"","",2026-08-19T09:29:22.386Z
cmstwdq0u00n504l58uhhaz1o,"Verbal Ability","Context Clues - Word Inference through Contextual Evidence",AUDITED,VERIFIED,"","",2026-08-19T09:29:22.421Z
cmstwdq0u00n604l50fpazpq4,"Verbal Ability","Context Clues - Word Inference through Contextual Evidence",AUDITED,VERIFIED,"","",2026-08-19T09:29:22.455Z
cmstwdq0v00n704l519a9il1q,"Verbal Ability","Context Clues - Word Inference through Contextual Evidence",AUDITED,VERIFIED,"","",2026-08-19T09:29:22.486Z
cmstwdq0v00n804l5c53dstsv,"Verbal Ability","Context Clues - Word Inference through Contextual Evidence",AUDITED,VERIFIED,"","",2026-08-19T09:29:22.518Z
cmstwdq0v00n904l5sp4tjze9,"Verbal Ability","Context Clues - Word Inference through Contextual Evidence",AUDITED,VERIFIED,"","",2026-08-19T09:29:22.551Z
cmstwdq0v00na04l5k48ncfac,"Verbal Ability","Context Clues - Word Inference through Contextual Evidence",AUDITED,VERIFIED,"","",2026-08-19T09:29:22.582Z
cmstwdq0v00nb04l5upp97cpw,"Verbal Ability","Context Clues - Word Inference through Contextual Evidence",AUDITED,VERIFIED,"","",2026-08-19T09:29:22.613Z
cmstwdq0v00nc04l5qtdcm6c4,"Verbal Ability","Context Clues - Word Inference through Contextual Evidence",AUDITED,VERIFIED,"","",2026-08-19T09:29:22.646Z
cmstwdq0v00nd04l5hma8wuag,"Verbal Ability","Context Clues - Word Inference through Contextual Evidence",AUDITED,VERIFIED,"","",2026-08-19T09:29:22.677Z
cmstwdq0v00ne04l5f5262k2w,"Verbal Ability","Context Clues - Word Inference through Contextual Evidence",AUDITED,VERIFIED,"","",2026-08-19T09:29:22.711Z
cmstwdq0v00nf04l5j1t2bwcz,"Verbal Ability","Context Clues - Word Inference through Contextual Evidence",AUDITED,VERIFIED,"","",2026-08-19T09:29:22.851Z
cmstwdq0v00ng04l53vf8g32x,"Verbal Ability","Context Clues - Word Inference through Contextual Evidence",AUDITED,VERIFIED,"","",2026-08-19T09:29:22.895Z
cmstwdq0v00nh04l508gockbw,"Verbal Ability","Context Clues - Word Inference through Contextual Evidence",AUDITED,VERIFIED,"","",2026-08-19T09:29:22.927Z
cmstwdq0v00ni04l5x0mdi3q4,"Verbal Ability","Context Clues - Word Inference through Contextual Evidence",AUDITED,VERIFIED,"","",2026-08-19T09:29:22.960Z
cmstwdq0v00nj04l5fxdcr5sq,"Verbal Ability","Context Clues - Word Inference through Contextual Evidence",AUDITED,VERIFIED,"","",2026-08-19T09:29:22.996Z
cmstwdq0v00nk04l59nr9i7w8,"Verbal Ability","Context Clues - Word Inference through Contextual Evidence",AUDITED,VERIFIED,"","",2026-08-19T09:29:23.031Z
cmstwdq0v00nl04l5i8gb8978,"Verbal Ability","Context Clues - Word Inference through Contextual Evidence",AUDITED,VERIFIED,"","",2026-08-19T09:29:23.062Z
cmstwdq0v00nm04l5do85236o,"Verbal Ability","Context Clues - Word Inference through Contextual Evidence",AUDITED,VERIFIED,"","",2026-08-19T09:29:23.095Z
cmstwdq0v00nn04l5gp644loi,"Verbal Ability","Antonyms - Contrastive Vocabulary in Context",AUDITED,VERIFIED,"","",2026-08-19T09:29:23.124Z
cmstwdq0v00no04l56cf49b4g,"Verbal Ability","Antonyms - Contrastive Vocabulary in Context",AUDITED,VERIFIED,"","",2026-08-19T09:29:23.153Z
cmstwdq0v00np04l5zjsp5p7s,"Verbal Ability","Antonyms - Contrastive Vocabulary in Context",AUDITED,VERIFIED,"","",2026-08-19T09:29:23.173Z
cmstwdq0v00nq04l5mokjwohb,"Verbal Ability","Antonyms - Contrastive Vocabulary in Context",AUDITED,VERIFIED,"","",2026-08-19T09:29:23.203Z
cmstwdq0v00nr04l5k74j8wta,"Verbal Ability","Antonyms - Contrastive Vocabulary in Context",AUDITED,VERIFIED,"","",2026-08-19T09:29:23.222Z
cmstwdq0v00ns04l507t15nje,"Verbal Ability","Antonyms - Contrastive Vocabulary in Context",AUDITED,VERIFIED,"","",2026-08-19T09:29:23.250Z
cmstwdq0v00nt04l5865msbsh,"Verbal Ability","Antonyms - Contrastive Vocabulary in Context",AUDITED,VERIFIED,"","",2026-08-19T09:29:23.270Z
cmstwdq0v00nu04l5qaprun6j,"Verbal Ability","Antonyms - Contrastive Vocabulary in Context",AUDITED,VERIFIED,"","",2026-08-19T09:29:23.299Z
cmstwdq0v00nv04l588gp039z,"Verbal Ability","Antonyms - Contrastive Vocabulary in Context",AUDITED,VERIFIED,"","",2026-08-19T09:29:23.319Z
cmstwdq0v00nw04l51quuged8,"Verbal Ability","Antonyms - Contrastive Vocabulary in Context",AUDITED,VERIFIED,"","",2026-08-19T09:29:23.338Z
cmstwdq0v00nx04l5ifrq8rcq,"Verbal Ability","Antonyms - Contrastive Vocabulary in Context",AUDITED,VERIFIED,"","",2026-08-19T09:29:23.367Z
cmstwdq0v00ny04l5d18vgk0o,"Verbal Ability","Antonyms - Contrastive Vocabulary in Context",AUDITED,VERIFIED,"","",2026-08-19T09:29:23.397Z
cmstwdq0v00nz04l5wasi6k8l,"Verbal Ability","Antonyms - Contrastive Vocabulary in Context",AUDITED,VERIFIED,"","",2026-08-19T09:29:23.415Z
cmstwdq0v00o004l5jk75jtxo,"Verbal Ability","Antonyms - Contrastive Vocabulary in Context",AUDITED,VERIFIED,"","",2026-08-19T09:29:23.442Z
cmstwdq0v00o104l5v0gmxulp,"Verbal Ability","Antonyms - Contrastive Vocabulary in Context",AUDITED,VERIFIED,"","",2026-08-19T09:29:23.461Z
cmstwdq0v00o204l5rgpj6f10,"Verbal Ability","Antonyms - Contrastive Vocabulary in Context",AUDITED,VERIFIED,"","",2026-08-19T09:29:23.491Z
cmstwdq0v00o304l5bupras5x,"Verbal Ability","Antonyms - Contrastive Vocabulary in Context",AUDITED,VERIFIED,"","",2026-08-19T09:29:23.513Z
cmstwdq0v00o404l5vzqi3lre,"Verbal Ability","Antonyms - Contrastive Vocabulary in Context",AUDITED,VERIFIED,"","",2026-08-19T09:29:23.536Z
cmstwdq0v00o504l5n5lcc0e9,"Verbal Ability","Antonyms - Contrastive Vocabulary in Context",AUDITED,VERIFIED,"","",2026-08-19T09:29:23.568Z
cmstwdq0v00o604l58pb1ly48,"Verbal Ability","Antonyms - Contrastive Vocabulary in Context",AUDITED,VERIFIED,"","",2026-08-19T09:29:23.588Z
cmstwdq0v00o704l5jqz56p99,"Verbal Ability","Antonyms - Contrastive Vocabulary in Context",AUDITED,VERIFIED,"","",2026-08-19T09:29:23.621Z
cmstwdq0v00o804l5okqsvfdq,"Verbal Ability","Antonyms - Contrastive Vocabulary in Context",AUDITED,VERIFIED,"","",2026-08-19T09:29:23.642Z
cmstwdq0v00o904l5nyfy0grr,"Verbal Ability","Antonyms - Contrastive Vocabulary in Context",AUDITED,VERIFIED,"","",2026-08-19T09:29:23.676Z
cmstwdq0v00oa04l5qqa9x10c,"Verbal Ability","Antonyms - Contrastive Vocabulary in Context",AUDITED,VERIFIED,"","",2026-08-19T09:29:23.700Z
cmstwdq0v00ob04l5zgdd2lq2,"Verbal Ability","Antonyms - Contrastive Vocabulary in Context",AUDITED,VERIFIED,"","",2026-08-19T09:29:23.725Z
cmstwdq0v00oc04l5ku1bj5mn,"Verbal Ability","Synonyms - Lexical Equivalence & Precise Meanings",AUDITED,VERIFIED,"","",2026-08-19T09:29:23.756Z
cmstwdq0v00od04l59x5u3vet,"Verbal Ability","Synonyms - Lexical Equivalence & Precise Meanings",AUDITED,VERIFIED,"","",2026-08-19T09:29:23.777Z
cmstwdq0v00oe04l5kn8cdrie,"Verbal Ability","Synonyms - Lexical Equivalence & Precise Meanings",AUDITED,VERIFIED,"","",2026-08-19T09:29:23.811Z
cmstwdq0v00of04l5zcb7gbvu,"Verbal Ability","Synonyms - Lexical Equivalence & Precise Meanings",AUDITED,VERIFIED,"","",2026-08-19T09:29:23.835Z
cmstwdq0v00og04l5k31awz77,"Verbal Ability","Synonyms - Lexical Equivalence & Precise Meanings",AUDITED,VERIFIED,"","",2026-08-19T09:29:23.868Z
cmstwdq0v00oh04l5qx7m09wt,"Verbal Ability","Synonyms - Lexical Equivalence & Precise Meanings",AUDITED,VERIFIED,"","",2026-08-19T09:29:23.889Z
cmstwdq0v00oi04l5jwybhs6v,"Verbal Ability","Synonyms - Lexical Equivalence & Precise Meanings",AUDITED,VERIFIED,"","",2026-08-19T09:29:23.909Z
cmstwdq0v00oj04l5p83a0fzf,"Verbal Ability","Synonyms - Lexical Equivalence & Precise Meanings",AUDITED,VERIFIED,"","",2026-08-19T09:29:23.940Z
cmstwdq0v00ok04l58zatg3k4,"Verbal Ability","Synonyms - Lexical Equivalence & Precise Meanings",AUDITED,VERIFIED,"","",2026-08-19T09:29:23.959Z
cmstwdq0v00ol04l51nfhmtzy,"Verbal Ability","Synonyms - Lexical Equivalence & Precise Meanings",AUDITED,VERIFIED,"","",2026-08-19T09:29:23.988Z
cmstwdq0v00om04l5b7fqmojl,"Verbal Ability","Synonyms - Lexical Equivalence & Precise Meanings",AUDITED,VERIFIED,"","",2026-08-19T09:29:24.008Z
cmstwdq0v00on04l5w1hxh5gi,"Verbal Ability","Synonyms - Lexical Equivalence & Precise Meanings",AUDITED,VERIFIED,"","",2026-08-19T09:29:24.038Z
cmstwdq0v00oo04l5hifaczhr,"Verbal Ability","Synonyms - Lexical Equivalence & Precise Meanings",AUDITED,VERIFIED,"","",2026-08-19T09:29:24.060Z
cmstwdq0v00op04l53l3tid6d,"Verbal Ability","Synonyms - Lexical Equivalence & Precise Meanings",AUDITED,VERIFIED,"","",2026-08-19T09:29:24.085Z
cmstwdq0v00oq04l5lfkkb0h4,"Verbal Ability","Synonyms - Lexical Equivalence & Precise Meanings",AUDITED,VERIFIED,"","",2026-08-19T09:29:24.115Z
cmstwdq0v00or04l5cubnhxjz,"Verbal Ability","Synonyms - Lexical Equivalence & Precise Meanings",AUDITED,VERIFIED,"","",2026-08-19T09:29:24.137Z
cmstwdq0v00os04l5v8w8cbr9,"Verbal Ability","Synonyms - Lexical Equivalence & Precise Meanings",AUDITED,VERIFIED,"","",2026-08-19T09:29:24.168Z
cmstwdq0v00ot04l54iifx4tq,"Verbal Ability","Synonyms - Lexical Equivalence & Precise Meanings",AUDITED,VERIFIED,"","",2026-08-19T09:29:24.189Z
cmstwdq0v00ou04l5kwaqusuy,"Verbal Ability","Synonyms - Lexical Equivalence & Precise Meanings",AUDITED,VERIFIED,"","",2026-08-19T09:29:24.220Z
cmstwdq0v00ov04l5jipq3vnt,"Verbal Ability","Synonyms - Lexical Equivalence & Precise Meanings",AUDITED,VERIFIED,"","",2026-08-19T09:29:24.240Z
cmstwdq0v00ow04l53e7hgtz2,"Verbal Ability","Synonyms - Lexical Equivalence & Precise Meanings",AUDITED,VERIFIED,"","",2026-08-19T09:29:24.270Z
cmstwdq0v00ox04l5su4klr2f,"Verbal Ability","Synonyms - Lexical Equivalence & Precise Meanings",AUDITED,VERIFIED,"","",2026-08-19T09:29:24.291Z
cmstwdq0v00oy04l5tuuu24qk,"Verbal Ability","Synonyms - Lexical Equivalence & Precise Meanings",AUDITED,VERIFIED,"","",2026-08-19T09:29:24.322Z
cmstwdq0v00oz04l5l4vnwu0d,"Verbal Ability","Synonyms - Lexical Equivalence & Precise Meanings",AUDITED,VERIFIED,"","",2026-08-19T09:29:24.353Z
cmstwdq0v00p004l55aft5zxc,"Verbal Ability","Synonyms - Lexical Equivalence & Precise Meanings",AUDITED,VERIFIED,"","",2026-08-19T09:29:24.372Z
cmstwdq0q00d804l53t1tmvcs,"Verbal Ability","Critical Reasoning - Argument Evaluation & Deduction",AUDITED,VERIFIED,"","",2026-08-19T09:29:24.407Z
cmstwdq0q00d904l5oyrwu8g3,"Verbal Ability","Critical Reasoning - Argument Evaluation & Deduction",AUDITED,VERIFIED,"","",2026-08-19T09:29:24.440Z
cmstwdq0q00da04l51m8cae13,"Verbal Ability","Critical Reasoning - Argument Evaluation & Deduction",AUDITED,VERIFIED,"","",2026-08-19T09:29:24.475Z
cmstwdq0q00db04l5m91gr06e,"Verbal Ability","Critical Reasoning - Argument Evaluation & Deduction",AUDITED,VERIFIED,"","",2026-08-19T09:29:24.507Z
cmstwdq0q00dc04l51tym38al,"Verbal Ability","Critical Reasoning - Argument Evaluation & Deduction",AUDITED,VERIFIED,"","",2026-08-19T09:29:24.539Z
cmstwdq0q00dd04l5ysv12xtv,"Verbal Ability","Critical Reasoning - Argument Evaluation & Deduction",AUDITED,VERIFIED,"","",2026-08-19T09:29:24.572Z
cmstwdq0q00de04l51rn6flr8,"Verbal Ability","Critical Reasoning - Argument Evaluation & Deduction",AUDITED,VERIFIED,"","",2026-08-19T09:29:24.609Z
cmstwdq0q00df04l5454mw6ng,"Verbal Ability","Critical Reasoning - Argument Evaluation & Deduction",AUDITED,VERIFIED,"","",2026-08-19T09:29:24.649Z
cmstwdq0r00dg04l5or9c6a9o,"Verbal Ability","Critical Reasoning - Argument Evaluation & Deduction",AUDITED,VERIFIED,"","",2026-08-19T09:29:24.688Z
cmstwdq0r00dh04l59us5mkai,"Verbal Ability","Critical Reasoning - Argument Evaluation & Deduction",AUDITED,VERIFIED,"","",2026-08-19T09:29:24.722Z
cmstwdq0r00di04l55g1ldziq,"Verbal Ability","Critical Reasoning - Argument Evaluation & Deduction",AUDITED,VERIFIED,"","",2026-08-19T09:29:24.756Z
cmstwdq0r00dj04l5965apupd,"Verbal Ability","Critical Reasoning - Argument Evaluation & Deduction",AUDITED,VERIFIED,"","",2026-08-19T09:29:24.791Z
cmstwdq0r00dk04l53rgrxyja,"Verbal Ability","Critical Reasoning - Argument Evaluation & Deduction",AUDITED,VERIFIED,"","",2026-08-19T09:29:24.822Z
cmstwdq0r00dl04l5hn95aspv,"Verbal Ability","Critical Reasoning - Argument Evaluation & Deduction",AUDITED,VERIFIED,"","",2026-08-19T09:29:24.854Z
cmstwdq0r00dm04l529cdqwy9,"Verbal Ability","Critical Reasoning - Argument Evaluation & Deduction",AUDITED,VERIFIED,"","",2026-08-19T09:29:24.889Z
cmstwdq0r00dn04l5sv8ivqq6,"Verbal Ability","Critical Reasoning - Argument Evaluation & Deduction",AUDITED,VERIFIED,"","",2026-08-19T09:29:24.921Z
cmstwdq0r00do04l54y3dx1cr,"Verbal Ability","Critical Reasoning - Argument Evaluation & Deduction",AUDITED,VERIFIED,"","",2026-08-19T09:29:24.957Z
cmstwdq0r00dp04l5g211w4uo,"Verbal Ability","Critical Reasoning - Argument Evaluation & Deduction",AUDITED,VERIFIED,"","",2026-08-19T09:29:24.992Z
cmstwdq0r00dq04l50vnyxjir,"Verbal Ability","Critical Reasoning - Argument Evaluation & Deduction",AUDITED,VERIFIED,"","",2026-08-19T09:29:25.026Z
cmstwdq0r00dr04l57w5w0p75,"Verbal Ability","Critical Reasoning - Argument Evaluation & Deduction",AUDITED,VERIFIED,"","",2026-08-19T09:29:25.058Z
cmstwdq0r00ds04l591x3j812,"Verbal Ability","Critical Reasoning - Argument Evaluation & Deduction",AUDITED,VERIFIED,"","",2026-08-19T09:29:25.090Z
cmstwdq0r00dt04l54hr6ridz,"Verbal Ability","Critical Reasoning - Argument Evaluation & Deduction",AUDITED,VERIFIED,"","",2026-08-19T09:29:25.125Z
cmstwdq0r00du04l5amhl68oa,"Verbal Ability","Critical Reasoning - Argument Evaluation & Deduction",AUDITED,VERIFIED,"","",2026-08-19T09:29:25.162Z
cmstwdq0r00dv04l5s8jvt0ph,"Verbal Ability","Critical Reasoning - Argument Evaluation & Deduction",AUDITED,VERIFIED,"","",2026-08-19T09:29:25.202Z
cmstwdq0r00dw04l5ae9c6wq7,"Verbal Ability","Critical Reasoning - Argument Evaluation & Deduction",AUDITED,VERIFIED,"","",2026-08-19T09:29:25.238Z
cmstwdq0r00dx04l5osgwwc0u,"Verbal Ability","Logical Reasoning (Verbal) - Deductive Verbal Reasoning",AUDITED,VERIFIED,"","",2026-08-19T09:29:25.271Z
cmstwdq0r00dy04l57zx9pug4,"Verbal Ability","Logical Reasoning (Verbal) - Deductive Verbal Reasoning",AUDITED,VERIFIED,"","",2026-08-19T09:29:25.303Z
cmstwdq0r00dz04l511rftvts,"Verbal Ability","Logical Reasoning (Verbal) - Deductive Verbal Reasoning",AUDITED,VERIFIED,"","",2026-08-19T09:29:25.339Z
cmstwdq0r00e004l5se3gfc3z,"Verbal Ability","Logical Reasoning (Verbal) - Deductive Verbal Reasoning",AUDITED,VERIFIED,"","",2026-08-19T09:29:25.371Z
cmstwdq0r00e104l5mcxqh4op,"Verbal Ability","Logical Reasoning (Verbal) - Deductive Verbal Reasoning",AUDITED,VERIFIED,"","",2026-08-19T09:29:25.402Z
cmstwdq0r00e204l581sellh9,"Verbal Ability","Logical Reasoning (Verbal) - Deductive Verbal Reasoning",AUDITED,VERIFIED,"","",2026-08-19T09:29:25.437Z
cmstwdq0r00e304l530chipeu,"Verbal Ability","Logical Reasoning (Verbal) - Deductive Verbal Reasoning",AUDITED,VERIFIED,"","",2026-08-19T09:29:25.471Z
cmstwdq0r00e404l55yy5sz5o,"Verbal Ability","Logical Reasoning (Verbal) - Deductive Verbal Reasoning",AUDITED,VERIFIED,"","",2026-08-19T09:29:25.501Z
cmstwdq0r00e504l5k7hufbdl,"Verbal Ability","Logical Reasoning (Verbal) - Deductive Verbal Reasoning",AUDITED,VERIFIED,"","",2026-08-19T09:29:25.535Z
cmstwdq0r00e604l5jr4l66ab,"Verbal Ability","Logical Reasoning (Verbal) - Deductive Verbal Reasoning",AUDITED,VERIFIED,"","",2026-08-19T09:29:25.567Z
cmstwdq0r00e704l5tsn241on,"Verbal Ability","Logical Reasoning (Verbal) - Deductive Verbal Reasoning",AUDITED,VERIFIED,"","",2026-08-19T09:29:25.599Z
cmstwdq0r00e804l5j9asuy39,"Verbal Ability","Logical Reasoning (Verbal) - Deductive Verbal Reasoning",AUDITED,VERIFIED,"","",2026-08-19T09:29:25.627Z
cmstwdq0r00e904l5v4qzaj5y,"Verbal Ability","Logical Reasoning (Verbal) - Deductive Verbal Reasoning",AUDITED,VERIFIED,"","",2026-08-19T09:29:25.659Z
cmstwdq0r00ea04l567jnuq2k,"Verbal Ability","Logical Reasoning (Verbal) - Deductive Verbal Reasoning",AUDITED,VERIFIED,"","",2026-08-19T09:29:25.692Z
cmstwdq0r00eb04l524vq3qi8,"Verbal Ability","Logical Reasoning (Verbal) - Deductive Verbal Reasoning",AUDITED,VERIFIED,"","",2026-08-19T09:29:25.724Z
cmstwdq0r00ec04l50l2wyqv4,"Verbal Ability","Logical Reasoning (Verbal) - Deductive Verbal Reasoning",AUDITED,VERIFIED,"","",2026-08-19T09:29:25.757Z
cmstwdq0r00ed04l5hom0qs6f,"Verbal Ability","Logical Reasoning (Verbal) - Deductive Verbal Reasoning",AUDITED,VERIFIED,"","",2026-08-19T09:29:25.790Z
cmstwdq0r00ee04l5b62rc2jm,"Verbal Ability","Logical Reasoning (Verbal) - Deductive Verbal Reasoning",AUDITED,VERIFIED,"","",2026-08-19T09:29:25.911Z
cmstwdq0r00ef04l5pfo09v7q,"Verbal Ability","Logical Reasoning (Verbal) - Deductive Verbal Reasoning",AUDITED,VERIFIED,"","",2026-08-19T09:29:25.943Z
cmstwdq0r00eg04l5ud8af4dk,"Verbal Ability","Logical Reasoning (Verbal) - Deductive Verbal Reasoning",AUDITED,VERIFIED,"","",2026-08-19T09:29:25.975Z
cmstwdq0r00eh04l5sm120ms2,"Verbal Ability","Logical Reasoning (Verbal) - Deductive Verbal Reasoning",AUDITED,VERIFIED,"","",2026-08-19T09:29:26.007Z
cmstwdq0r00ei04l5i7301asr,"Verbal Ability","Logical Reasoning (Verbal) - Deductive Verbal Reasoning",AUDITED,VERIFIED,"","",2026-08-19T09:29:26.040Z
cmstwdq0r00ej04l53bp4yi66,"Verbal Ability","Logical Reasoning (Verbal) - Deductive Verbal Reasoning",AUDITED,VERIFIED,"","",2026-08-19T09:29:26.073Z
cmstwdq0r00ek04l55s0ij7f4,"Verbal Ability","Logical Reasoning (Verbal) - Deductive Verbal Reasoning",AUDITED,VERIFIED,"","",2026-08-19T09:29:26.106Z
cmstwdq0r00el04l535p8chh9,"Verbal Ability","Logical Reasoning (Verbal) - Deductive Verbal Reasoning",AUDITED,VERIFIED,"","",2026-08-19T09:29:26.138Z
cmstwdq0r00em04l5zlxfk4yd,"Verbal Ability","Idioms and Idiomatic Expressions - Figurative Language",AUDITED,VERIFIED,"","",2026-08-19T09:29:26.171Z
cmstwdq0r00en04l5d6tskdga,"Verbal Ability","Idioms and Idiomatic Expressions - Figurative Language",AUDITED,VERIFIED,"","",2026-08-19T09:29:26.210Z
cmstwdq0r00eo04l5p1m99ved,"Verbal Ability","Idioms and Idiomatic Expressions - Figurative Language",AUDITED,VERIFIED,"","",2026-08-19T09:29:26.246Z
cmstwdq0r00ep04l5mph42he8,"Verbal Ability","Idioms and Idiomatic Expressions - Figurative Language",AUDITED,VERIFIED,"","",2026-08-19T09:29:26.282Z
cmstwdq0r00eq04l5cp8ph8dt,"Verbal Ability","Idioms and Idiomatic Expressions - Figurative Language",AUDITED,VERIFIED,"","",2026-08-19T09:29:26.317Z
cmstwdq0r00er04l5scc54ine,"Verbal Ability","Idioms and Idiomatic Expressions - Figurative Language",AUDITED,VERIFIED,"","",2026-08-19T09:29:26.345Z
cmstwdq0r00es04l511cziq8s,"Verbal Ability","Idioms and Idiomatic Expressions - Figurative Language",AUDITED,VERIFIED,"","",2026-08-19T09:29:26.376Z
cmstwdq0r00et04l5b1ii6ect,"Verbal Ability","Idioms and Idiomatic Expressions - Figurative Language",AUDITED,VERIFIED,"","",2026-08-19T09:29:26.405Z
cmstwdq0r00eu04l5ov8j374n,"Verbal Ability","Idioms and Idiomatic Expressions - Figurative Language",AUDITED,VERIFIED,"","",2026-08-19T09:29:26.424Z
cmstwdq0r00ev04l5xv4zifir,"Verbal Ability","Idioms and Idiomatic Expressions - Figurative Language",AUDITED,VERIFIED,"","",2026-08-19T09:29:26.453Z
cmstwdq0r00ew04l5ucs42mqn,"Verbal Ability","Idioms and Idiomatic Expressions - Figurative Language",AUDITED,VERIFIED,"","",2026-08-19T09:29:26.486Z
cmstwdq0r00ex04l52r4p4ad8,"Verbal Ability","Idioms and Idiomatic Expressions - Figurative Language",AUDITED,VERIFIED,"","",2026-08-19T09:29:26.518Z
cmstwdq0r00ey04l5i8ip4ycd,"Verbal Ability","Idioms and Idiomatic Expressions - Figurative Language",AUDITED,VERIFIED,"","",2026-08-19T09:29:26.550Z
cmstwdq0r00ez04l5t6elugd5,"Verbal Ability","Idioms and Idiomatic Expressions - Figurative Language",AUDITED,VERIFIED,"","",2026-08-19T09:29:26.582Z
cmstwdq0r00f004l5xvsxndfy,"Verbal Ability","Idioms and Idiomatic Expressions - Figurative Language",AUDITED,VERIFIED,"","",2026-08-19T09:29:26.611Z
cmstwdq0r00f104l54neh9d6l,"Verbal Ability","Idioms and Idiomatic Expressions - Figurative Language",AUDITED,VERIFIED,"","",2026-08-19T09:29:26.640Z
cmstwdq0r00f204l5v36l3jny,"Verbal Ability","Idioms and Idiomatic Expressions - Figurative Language",AUDITED,VERIFIED,"","",2026-08-19T09:29:26.675Z
cmstwdq0r00f304l57kxgafru,"Verbal Ability","Idioms and Idiomatic Expressions - Figurative Language",AUDITED,VERIFIED,"","",2026-08-19T09:29:26.704Z
cmstwdq0r00f404l52w6hzaad,"Verbal Ability","Idioms and Idiomatic Expressions - Figurative Language",AUDITED,VERIFIED,"","",2026-08-19T09:29:26.734Z
cmstwdq0r00f504l5ltatsmp9,"Verbal Ability","Idioms and Idiomatic Expressions - Figurative Language",AUDITED,VERIFIED,"","",2026-08-19T09:29:26.754Z
cmstwdq0r00f604l5gvxkdtpl,"Verbal Ability","Idioms and Idiomatic Expressions - Figurative Language",AUDITED,VERIFIED,"","",2026-08-19T09:29:26.786Z
cmstwdq0r00f704l51ktsg0ow,"Verbal Ability","Idioms and Idiomatic Expressions - Figurative Language",AUDITED,VERIFIED,"","",2026-08-19T09:29:26.815Z
cmstwdq0r00f804l5ge7d4g57,"Verbal Ability","Idioms and Idiomatic Expressions - Figurative Language",AUDITED,VERIFIED,"","",2026-08-19T09:29:26.847Z
cmstwdq0r00f904l58q32cpl1,"Verbal Ability","Idioms and Idiomatic Expressions - Figurative Language",AUDITED,VERIFIED,"","",2026-08-19T09:29:26.882Z
cmstwdq0r00fa04l52ujjj4mi,"Verbal Ability","Idioms and Idiomatic Expressions - Figurative Language",AUDITED,VERIFIED,"","",2026-08-19T09:29:26.910Z
cmstwdq0r00fb04l5ojikbs8n,"Verbal Ability","Sentence Improvement - Structural Clarity & Precision",AUDITED,VERIFIED,"","",2026-08-19T09:29:26.940Z
cmstwdq0r00fc04l5baqqv57r,"Verbal Ability","Sentence Improvement - Structural Clarity & Precision",AUDITED,VERIFIED,"","",2026-08-19T09:29:26.970Z
cmstwdq0r00fd04l5e4dqorgc,"Verbal Ability","Sentence Improvement - Structural Clarity & Precision",AUDITED,VERIFIED,"","",2026-08-19T09:29:27.001Z
cmstwdq0r00fe04l5e8dqiehc,"Verbal Ability","Sentence Improvement - Structural Clarity & Precision",AUDITED,VERIFIED,"","",2026-08-19T09:29:27.030Z
cmstwdq0r00ff04l51mmnil9g,"Verbal Ability","Sentence Improvement - Structural Clarity & Precision",AUDITED,VERIFIED,"","",2026-08-19T09:29:27.060Z
cmstwdq0r00fg04l57fckf2g3,"Verbal Ability","Sentence Improvement - Structural Clarity & Precision",AUDITED,VERIFIED,"","",2026-08-19T09:29:27.090Z
cmstwdq0r00fh04l5lso1s805,"Verbal Ability","Sentence Improvement - Structural Clarity & Precision",AUDITED,VERIFIED,"","",2026-08-19T09:29:27.120Z
cmstwdq0r00fi04l5osq0z4xj,"Verbal Ability","Sentence Improvement - Structural Clarity & Precision",AUDITED,VERIFIED,"","",2026-08-19T09:29:27.151Z
cmstwdq0r00fj04l5zm9eap0w,"Verbal Ability","Sentence Improvement - Structural Clarity & Precision",AUDITED,VERIFIED,"","",2026-08-19T09:29:27.180Z
cmstwdq0r00fk04l519b7vx0h,"Verbal Ability","Sentence Improvement - Structural Clarity & Precision",AUDITED,VERIFIED,"","",2026-08-19T09:29:27.211Z
cmstwdq0r00fl04l5xr40c15r,"Verbal Ability","Sentence Improvement - Structural Clarity & Precision",AUDITED,VERIFIED,"","",2026-08-19T09:29:27.241Z
cmstwdq0r00fm04l5si55ojlh,"Verbal Ability","Sentence Improvement - Structural Clarity & Precision",AUDITED,VERIFIED,"","",2026-08-19T09:29:27.274Z
cmstwdq0s00fn04l509pjec99,"Verbal Ability","Sentence Improvement - Structural Clarity & Precision",AUDITED,VERIFIED,"","",2026-08-19T09:29:27.304Z
cmstwdq0s00fo04l5armhifqw,"Verbal Ability","Sentence Improvement - Structural Clarity & Precision",AUDITED,VERIFIED,"","",2026-08-19T09:29:27.336Z
cmstwdq0s00fp04l5ju1nhv4g,"Verbal Ability","Sentence Improvement - Structural Clarity & Precision",AUDITED,VERIFIED,"","",2026-08-19T09:29:27.370Z
cmstwdq0s00fq04l5jow9k52l,"Verbal Ability","Sentence Improvement - Structural Clarity & Precision",AUDITED,VERIFIED,"","",2026-08-19T09:29:27.401Z
cmstwdq0s00fr04l5wcnf49wq,"Verbal Ability","Sentence Improvement - Structural Clarity & Precision",AUDITED,VERIFIED,"","",2026-08-19T09:29:27.432Z
cmstwdq0s00fs04l5rqoqj9ly,"Verbal Ability","Sentence Improvement - Structural Clarity & Precision",AUDITED,VERIFIED,"","",2026-08-19T09:29:27.464Z
cmstwdq0s00ft04l5i1jcbrky,"Verbal Ability","Sentence Improvement - Structural Clarity & Precision",AUDITED,VERIFIED,"","",2026-08-19T09:29:27.496Z
cmstwdq0s00fu04l5gwbit3io,"Verbal Ability","Sentence Improvement - Structural Clarity & Precision",AUDITED,VERIFIED,"","",2026-08-19T09:29:27.527Z
cmstwdq0s00fv04l5lni8a759,"Verbal Ability","Sentence Improvement - Structural Clarity & Precision",AUDITED,VERIFIED,"","",2026-08-19T09:29:27.559Z
cmstwdq0s00fw04l5wy894lwk,"Verbal Ability","Sentence Improvement - Structural Clarity & Precision",AUDITED,VERIFIED,"","",2026-08-19T09:29:27.591Z
cmstwdq0s00fx04l5lvl4dpbm,"Verbal Ability","Sentence Improvement - Structural Clarity & Precision",AUDITED,VERIFIED,"","",2026-08-19T09:29:27.623Z
cmstwdq0s00fy04l5kay8mt4w,"Verbal Ability","Sentence Improvement - Structural Clarity & Precision",AUDITED,VERIFIED,"","",2026-08-19T09:29:27.658Z
cmstwdq0s00fz04l5vvuregjj,"Verbal Ability","Sentence Improvement - Structural Clarity & Precision",AUDITED,VERIFIED,"","",2026-08-19T09:29:27.690Z
cmstwdq0s00g004l5sdwnwhmc,"Verbal Ability","Error Recognition - Grammatical & Syntactic Violations",AUDITED,CORRECTED — VERIFIED,"ERROR_ID_FORMAT_STANDARDIZED","",2026-08-19T09:29:27.812Z
cmstwdq0s00g104l5w2keq5ai,"Verbal Ability","Error Recognition - Grammatical & Syntactic Violations",AUDITED,CORRECTED — VERIFIED,"ERROR_ID_FORMAT_STANDARDIZED","",2026-08-19T09:29:27.932Z
cmstwdq0s00g204l59tm8t2sp,"Verbal Ability","Error Recognition - Grammatical & Syntactic Violations",AUDITED,CORRECTED — VERIFIED,"ERROR_ID_FORMAT_STANDARDIZED","",2026-08-19T09:29:28.052Z
cmstwdq0s00g304l5gjm178t9,"Verbal Ability","Error Recognition - Grammatical & Syntactic Violations",AUDITED,CORRECTED — VERIFIED,"ERROR_ID_FORMAT_STANDARDIZED","",2026-08-19T09:29:28.172Z
cmstwdq0s00g404l54d6g4jdv,"Verbal Ability","Error Recognition - Grammatical & Syntactic Violations",AUDITED,CORRECTED — VERIFIED,"ERROR_ID_FORMAT_STANDARDIZED","",2026-08-19T09:29:28.292Z
cmstwdq0s00g504l5yw0wkl1m,"Verbal Ability","Error Recognition - Grammatical & Syntactic Violations",AUDITED,CORRECTED — VERIFIED,"ERROR_ID_FORMAT_STANDARDIZED","",2026-08-19T09:29:28.435Z
cmstwdq0s00g604l5d2tn8w3c,"Verbal Ability","Error Recognition - Grammatical & Syntactic Violations",AUDITED,CORRECTED — VERIFIED,"ERROR_ID_FORMAT_STANDARDIZED","",2026-08-19T09:29:28.582Z
cmstwdq0s00g704l55jhh9vc8,"Verbal Ability","Error Recognition - Grammatical & Syntactic Violations",AUDITED,CORRECTED — VERIFIED,"ERROR_ID_FORMAT_STANDARDIZED","",2026-08-19T09:29:28.702Z
cmstwdq0s00g804l5ku9tssyw,"Verbal Ability","Error Recognition - Grammatical & Syntactic Violations",AUDITED,CORRECTED — VERIFIED,"ERROR_ID_FORMAT_STANDARDIZED","",2026-08-19T09:29:28.820Z
cmstwdq0s00g904l54tjn2p6i,"Verbal Ability","Error Recognition - Grammatical & Syntactic Violations",AUDITED,CORRECTED — VERIFIED,"ERROR_ID_FORMAT_STANDARDIZED","",2026-08-19T09:29:28.942Z
cmstwdq0s00ga04l5ugll5cah,"Verbal Ability","Error Recognition - Grammatical & Syntactic Violations",AUDITED,CORRECTED — VERIFIED,"ERROR_ID_FORMAT_STANDARDIZED","",2026-08-19T09:29:29.064Z
cmstwdq0s00gb04l5c4r03sfn,"Verbal Ability","Error Recognition - Grammatical & Syntactic Violations",AUDITED,CORRECTED — VERIFIED,"ERROR_ID_FORMAT_STANDARDIZED","",2026-08-19T09:29:29.184Z
cmstwdq0s00gc04l5l62tixiq,"Verbal Ability","Error Recognition - Grammatical & Syntactic Violations",AUDITED,CORRECTED — VERIFIED,"ERROR_ID_FORMAT_STANDARDIZED","",2026-08-19T09:29:29.316Z
cmstwdq0s00gd04l5iza0yw0x,"Verbal Ability","Error Recognition - Grammatical & Syntactic Violations",AUDITED,CORRECTED — VERIFIED,"ERROR_ID_FORMAT_STANDARDIZED","",2026-08-19T09:29:29.435Z
cmstwdq0s00ge04l5ku203m0p,"Verbal Ability","Error Recognition - Grammatical & Syntactic Violations",AUDITED,CORRECTED — VERIFIED,"ERROR_ID_FORMAT_STANDARDIZED","",2026-08-19T09:29:29.553Z
cmstwdq0s00gf04l53niydffe,"Verbal Ability","Error Recognition - Grammatical & Syntactic Violations",AUDITED,CORRECTED — VERIFIED,"ERROR_ID_FORMAT_STANDARDIZED","",2026-08-19T09:29:29.676Z
cmstwdq0s00gg04l5fo9i559l,"Verbal Ability","Error Recognition - Grammatical & Syntactic Violations",AUDITED,CORRECTED — VERIFIED,"ERROR_ID_FORMAT_STANDARDIZED","",2026-08-19T09:29:29.816Z
cmstwdq0s00gh04l5mv3hbj05,"Verbal Ability","Error Recognition - Grammatical & Syntactic Violations",AUDITED,CORRECTED — VERIFIED,"ERROR_ID_FORMAT_STANDARDIZED","",2026-08-19T09:29:29.943Z
cmstwdq0s00gi04l507tkbv81,"Verbal Ability","Error Recognition - Grammatical & Syntactic Violations",AUDITED,CORRECTED — VERIFIED,"ERROR_ID_FORMAT_STANDARDIZED","",2026-08-19T09:29:30.068Z
cmstwdq0s00gj04l5iofjnnbz,"Verbal Ability","Error Recognition - Grammatical & Syntactic Violations",AUDITED,CORRECTED — VERIFIED,"ERROR_ID_FORMAT_STANDARDIZED","",2026-08-19T09:29:30.188Z
cmstwdq0s00gk04l5h197y4j6,"Verbal Ability","Error Recognition - Grammatical & Syntactic Violations",AUDITED,CORRECTED — VERIFIED,"ERROR_ID_FORMAT_STANDARDIZED","",2026-08-19T09:29:30.308Z
cmstwdq0s00gl04l5ey4obhlk,"Verbal Ability","Error Recognition - Grammatical & Syntactic Violations",AUDITED,CORRECTED — VERIFIED,"ERROR_ID_FORMAT_STANDARDIZED","",2026-08-19T09:29:30.429Z
cmstwdq0s00gm04l5t5h882lv,"Verbal Ability","Error Recognition - Grammatical & Syntactic Violations",AUDITED,CORRECTED — VERIFIED,"ERROR_ID_FORMAT_STANDARDIZED","",2026-08-19T09:29:30.553Z
cmstwdq0s00gn04l5a3bpp5c4,"Verbal Ability","Error Recognition - Grammatical & Syntactic Violations",AUDITED,CORRECTED — VERIFIED,"ERROR_ID_FORMAT_STANDARDIZED","",2026-08-19T09:29:30.671Z
cmstwdq0s00go04l5wif6c8bd,"Verbal Ability","Error Recognition - Grammatical & Syntactic Violations",AUDITED,CORRECTED — VERIFIED,"ERROR_ID_FORMAT_STANDARDIZED","",2026-08-19T09:29:30.801Z
cmstwdq0s00gp04l5i9umfcvw,"Verbal Ability","Modifiers - Misplaced & Dangling Modifiers",AUDITED,VERIFIED,"","",2026-08-19T09:29:30.830Z
cmstwdq0s00gq04l557fwgqif,"Verbal Ability","Modifiers - Misplaced & Dangling Modifiers",AUDITED,VERIFIED,"","",2026-08-19T09:29:30.860Z
cmstwdq0s00gr04l5ebvmf18k,"Verbal Ability","Modifiers - Misplaced & Dangling Modifiers",AUDITED,VERIFIED,"","",2026-08-19T09:29:30.881Z
cmstwdq0s00gs04l5uy622m8f,"Verbal Ability","Modifiers - Misplaced & Dangling Modifiers",AUDITED,VERIFIED,"","",2026-08-19T09:29:30.912Z
cmstwdq0s00gt04l5z5jfpsdf,"Verbal Ability","Modifiers - Misplaced & Dangling Modifiers",AUDITED,VERIFIED,"","",2026-08-19T09:29:30.932Z
cmstwdq0s00gu04l5potw3kjy,"Verbal Ability","Modifiers - Misplaced & Dangling Modifiers",AUDITED,VERIFIED,"","",2026-08-19T09:29:30.961Z
cmstwdq0s00gv04l5k3xbhnhk,"Verbal Ability","Modifiers - Misplaced & Dangling Modifiers",AUDITED,VERIFIED,"","",2026-08-19T09:29:30.981Z
cmstwdq0s00gw04l5mz2aesui,"Verbal Ability","Modifiers - Misplaced & Dangling Modifiers",AUDITED,VERIFIED,"","",2026-08-19T09:29:31.012Z
cmstwdq0s00gx04l5u06sonh0,"Verbal Ability","Modifiers - Misplaced & Dangling Modifiers",AUDITED,VERIFIED,"","",2026-08-19T09:29:31.041Z
cmstwdq0s00gy04l5gzdw4qx2,"Verbal Ability","Modifiers - Misplaced & Dangling Modifiers",AUDITED,VERIFIED,"","",2026-08-19T09:29:31.068Z
cmstwdq0s00gz04l5k8x2e27j,"Verbal Ability","Modifiers - Misplaced & Dangling Modifiers",AUDITED,VERIFIED,"","",2026-08-19T09:29:31.098Z
cmstwdq0s00h004l5n09wm5gv,"Verbal Ability","Modifiers - Misplaced & Dangling Modifiers",AUDITED,VERIFIED,"","",2026-08-19T09:29:31.118Z
cmstwdq0s00h104l5jxgeo48j,"Verbal Ability","Modifiers - Misplaced & Dangling Modifiers",AUDITED,VERIFIED,"","",2026-08-19T09:29:31.141Z
cmstwdq0s00h204l51mkjx7du,"Verbal Ability","Modifiers - Misplaced & Dangling Modifiers",AUDITED,VERIFIED,"","",2026-08-19T09:29:31.162Z
cmstwdq0s00h304l5rdp7dmh0,"Verbal Ability","Modifiers - Misplaced & Dangling Modifiers",AUDITED,VERIFIED,"","",2026-08-19T09:29:31.197Z
cmstwdq0s00h404l5efkijjw2,"Verbal Ability","Modifiers - Misplaced & Dangling Modifiers",AUDITED,VERIFIED,"","",2026-08-19T09:29:31.228Z
cmstwdq0s00h504l5fo5suf9z,"Verbal Ability","Modifiers - Misplaced & Dangling Modifiers",AUDITED,VERIFIED,"","",2026-08-19T09:29:31.260Z
cmstwdq0s00h604l5xm9zkru1,"Verbal Ability","Modifiers - Misplaced & Dangling Modifiers",AUDITED,VERIFIED,"","",2026-08-19T09:29:31.380Z
cmstwdq0s00h704l5ar8q2yn7,"Verbal Ability","Modifiers - Misplaced & Dangling Modifiers",AUDITED,VERIFIED,"","",2026-08-19T09:29:31.408Z
cmstwdq0s00h804l5vl00g1go,"Verbal Ability","Modifiers - Misplaced & Dangling Modifiers",AUDITED,VERIFIED,"","",2026-08-19T09:29:31.437Z
cmstwdq0s00h904l56eb01128,"Verbal Ability","Modifiers - Misplaced & Dangling Modifiers",AUDITED,VERIFIED,"","",2026-08-19T09:29:31.467Z
cmstwdq0s00ha04l5tv7eipsw,"Verbal Ability","Modifiers - Misplaced & Dangling Modifiers",AUDITED,VERIFIED,"","",2026-08-19T09:29:31.498Z
cmstwdq0s00hb04l57w2bp20y,"Verbal Ability","Modifiers - Misplaced & Dangling Modifiers",AUDITED,VERIFIED,"","",2026-08-19T09:29:31.532Z
cmstwdq0s00hc04l5813j7myi,"Verbal Ability","Modifiers - Misplaced & Dangling Modifiers",AUDITED,VERIFIED,"","",2026-08-19T09:29:31.563Z
cmstwdq0s00hd04l5putr38th,"Verbal Ability","Modifiers - Misplaced & Dangling Modifiers",AUDITED,VERIFIED,"","",2026-08-19T09:29:31.583Z
cmstwdq0s00he04l5hm2odx5s,"Verbal Ability","Active and Passive Voice - Voice Transformations & Syntax",AUDITED,VERIFIED,"","",2026-08-19T09:29:31.614Z
cmstwdq0s00hf04l53rucfeec,"Verbal Ability","Active and Passive Voice - Voice Transformations & Syntax",AUDITED,VERIFIED,"","",2026-08-19T09:29:31.647Z
cmstwdq0s00hg04l5lhoikr7f,"Verbal Ability","Active and Passive Voice - Voice Transformations & Syntax",AUDITED,VERIFIED,"","",2026-08-19T09:29:31.681Z
cmstwdq0s00hh04l5dorieiic,"Verbal Ability","Active and Passive Voice - Voice Transformations & Syntax",AUDITED,VERIFIED,"","",2026-08-19T09:29:31.701Z
cmstwecdt00u304l51c5xixj7,"General Information","ASEAN - Regional Integration & Charter Treaties",AUDITED,VERIFIED,"","",2026-08-19T09:29:31.734Z
cmstwecds00s604l53tzsfjvv,"General Information","Sports - Historic Milestones & Regulatory Bodies",AUDITED,VERIFIED,"","",2026-08-19T09:29:31.767Z
cmstwecds00s704l5lz2ufcry,"General Information","Sports - Historic Milestones & Regulatory Bodies",AUDITED,VERIFIED,"","",2026-08-19T09:29:31.799Z
cmstwecds00s804l5j5chjh23,"General Information","Sports - Historic Milestones & Regulatory Bodies",AUDITED,VERIFIED,"","",2026-08-19T09:29:31.829Z
cmstwecds00s904l542q8jdaq,"General Information","Sports - Historic Milestones & Regulatory Bodies",AUDITED,VERIFIED,"","",2026-08-19T09:29:31.863Z
cmstwecds00sa04l5nua9ww48,"General Information","Sports - Historic Milestones & Regulatory Bodies",AUDITED,VERIFIED,"","",2026-08-19T09:29:31.896Z
cmstwecds00sb04l5xuh7xwmh,"General Information","Sports - Historic Milestones & Regulatory Bodies",AUDITED,VERIFIED,"","",2026-08-19T09:29:31.930Z
cmstwecds00sc04l5v5vybh6y,"General Information","Sports - Historic Milestones & Regulatory Bodies",AUDITED,VERIFIED,"","",2026-08-19T09:29:31.963Z
cmstwecds00sd04l5uuhlpfdb,"General Information","Sports - Historic Milestones & Regulatory Bodies",AUDITED,VERIFIED,"","",2026-08-19T09:29:31.996Z
cmstwecds00se04l5kzlm8kyr,"General Information","Sports - Historic Milestones & Regulatory Bodies",AUDITED,VERIFIED,"","",2026-08-19T09:29:32.029Z
cmstwecds00sf04l5iqqbbn7y,"General Information","Sports - Historic Milestones & Regulatory Bodies",AUDITED,VERIFIED,"","",2026-08-19T09:29:32.063Z
cmstwecds00sg04l53kknv6w6,"General Information","Sports - Historic Milestones & Regulatory Bodies",AUDITED,VERIFIED,"","",2026-08-19T09:29:32.094Z
cmstwecds00sh04l5bjs87kru,"General Information","Sports - Historic Milestones & Regulatory Bodies",AUDITED,VERIFIED,"","",2026-08-19T09:29:32.126Z
cmstwecds00si04l5me4qiqis,"General Information","Economics - Macroeconomic Indicators & Public Finance",AUDITED,VERIFIED,"","",2026-08-19T09:29:32.159Z
cmstwecds00sj04l5jd5p3tsv,"General Information","Economics - Macroeconomic Indicators & Public Finance",AUDITED,VERIFIED,"","",2026-08-19T09:29:32.193Z
cmstwecds00sk04l53yqjitop,"General Information","Economics - Macroeconomic Indicators & Public Finance",AUDITED,VERIFIED,"","",2026-08-19T09:29:32.224Z
cmstwecds00sl04l5iex9zns8,"General Information","Economics - Macroeconomic Indicators & Public Finance",AUDITED,VERIFIED,"","",2026-08-19T09:29:32.258Z
cmstwecds00sm04l5smuffd6t,"General Information","Economics - Macroeconomic Indicators & Public Finance",AUDITED,VERIFIED,"","",2026-08-19T09:29:32.291Z
cmstwecds00sn04l5587rr8vr,"General Information","Economics - Macroeconomic Indicators & Public Finance",AUDITED,VERIFIED,"","",2026-08-19T09:29:32.320Z
cmstwecds00so04l5tlzif8l7,"General Information","Economics - Macroeconomic Indicators & Public Finance",AUDITED,VERIFIED,"","",2026-08-19T09:29:32.351Z
cmstwecds00sp04l5l9ukc48k,"General Information","Economics - Macroeconomic Indicators & Public Finance",AUDITED,VERIFIED,"","",2026-08-19T09:29:32.381Z
cmstwecds00sq04l557f7s72j,"General Information","Economics - Macroeconomic Indicators & Public Finance",AUDITED,VERIFIED,"","",2026-08-19T09:29:32.411Z
cmstwecds00sr04l5w4hk6pxy,"General Information","Economics - Macroeconomic Indicators & Public Finance",AUDITED,VERIFIED,"","",2026-08-19T09:29:32.442Z
cmstwecds00ss04l56s3owk15,"General Information","Economics - Macroeconomic Indicators & Public Finance",AUDITED,VERIFIED,"","",2026-08-19T09:29:32.473Z
cmstwecds00st04l5a5d6abw0,"General Information","Economics - Macroeconomic Indicators & Public Finance",AUDITED,VERIFIED,"","",2026-08-19T09:29:32.505Z
cmstwecds00su04l5oqpg197d,"General Information","Economics - Macroeconomic Indicators & Public Finance",AUDITED,VERIFIED,"","",2026-08-19T09:29:32.534Z
cmstwecds00sv04l5ci35zigi,"General Information","Economics - Macroeconomic Indicators & Public Finance",AUDITED,VERIFIED,"","",2026-08-19T09:29:32.566Z
cmstwecds00sw04l5n63icn7w,"General Information","Economics - Macroeconomic Indicators & Public Finance",AUDITED,VERIFIED,"","",2026-08-19T09:29:32.596Z
cmstwecds00sx04l5h6nsmkas,"General Information","Economics - Macroeconomic Indicators & Public Finance",AUDITED,VERIFIED,"","",2026-08-19T09:29:32.628Z
cmstwecds00sy04l58akefynm,"General Information","Economics - Macroeconomic Indicators & Public Finance",AUDITED,VERIFIED,"","",2026-08-19T09:29:32.660Z
cmstwecds00sz04l5oik106a0,"General Information","Economics - Macroeconomic Indicators & Public Finance",AUDITED,VERIFIED,"","",2026-08-19T09:29:32.691Z
cmstwecds00t004l5vnmh61wt,"General Information","Economics - Macroeconomic Indicators & Public Finance",AUDITED,VERIFIED,"","",2026-08-19T09:29:32.724Z
cmstwecds00t104l5as7zq4dl,"General Information","Economics - Macroeconomic Indicators & Public Finance",AUDITED,VERIFIED,"","",2026-08-19T09:29:32.753Z
cmstwecds00t204l5rb8zdhc1,"General Information","Economics - Macroeconomic Indicators & Public Finance",AUDITED,VERIFIED,"","",2026-08-19T09:29:32.789Z
cmstwecds00t304l5zuegdu7g,"General Information","Economics - Macroeconomic Indicators & Public Finance",AUDITED,VERIFIED,"","",2026-08-19T09:29:32.824Z
cmstwecds00t404l5rtfcvfwa,"General Information","Economics - Macroeconomic Indicators & Public Finance",AUDITED,VERIFIED,"","",2026-08-19T09:29:32.856Z
cmstwecds00t504l5neaszlzx,"General Information","Economics - Macroeconomic Indicators & Public Finance",AUDITED,VERIFIED,"","",2026-08-19T09:29:32.889Z
cmstwecds00t604l5zx0pxhsl,"General Information","Economics - Macroeconomic Indicators & Public Finance",AUDITED,VERIFIED,"","",2026-08-19T09:29:32.921Z
cmstwecds00t704l5x48wr9er,"General Information","World History - Foundational Eras & Landmark Events",AUDITED,VERIFIED,"","",2026-08-19T09:29:32.952Z
cmstwecds00t804l5fyn5im86,"General Information","World History - Foundational Eras & Landmark Events",AUDITED,VERIFIED,"","",2026-08-19T09:29:32.985Z
cmstwecds00t904l5wluhv8v3,"General Information","World History - Foundational Eras & Landmark Events",AUDITED,VERIFIED,"","",2026-08-19T09:29:33.018Z
cmstwecds00ta04l5277szx2l,"General Information","World History - Foundational Eras & Landmark Events",AUDITED,VERIFIED,"","",2026-08-19T09:29:33.050Z
cmstwecds00tb04l5o5h5d8fa,"General Information","World History - Foundational Eras & Landmark Events",AUDITED,VERIFIED,"","",2026-08-19T09:29:33.081Z
cmstwecds00tc04l56441m6hk,"General Information","World History - Foundational Eras & Landmark Events",AUDITED,VERIFIED,"","",2026-08-19T09:29:33.113Z
cmstwecds00td04l5b4pg3yqy,"General Information","World History - Foundational Eras & Landmark Events",AUDITED,VERIFIED,"","",2026-08-19T09:29:33.147Z
cmstwecds00te04l5tgw8qouo,"General Information","World History - Foundational Eras & Landmark Events",AUDITED,VERIFIED,"","",2026-08-19T09:29:33.183Z
cmstwecds00tf04l5ai1e337l,"General Information","World History - Foundational Eras & Landmark Events",AUDITED,VERIFIED,"","",2026-08-19T09:29:33.217Z
cmstwecds00tg04l5nimg3ica,"General Information","World History - Foundational Eras & Landmark Events",AUDITED,VERIFIED,"","",2026-08-19T09:29:33.250Z
cmstwecds00th04l5bhyog6sj,"General Information","World History - Foundational Eras & Landmark Events",AUDITED,VERIFIED,"","",2026-08-19T09:29:33.283Z
cmstwecds00ti04l52woqs17z,"General Information","World History - Foundational Eras & Landmark Events",AUDITED,VERIFIED,"","",2026-08-19T09:29:33.317Z
cmstwecds00tj04l5npb9ykyh,"General Information","World History - Foundational Eras & Landmark Events",AUDITED,VERIFIED,"","",2026-08-19T09:29:33.351Z
cmstwecds00tk04l5lbo48yho,"General Information","World History - Foundational Eras & Landmark Events",AUDITED,VERIFIED,"","",2026-08-19T09:29:33.386Z
cmstwecds00tl04l5jvheab22,"General Information","World History - Foundational Eras & Landmark Events",AUDITED,VERIFIED,"","",2026-08-19T09:29:33.425Z
cmstwecds00tm04l5u5ye7vza,"General Information","World History - Foundational Eras & Landmark Events",AUDITED,VERIFIED,"","",2026-08-19T09:29:33.461Z
cmstwecdt00tn04l5tmvtqw8j,"General Information","World History - Foundational Eras & Landmark Events",AUDITED,VERIFIED,"","",2026-08-19T09:29:33.513Z
cmstwecdt00to04l5d8x2u6q0,"General Information","World History - Foundational Eras & Landmark Events",AUDITED,VERIFIED,"","",2026-08-19T09:29:33.550Z
cmstwecdt00tp04l56txuyn6e,"General Information","World History - Foundational Eras & Landmark Events",AUDITED,VERIFIED,"","",2026-08-19T09:29:33.585Z
cmstwecdt00tq04l58mqojmk5,"General Information","World History - Foundational Eras & Landmark Events",AUDITED,VERIFIED,"","",2026-08-19T09:29:33.620Z
cmstwecdt00tr04l5142cgbgc,"General Information","World History - Foundational Eras & Landmark Events",AUDITED,VERIFIED,"","",2026-08-19T09:29:33.659Z
cmstwecdt00ts04l5qy3mtsbo,"General Information","World History - Foundational Eras & Landmark Events",AUDITED,VERIFIED,"","",2026-08-19T09:29:33.696Z
cmstwecdt00tt04l5i63urvgz,"General Information","World History - Foundational Eras & Landmark Events",AUDITED,VERIFIED,"","",2026-08-19T09:29:33.731Z
cmstwecdt00tu04l5b6hu3z44,"General Information","World History - Foundational Eras & Landmark Events",AUDITED,VERIFIED,"","",2026-08-19T09:29:33.767Z
cmstwecdt00tv04l56ujjf57u,"General Information","World History - Foundational Eras & Landmark Events",AUDITED,VERIFIED,"","",2026-08-19T09:29:33.803Z
cmstwecdt00tw04l5yja7fp2s,"General Information","ASEAN - Regional Integration & Charter Treaties",AUDITED,VERIFIED,"","",2026-08-19T09:29:33.841Z
cmstwecdt00tx04l5r2cq0g7i,"General Information","ASEAN - Regional Integration & Charter Treaties",AUDITED,VERIFIED,"","",2026-08-19T09:29:33.881Z
cmstwecdt00ty04l5i6kurc5b,"General Information","ASEAN - Regional Integration & Charter Treaties",AUDITED,VERIFIED,"","",2026-08-19T09:29:33.917Z
cmstwecdt00tz04l59lgflvrs,"General Information","ASEAN - Regional Integration & Charter Treaties",AUDITED,VERIFIED,"","",2026-08-19T09:29:33.949Z
cmstwecdt00u004l5k5858t5c,"General Information","ASEAN - Regional Integration & Charter Treaties",AUDITED,VERIFIED,"","",2026-08-19T09:29:33.982Z
cmstwecdt00u104l58hxeaq5n,"General Information","ASEAN - Regional Integration & Charter Treaties",AUDITED,VERIFIED,"","",2026-08-19T09:29:34.003Z
cmstwecdt00u204l5hkelpnjv,"General Information","ASEAN - Regional Integration & Charter Treaties",AUDITED,VERIFIED,"","",2026-08-19T09:29:34.034Z
cmstwecdt00um04l50upu8boe,"General Information","Philippine Geography - Regional Divisions & Natural Resources",AUDITED,VERIFIED,"","",2026-08-19T09:29:34.069Z
cmstwecdt00u404l5tkqgyn3b,"General Information","ASEAN - Regional Integration & Charter Treaties",AUDITED,VERIFIED,"","",2026-08-19T09:29:34.102Z
cmstwecdt00u504l575lhr71x,"General Information","ASEAN - Regional Integration & Charter Treaties",AUDITED,VERIFIED,"","",2026-08-19T09:29:34.135Z
cmstwecdt00u604l5zpf26uue,"General Information","ASEAN - Regional Integration & Charter Treaties",AUDITED,VERIFIED,"","",2026-08-19T09:29:34.169Z
cmstwecdt00u704l5qkus1pc9,"General Information","ASEAN - Regional Integration & Charter Treaties",AUDITED,VERIFIED,"","",2026-08-19T09:29:34.201Z
cmstwecdt00u804l5c534tcnf,"General Information","ASEAN - Regional Integration & Charter Treaties",AUDITED,VERIFIED,"","",2026-08-19T09:29:34.230Z
cmstwecdt00u904l5tcu9el76,"General Information","ASEAN - Regional Integration & Charter Treaties",AUDITED,VERIFIED,"","",2026-08-19T09:29:34.267Z
cmstwecdt00ua04l54ccl13ys,"General Information","ASEAN - Regional Integration & Charter Treaties",AUDITED,VERIFIED,"","",2026-08-19T09:29:34.303Z
cmstwecdt00ub04l5swlmrxuq,"General Information","ASEAN - Regional Integration & Charter Treaties",AUDITED,VERIFIED,"","",2026-08-19T09:29:34.335Z
cmstwecdt00uc04l52lunbxcf,"General Information","ASEAN - Regional Integration & Charter Treaties",AUDITED,VERIFIED,"","",2026-08-19T09:29:34.369Z
cmstwecdt00ud04l5r3mylcrb,"General Information","ASEAN - Regional Integration & Charter Treaties",AUDITED,VERIFIED,"","",2026-08-19T09:29:34.409Z
cmstwecdt00uk04l57zhu6v6o,"General Information","ASEAN - Regional Integration & Charter Treaties",AUDITED,VERIFIED,"","",2026-08-19T09:29:34.466Z
cmstwecdt00uj04l54xx1lx94,"General Information","ASEAN - Regional Integration & Charter Treaties",AUDITED,VERIFIED,"","",2026-08-19T09:29:34.512Z
cmstwecdt00ui04l5snu583jb,"General Information","ASEAN - Regional Integration & Charter Treaties",AUDITED,VERIFIED,"","",2026-08-19T09:29:34.586Z
cmstwecdt00uh04l5g7jnx9y4,"General Information","ASEAN - Regional Integration & Charter Treaties",AUDITED,VERIFIED,"","",2026-08-19T09:29:34.620Z
cmstwecdt00ug04l5rk200s8f,"General Information","ASEAN - Regional Integration & Charter Treaties",AUDITED,VERIFIED,"","",2026-08-19T09:29:34.652Z
cmstwecdt00uf04l5wq72uwgc,"General Information","ASEAN - Regional Integration & Charter Treaties",AUDITED,VERIFIED,"","",2026-08-19T09:29:34.686Z
cmstwecdt00ue04l5ih4fh69s,"General Information","ASEAN - Regional Integration & Charter Treaties",AUDITED,VERIFIED,"","",2026-08-19T09:29:34.720Z
cmstwecdq00p204l5q7i9iph6,"General Information","Public Administration - Governance Principles & CSC Rules",AUDITED,VERIFIED,"","",2026-08-19T09:29:34.844Z
cmstwecdq00p304l52l5sm6of,"General Information","Public Administration - Governance Principles & CSC Rules",AUDITED,VERIFIED,"","",2026-08-19T09:29:34.876Z
cmstwecdr00p404l5dl4vhk9m,"General Information","Public Administration - Governance Principles & CSC Rules",AUDITED,VERIFIED,"","",2026-08-19T09:29:34.911Z
cmstwecdr00p504l5guv7149l,"General Information","Public Administration - Governance Principles & CSC Rules",AUDITED,VERIFIED,"","",2026-08-19T09:29:34.943Z
cmstwecdr00p604l5gbpoacq0,"General Information","Public Administration - Governance Principles & CSC Rules",AUDITED,VERIFIED,"","",2026-08-19T09:29:34.978Z
cmstwecdr00p704l57dtqzqsu,"General Information","Public Administration - Governance Principles & CSC Rules",AUDITED,VERIFIED,"","",2026-08-19T09:29:35.013Z
cmstwecdr00p804l5mv3vjjgn,"General Information","Public Administration - Governance Principles & CSC Rules",AUDITED,VERIFIED,"","",2026-08-19T09:29:35.050Z
cmstwecdr00p904l59epz4rgc,"General Information","Public Administration - Governance Principles & CSC Rules",AUDITED,VERIFIED,"","",2026-08-19T09:29:35.086Z
cmstwecdr00pa04l5j33hbffp,"General Information","Public Administration - Governance Principles & CSC Rules",AUDITED,VERIFIED,"","",2026-08-19T09:29:35.130Z
cmstwecdr00pb04l5brx5loey,"General Information","Public Administration - Governance Principles & CSC Rules",AUDITED,VERIFIED,"","",2026-08-19T09:29:35.166Z
cmstwecdr00pc04l5f7d36ye7,"General Information","Public Administration - Governance Principles & CSC Rules",AUDITED,VERIFIED,"","",2026-08-19T09:29:35.202Z
cmstwecdr00pd04l5q75leuea,"General Information","Public Administration - Governance Principles & CSC Rules",AUDITED,VERIFIED,"","",2026-08-19T09:29:35.235Z
cmstwecdr00pe04l5uujvq38g,"General Information","Public Administration - Governance Principles & CSC Rules",AUDITED,VERIFIED,"","",2026-08-19T09:29:35.268Z
cmstwecdr00pf04l5yduw23jf,"General Information","Public Administration - Governance Principles & CSC Rules",AUDITED,VERIFIED,"","",2026-08-19T09:29:35.302Z
cmstwecdr00pg04l5pcns8s1y,"General Information","Public Administration - Governance Principles & CSC Rules",AUDITED,VERIFIED,"","",2026-08-19T09:29:35.333Z
cmstwecdr00ph04l5g94nd1fx,"General Information","Public Administration - Governance Principles & CSC Rules",AUDITED,VERIFIED,"","",2026-08-19T09:29:35.367Z
cmstwecdr00pi04l53zu55g0e,"General Information","Public Administration - Governance Principles & CSC Rules",AUDITED,VERIFIED,"","",2026-08-19T09:29:35.400Z
cmstwecdr00pj04l5dxu3uufc,"General Information","Public Administration - Governance Principles & CSC Rules",AUDITED,VERIFIED,"","",2026-08-19T09:29:35.433Z
cmstwecdr00pk04l5hr4acfpa,"General Information","Public Administration - Governance Principles & CSC Rules",AUDITED,VERIFIED,"","",2026-08-19T09:29:35.469Z
cmstwecdr00pl04l59jw1jtyh,"General Information","Public Administration - Governance Principles & CSC Rules",AUDITED,VERIFIED,"","",2026-08-19T09:29:35.503Z
cmstwecdr00pm04l5agz9qou3,"General Information","Public Administration - Governance Principles & CSC Rules",AUDITED,VERIFIED,"","",2026-08-19T09:29:35.537Z
cmstwecdr00pn04l5h2xpg3yt,"General Information","Public Administration - Governance Principles & CSC Rules",AUDITED,VERIFIED,"","",2026-08-19T09:29:35.570Z
cmstwecdr00po04l5b1mus24d,"General Information","Public Administration - Governance Principles & CSC Rules",AUDITED,VERIFIED,"","",2026-08-19T09:29:35.603Z
cmstwecdr00pp04l57wueapsj,"General Information","Public Administration - Governance Principles & CSC Rules",AUDITED,VERIFIED,"","",2026-08-19T09:29:35.637Z
cmstwecdr00pq04l5evmehnto,"General Information","Public Administration - Governance Principles & CSC Rules",AUDITED,VERIFIED,"","",2026-08-19T09:29:35.670Z
cmstwecdr00pr04l50pja5srq,"General Information","Government Programs - Socio-Economic & Educational Initiatives",AUDITED,VERIFIED,"","",2026-08-19T09:29:35.701Z
cmstwecdr00ps04l56fyno9xp,"General Information","Government Programs - Socio-Economic & Educational Initiatives",AUDITED,VERIFIED,"","",2026-08-19T09:29:35.734Z
cmstwecdr00pt04l5zjsj84ya,"General Information","Government Programs - Socio-Economic & Educational Initiatives",AUDITED,VERIFIED,"","",2026-08-19T09:29:35.768Z
cmstwecdr00pu04l5nrdwzn5a,"General Information","Government Programs - Socio-Economic & Educational Initiatives",AUDITED,VERIFIED,"","",2026-08-19T09:29:35.802Z
cmstwecdr00pv04l5qikm25nv,"General Information","Government Programs - Socio-Economic & Educational Initiatives",AUDITED,VERIFIED,"","",2026-08-19T09:29:35.836Z
cmstwecdr00pw04l5ta2t5ex2,"General Information","Government Programs - Socio-Economic & Educational Initiatives",AUDITED,VERIFIED,"","",2026-08-19T09:29:35.869Z
cmstwecdr00px04l56f76240d,"General Information","Government Programs - Socio-Economic & Educational Initiatives",AUDITED,VERIFIED,"","",2026-08-19T09:29:35.903Z
cmstwecdr00py04l5jxvav6lx,"General Information","Government Programs - Socio-Economic & Educational Initiatives",AUDITED,VERIFIED,"","",2026-08-19T09:29:35.935Z
cmstwecdr00pz04l59ytqm7j3,"General Information","Government Programs - Socio-Economic & Educational Initiatives",AUDITED,VERIFIED,"","",2026-08-19T09:29:35.968Z
cmstwecdr00q004l5y7qgn1vm,"General Information","Government Programs - Socio-Economic & Educational Initiatives",AUDITED,VERIFIED,"","",2026-08-19T09:29:36.001Z
cmstwecdr00q104l59myz9z02,"General Information","Government Programs - Socio-Economic & Educational Initiatives",AUDITED,VERIFIED,"","",2026-08-19T09:29:36.036Z
cmstwecdr00q204l5aor8zh1c,"General Information","Government Programs - Socio-Economic & Educational Initiatives",AUDITED,VERIFIED,"","",2026-08-19T09:29:36.070Z
cmstwecdr00q304l5h35xrcpy,"General Information","Government Programs - Socio-Economic & Educational Initiatives",AUDITED,VERIFIED,"","",2026-08-19T09:29:36.105Z
cmstwecdr00q404l5jv4pltko,"General Information","Government Programs - Socio-Economic & Educational Initiatives",AUDITED,VERIFIED,"","",2026-08-19T09:29:36.143Z
cmstwecdr00q504l5gkli1i8u,"General Information","Government Programs - Socio-Economic & Educational Initiatives",AUDITED,VERIFIED,"","",2026-08-19T09:29:36.179Z
cmstwecdr00q604l5a3latblj,"General Information","Government Programs - Socio-Economic & Educational Initiatives",AUDITED,VERIFIED,"","",2026-08-19T09:29:36.213Z
cmstwecdr00q704l5h68id8ji,"General Information","Government Programs - Socio-Economic & Educational Initiatives",AUDITED,VERIFIED,"","",2026-08-19T09:29:36.246Z
cmstwecdr00q804l57ekgrh8r,"General Information","Government Programs - Socio-Economic & Educational Initiatives",AUDITED,VERIFIED,"","",2026-08-19T09:29:36.279Z
cmstwecdr00q904l5gg8ptd0n,"General Information","Government Programs - Socio-Economic & Educational Initiatives",AUDITED,VERIFIED,"","",2026-08-19T09:29:36.313Z
cmstwecdr00qa04l5r3t9j3to,"General Information","Government Programs - Socio-Economic & Educational Initiatives",AUDITED,VERIFIED,"","",2026-08-19T09:29:36.345Z
cmstwecdr00qb04l5fg0a69p6,"General Information","Government Programs - Socio-Economic & Educational Initiatives",AUDITED,VERIFIED,"","",2026-08-19T09:29:36.379Z
cmstwecdr00qc04l5h0rbrel0,"General Information","Government Programs - Socio-Economic & Educational Initiatives",AUDITED,VERIFIED,"","",2026-08-19T09:29:36.414Z
cmstwecdr00qd04l5knh7n1o8,"General Information","Government Programs - Socio-Economic & Educational Initiatives",AUDITED,VERIFIED,"","",2026-08-19T09:29:36.448Z
cmstwecdr00qe04l5p2fookf6,"General Information","Government Programs - Socio-Economic & Educational Initiatives",AUDITED,VERIFIED,"","",2026-08-19T09:29:36.480Z
cmstwecdr00qf04l5g1t5cf05,"General Information","International Organizations - Global Treaties & Bilateral Affairs",AUDITED,VERIFIED,"","",2026-08-19T09:29:36.514Z
cmstwecdr00qg04l56j0brgyl,"General Information","International Organizations - Global Treaties & Bilateral Affairs",AUDITED,VERIFIED,"","",2026-08-19T09:29:36.548Z
cmstwecdr00qh04l5hq1lai2g,"General Information","International Organizations - Global Treaties & Bilateral Affairs",AUDITED,VERIFIED,"","",2026-08-19T09:29:36.582Z
cmstwecdr00qi04l5hxmbkfkm,"General Information","International Organizations - Global Treaties & Bilateral Affairs",AUDITED,VERIFIED,"","",2026-08-19T09:29:36.618Z
cmstwecdr00qj04l59zkufnui,"General Information","International Organizations - Global Treaties & Bilateral Affairs",AUDITED,VERIFIED,"","",2026-08-19T09:29:36.652Z
cmstwecdr00qk04l5x4fr3l7n,"General Information","International Organizations - Global Treaties & Bilateral Affairs",AUDITED,VERIFIED,"","",2026-08-19T09:29:36.683Z
cmstwecdr00ql04l5vv5d4y1a,"General Information","International Organizations - Global Treaties & Bilateral Affairs",AUDITED,VERIFIED,"","",2026-08-19T09:29:36.715Z
cmstwecdr00qm04l5ati20p6v,"General Information","International Organizations - Global Treaties & Bilateral Affairs",AUDITED,VERIFIED,"","",2026-08-19T09:29:36.748Z
cmstwecdr00qn04l51dgihmdg,"General Information","International Organizations - Global Treaties & Bilateral Affairs",AUDITED,VERIFIED,"","",2026-08-19T09:29:36.781Z
cmstwecdr00qo04l5k3xko5rv,"General Information","International Organizations - Global Treaties & Bilateral Affairs",AUDITED,VERIFIED,"","",2026-08-19T09:29:36.814Z
cmstwecdr00qp04l5pt41xw7x,"General Information","International Organizations - Global Treaties & Bilateral Affairs",AUDITED,VERIFIED,"","",2026-08-19T09:29:36.846Z
cmstwecdr00qq04l5wr7cjed5,"General Information","International Organizations - Global Treaties & Bilateral Affairs",AUDITED,VERIFIED,"","",2026-08-19T09:29:36.880Z
cmstwecdr00qr04l5962yk2qb,"General Information","International Organizations - Global Treaties & Bilateral Affairs",AUDITED,VERIFIED,"","",2026-08-19T09:29:36.914Z
cmstwecdr00qs04l57zys2437,"General Information","International Organizations - Global Treaties & Bilateral Affairs",AUDITED,VERIFIED,"","",2026-08-19T09:29:36.948Z
cmstwecdr00qt04l5mbhmnwmb,"General Information","International Organizations - Global Treaties & Bilateral Affairs",AUDITED,VERIFIED,"","",2026-08-19T09:29:36.983Z
cmstwecdr00qu04l5psuyfva9,"General Information","International Organizations - Global Treaties & Bilateral Affairs",AUDITED,VERIFIED,"","",2026-08-19T09:29:37.015Z
cmstwecdr00qv04l5jtrqvb27,"General Information","International Organizations - Global Treaties & Bilateral Affairs",AUDITED,VERIFIED,"","",2026-08-19T09:29:37.048Z
cmstwecdr00qw04l5dnzj0aag,"General Information","International Organizations - Global Treaties & Bilateral Affairs",AUDITED,VERIFIED,"","",2026-08-19T09:29:37.083Z
cmstwecdr00qx04l5i8hmw4y2,"General Information","International Organizations - Global Treaties & Bilateral Affairs",AUDITED,VERIFIED,"","",2026-08-19T09:29:37.116Z
cmstwecdr00qy04l5mu765gw0,"General Information","International Organizations - Global Treaties & Bilateral Affairs",AUDITED,VERIFIED,"","",2026-08-19T09:29:37.149Z
cmstwecdr00qz04l5gzgqu15u,"General Information","International Organizations - Global Treaties & Bilateral Affairs",AUDITED,VERIFIED,"","",2026-08-19T09:29:37.182Z
cmstwecdr00r004l5dqe2cjmx,"General Information","International Organizations - Global Treaties & Bilateral Affairs",AUDITED,VERIFIED,"","",2026-08-19T09:29:37.215Z
cmstwecdr00r104l55rof7egq,"General Information","International Organizations - Global Treaties & Bilateral Affairs",AUDITED,VERIFIED,"","",2026-08-19T09:29:37.247Z
cmstwecdr00r204l5fnb4l8gh,"General Information","International Organizations - Global Treaties & Bilateral Affairs",AUDITED,VERIFIED,"","",2026-08-19T09:29:37.281Z
cmstwecdr00r304l5vnmygfrl,"General Information","International Organizations - Global Treaties & Bilateral Affairs",AUDITED,VERIFIED,"","",2026-08-19T09:29:37.314Z
cmstwecdr00r404l5af8df7ai,"General Information","Current Events - National Developments & Civic Affairs",AUDITED,VERIFIED,"","",2026-08-19T09:29:37.346Z
cmstwecdr00r504l5429vqpyp,"General Information","Current Events - National Developments & Civic Affairs",AUDITED,VERIFIED,"","",2026-08-19T09:29:37.378Z
cmstwecds00r604l5l5v030mz,"General Information","Current Events - National Developments & Civic Affairs",AUDITED,VERIFIED,"","",2026-08-19T09:29:37.410Z
cmstwecds00r704l593iat2pn,"General Information","Current Events - National Developments & Civic Affairs",AUDITED,VERIFIED,"","",2026-08-19T09:29:37.445Z
cmstwecds00r804l5zovm0ijm,"General Information","Current Events - National Developments & Civic Affairs",AUDITED,VERIFIED,"","",2026-08-19T09:29:37.478Z
cmstwecds00r904l5xzes8cld,"General Information","Current Events - National Developments & Civic Affairs",AUDITED,VERIFIED,"","",2026-08-19T09:29:37.511Z
cmstwecds00ra04l5q244cwnt,"General Information","Current Events - National Developments & Civic Affairs",AUDITED,VERIFIED,"","",2026-08-19T09:29:37.543Z
cmstwecds00rb04l5dm99lday,"General Information","Current Events - National Developments & Civic Affairs",AUDITED,VERIFIED,"","",2026-08-19T09:29:37.577Z
cmstwecds00rc04l5f3q7edjr,"General Information","Current Events - National Developments & Civic Affairs",AUDITED,VERIFIED,"","",2026-08-19T09:29:37.607Z
cmstwecds00rd04l5ebntkbgt,"General Information","Current Events - National Developments & Civic Affairs",AUDITED,VERIFIED,"","",2026-08-19T09:29:37.642Z
cmstwecds00re04l5ub94q9ur,"General Information","Current Events - National Developments & Civic Affairs",AUDITED,VERIFIED,"","",2026-08-19T09:29:37.678Z
cmstwecds00rf04l51epkoue8,"General Information","Current Events - National Developments & Civic Affairs",AUDITED,VERIFIED,"","",2026-08-19T09:29:37.714Z
cmstwecds00rg04l5vn8kbbzt,"General Information","Current Events - National Developments & Civic Affairs",AUDITED,VERIFIED,"","",2026-08-19T09:29:37.751Z
cmstwecds00rh04l5u6s0vkfs,"General Information","Current Events - National Developments & Civic Affairs",AUDITED,VERIFIED,"","",2026-08-19T09:29:37.785Z
cmstwecds00ri04l5qnjtnk8i,"General Information","Current Events - National Developments & Civic Affairs",AUDITED,VERIFIED,"","",2026-08-19T09:29:37.820Z
cmstwecds00rj04l5yl9uppx4,"General Information","Current Events - National Developments & Civic Affairs",AUDITED,VERIFIED,"","",2026-08-19T09:29:37.855Z
cmstwecds00rk04l59a6gf42s,"General Information","Current Events - National Developments & Civic Affairs",AUDITED,VERIFIED,"","",2026-08-19T09:29:37.888Z
cmstwecds00rl04l5qclikl6r,"General Information","Current Events - National Developments & Civic Affairs",AUDITED,VERIFIED,"","",2026-08-19T09:29:37.920Z
cmstwecds00rm04l5n4mgf7qy,"General Information","Current Events - National Developments & Civic Affairs",AUDITED,VERIFIED,"","",2026-08-19T09:29:37.953Z
cmstwecdt00ul04l53fle78q0,"General Information","Philippine Geography - Regional Divisions & Natural Resources",AUDITED,VERIFIED,"","",2026-08-19T09:29:37.986Z
cmstwecds00rn04l53f6cwrue,"General Information","Current Events - National Developments & Civic Affairs",AUDITED,VERIFIED,"","",2026-08-19T09:29:38.020Z
cmstwecds00ro04l51ncdbzjf,"General Information","Current Events - National Developments & Civic Affairs",AUDITED,VERIFIED,"","",2026-08-19T09:29:38.054Z
cmstwecds00rp04l5big2qbax,"General Information","Current Events - National Developments & Civic Affairs",AUDITED,VERIFIED,"","",2026-08-19T09:29:38.088Z
cmstwecds00rq04l5nvawgva7,"General Information","Current Events - National Developments & Civic Affairs",AUDITED,VERIFIED,"","",2026-08-19T09:29:38.122Z
cmstwecds00rr04l5nnb6hgs3,"General Information","Current Events - National Developments & Civic Affairs",AUDITED,VERIFIED,"","",2026-08-19T09:29:38.161Z
cmstwecds00rs04l5ent2fsss,"General Information","Current Events - National Developments & Civic Affairs",AUDITED,VERIFIED,"","",2026-08-19T09:29:38.204Z
cmstwecds00rt04l5r8cfk24q,"General Information","Sports - Historic Milestones & Regulatory Bodies",AUDITED,VERIFIED,"","",2026-08-19T09:29:38.328Z
cmstwecds00ru04l5yqmg5ajn,"General Information","Sports - Historic Milestones & Regulatory Bodies",AUDITED,VERIFIED,"","",2026-08-19T09:29:38.364Z
cmstwecds00rv04l5uj06r7z3,"General Information","Sports - Historic Milestones & Regulatory Bodies",AUDITED,VERIFIED,"","",2026-08-19T09:29:38.398Z
cmstwecds00rw04l5e56stzxf,"General Information","Sports - Historic Milestones & Regulatory Bodies",AUDITED,VERIFIED,"","",2026-08-19T09:29:38.433Z
cmstwecds00rx04l5nizgxn67,"General Information","Sports - Historic Milestones & Regulatory Bodies",AUDITED,VERIFIED,"","",2026-08-19T09:29:38.467Z
cmstwecds00ry04l5g01et5p9,"General Information","Sports - Historic Milestones & Regulatory Bodies",AUDITED,VERIFIED,"","",2026-08-19T09:29:38.501Z
cmstwecds00rz04l5stb7kj49,"General Information","Sports - Historic Milestones & Regulatory Bodies",AUDITED,VERIFIED,"","",2026-08-19T09:29:38.536Z
cmstwecds00s004l5x6kc2yid,"General Information","Sports - Historic Milestones & Regulatory Bodies",AUDITED,VERIFIED,"","",2026-08-19T09:29:38.570Z
cmstwecds00s104l58yvanbqa,"General Information","Sports - Historic Milestones & Regulatory Bodies",AUDITED,VERIFIED,"","",2026-08-19T09:29:38.606Z
cmstwecds00s204l5uz0g2a1n,"General Information","Sports - Historic Milestones & Regulatory Bodies",AUDITED,VERIFIED,"","",2026-08-19T09:29:38.643Z
cmstwecds00s304l58zluch4l,"General Information","Sports - Historic Milestones & Regulatory Bodies",AUDITED,VERIFIED,"","",2026-08-19T09:29:38.677Z
cmstwecds00s404l5rcs31218,"General Information","Sports - Historic Milestones & Regulatory Bodies",AUDITED,VERIFIED,"","",2026-08-19T09:29:38.708Z
cmstwecds00s504l5yye00c9y,"General Information","Sports - Historic Milestones & Regulatory Bodies",AUDITED,VERIFIED,"","",2026-08-19T09:29:38.741Z
cmstwecdt00ur04l5uihv34vv,"General Information","Philippine Geography - Regional Divisions & Natural Resources",AUDITED,VERIFIED,"","",2026-08-19T09:29:38.774Z
cmstwecdt00uq04l59t07q4q0,"General Information","Philippine Geography - Regional Divisions & Natural Resources",AUDITED,VERIFIED,"","",2026-08-19T09:29:38.808Z
cmstwecdt00ut04l5s3qi1go3,"General Information","Philippine Geography - Regional Divisions & Natural Resources",AUDITED,VERIFIED,"","",2026-08-19T09:29:38.841Z
cmstwecdt00uo04l5v5p20ex1,"General Information","Philippine Geography - Regional Divisions & Natural Resources",AUDITED,VERIFIED,"","",2026-08-19T09:29:38.873Z
cmstwecdt00un04l5o7pxud1x,"General Information","Philippine Geography - Regional Divisions & Natural Resources",AUDITED,VERIFIED,"","",2026-08-19T09:29:38.905Z
cmstwecdt00up04l54q83zmgi,"General Information","Philippine Geography - Regional Divisions & Natural Resources",AUDITED,VERIFIED,"","",2026-08-19T09:29:38.937Z
cmstwecdt00us04l5x6l960jt,"General Information","Philippine Geography - Regional Divisions & Natural Resources",AUDITED,VERIFIED,"","",2026-08-19T09:29:38.969Z
cmstwecdu00wa04l5e8t1wwoj,"General Information","Philippine Government - Constitutional Powers & Organs",AUDITED,VERIFIED,"","",2026-08-19T09:29:39.002Z
cmstwecdt00uu04l53v9bslhz,"General Information","Philippine Geography - Regional Divisions & Natural Resources",AUDITED,VERIFIED,"","",2026-08-19T09:29:39.037Z
cmstwecdt00uv04l50u1l7qji,"General Information","Philippine Geography - Regional Divisions & Natural Resources",AUDITED,VERIFIED,"","",2026-08-19T09:29:39.072Z
cmstwecdt00uw04l5a7n00ll1,"General Information","Philippine Geography - Regional Divisions & Natural Resources",AUDITED,VERIFIED,"","",2026-08-19T09:29:39.105Z
cmstwecdt00ux04l5qzl8037z,"General Information","Philippine Geography - Regional Divisions & Natural Resources",AUDITED,VERIFIED,"","",2026-08-19T09:29:39.139Z
cmstwecdt00uy04l51p84mw6z,"General Information","Philippine Geography - Regional Divisions & Natural Resources",AUDITED,VERIFIED,"","",2026-08-19T09:29:39.173Z
cmstwecdt00uz04l5r7ke5ngw,"General Information","Philippine Geography - Regional Divisions & Natural Resources",AUDITED,VERIFIED,"","",2026-08-19T09:29:39.205Z
cmstwecdt00v004l5nshaqys4,"General Information","Philippine Geography - Regional Divisions & Natural Resources",AUDITED,VERIFIED,"","",2026-08-19T09:29:39.238Z
cmstwecdt00v104l5144jmk4d,"General Information","Philippine Geography - Regional Divisions & Natural Resources",AUDITED,VERIFIED,"","",2026-08-19T09:29:39.271Z
cmstwecdt00v204l5u0omtf2c,"General Information","Philippine Geography - Regional Divisions & Natural Resources",AUDITED,VERIFIED,"","",2026-08-19T09:29:39.304Z
cmstwecdt00v304l5uvr7kpib,"General Information","Philippine Geography - Regional Divisions & Natural Resources",AUDITED,VERIFIED,"","",2026-08-19T09:29:39.339Z
cmstwecdt00v404l50fx9wqdf,"General Information","Philippine Geography - Regional Divisions & Natural Resources",AUDITED,VERIFIED,"","",2026-08-19T09:29:39.375Z
cmstwecdt00v504l5lax11yg0,"General Information","Philippine Geography - Regional Divisions & Natural Resources",AUDITED,VERIFIED,"","",2026-08-19T09:29:39.414Z
cmstwecdt00v604l5pei2or6j,"General Information","Philippine Geography - Regional Divisions & Natural Resources",AUDITED,VERIFIED,"","",2026-08-19T09:29:39.446Z
cmstwecdt00v704l50b2epfc6,"General Information","Philippine Geography - Regional Divisions & Natural Resources",AUDITED,VERIFIED,"","",2026-08-19T09:29:39.479Z
cmstwecdt00v804l564c1ulf7,"General Information","Philippine Geography - Regional Divisions & Natural Resources",AUDITED,VERIFIED,"","",2026-08-19T09:29:39.515Z
cmstwecdt00v904l5yhlfrhyp,"General Information","Philippine Geography - Regional Divisions & Natural Resources",AUDITED,VERIFIED,"","",2026-08-19T09:29:39.551Z
cmstwecdt00va04l5z41tqwe4,"General Information","Philippine Laws - Statutory Provisions & Republic Acts",AUDITED,VERIFIED,"","",2026-08-19T09:29:39.586Z
cmstwecdt00vb04l55nxdr7k4,"General Information","Philippine Laws - Statutory Provisions & Republic Acts",AUDITED,VERIFIED,"","",2026-08-19T09:29:39.622Z
cmstwecdt00vc04l50amr3iby,"General Information","Philippine Laws - Statutory Provisions & Republic Acts",AUDITED,VERIFIED,"","",2026-08-19T09:29:39.655Z
cmstwecdt00vd04l5whi4d7dd,"General Information","Philippine Laws - Statutory Provisions & Republic Acts",AUDITED,VERIFIED,"","",2026-08-19T09:29:39.690Z
cmstwecdt00ve04l5zcgzan74,"General Information","Philippine Laws - Statutory Provisions & Republic Acts",AUDITED,VERIFIED,"","",2026-08-19T09:29:39.726Z
cmstwecdt00vf04l5k5kuk72e,"General Information","Philippine Laws - Statutory Provisions & Republic Acts",AUDITED,VERIFIED,"","",2026-08-19T09:29:39.764Z
cmstwecdt00vg04l5oxh7nwhb,"General Information","Philippine Laws - Statutory Provisions & Republic Acts",AUDITED,VERIFIED,"","",2026-08-19T09:29:39.799Z
cmstwecdt00vh04l512wg8nm2,"General Information","Philippine Laws - Statutory Provisions & Republic Acts",AUDITED,VERIFIED,"","",2026-08-19T09:29:39.834Z
cmstwecdt00vi04l50e839416,"General Information","Philippine Laws - Statutory Provisions & Republic Acts",AUDITED,VERIFIED,"","",2026-08-19T09:29:39.868Z
cmstwecdt00vj04l5sf3b7hrs,"General Information","Philippine Laws - Statutory Provisions & Republic Acts",AUDITED,VERIFIED,"","",2026-08-19T09:29:39.901Z
cmstwecdt00vk04l50yfp6ajs,"General Information","Philippine Laws - Statutory Provisions & Republic Acts",AUDITED,VERIFIED,"","",2026-08-19T09:29:39.936Z
cmstwecdt00vl04l5o2f968nz,"General Information","Philippine Laws - Statutory Provisions & Republic Acts",AUDITED,VERIFIED,"","",2026-08-19T09:29:39.970Z
cmstwecdt00vm04l5duh6alx9,"General Information","Philippine Laws - Statutory Provisions & Republic Acts",AUDITED,VERIFIED,"","",2026-08-19T09:29:40.008Z
cmstwecdt00vn04l516hhcsp5,"General Information","Philippine Laws - Statutory Provisions & Republic Acts",AUDITED,VERIFIED,"","",2026-08-19T09:29:40.042Z
cmstwecdt00vo04l54swyr1aw,"General Information","Philippine Laws - Statutory Provisions & Republic Acts",AUDITED,VERIFIED,"","",2026-08-19T09:29:40.076Z
cmstwecdt00vp04l5305rtpfl,"General Information","Philippine Laws - Statutory Provisions & Republic Acts",AUDITED,VERIFIED,"","",2026-08-19T09:29:40.112Z
cmstwecdt00vq04l5z0yzwkig,"General Information","Philippine Laws - Statutory Provisions & Republic Acts",AUDITED,VERIFIED,"","",2026-08-19T09:29:40.147Z
cmstwecdt00vr04l53nem5zg6,"General Information","Philippine Laws - Statutory Provisions & Republic Acts",AUDITED,VERIFIED,"","",2026-08-19T09:29:40.182Z
cmstwecdt00vs04l5v0ewshx8,"General Information","Philippine Laws - Statutory Provisions & Republic Acts",AUDITED,VERIFIED,"","",2026-08-19T09:29:40.217Z
cmstwecdt00vt04l56bqavczn,"General Information","Philippine Laws - Statutory Provisions & Republic Acts",AUDITED,VERIFIED,"","",2026-08-19T09:29:40.252Z
cmstwecdt00vu04l5t28cla6u,"General Information","Philippine Laws - Statutory Provisions & Republic Acts",AUDITED,VERIFIED,"","",2026-08-19T09:29:40.286Z
cmstwecdt00vv04l5xrx88dtx,"General Information","Philippine Laws - Statutory Provisions & Republic Acts",AUDITED,VERIFIED,"","",2026-08-19T09:29:40.319Z
cmstwecdt00vw04l5dpbon0gy,"General Information","Philippine Laws - Statutory Provisions & Republic Acts",AUDITED,VERIFIED,"","",2026-08-19T09:29:40.353Z
cmstwecdt00vx04l5hzzzzzrg,"General Information","Philippine Laws - Statutory Provisions & Republic Acts",AUDITED,VERIFIED,"","",2026-08-19T09:29:40.387Z
cmstwecdt00vy04l5y8rlspkq,"General Information","Philippine Laws - Statutory Provisions & Republic Acts",AUDITED,VERIFIED,"","",2026-08-19T09:29:40.423Z
cmstwecdt00vz04l5634894oh,"General Information","Philippine Government - Constitutional Powers & Organs",AUDITED,VERIFIED,"","",2026-08-19T09:29:40.456Z
cmstwecdt00w004l55k80leqd,"General Information","Philippine Government - Constitutional Powers & Organs",AUDITED,VERIFIED,"","",2026-08-19T09:29:40.491Z
cmstwecdu00w104l566jvx6hi,"General Information","Philippine Government - Constitutional Powers & Organs",AUDITED,VERIFIED,"","",2026-08-19T09:29:40.524Z
cmstwecdu00w204l57gxus0zb,"General Information","Philippine Government - Constitutional Powers & Organs",AUDITED,VERIFIED,"","",2026-08-19T09:29:40.556Z
cmstwecdu00w304l53134d49v,"General Information","Philippine Government - Constitutional Powers & Organs",AUDITED,VERIFIED,"","",2026-08-19T09:29:40.589Z
cmstwecdu00w404l5a96f2qix,"General Information","Philippine Government - Constitutional Powers & Organs",AUDITED,VERIFIED,"","",2026-08-19T09:29:40.622Z
cmstwecdu00w504l5npw0r1hj,"General Information","Philippine Government - Constitutional Powers & Organs",AUDITED,VERIFIED,"","",2026-08-19T09:29:40.657Z
cmstwecdu00w604l5vh8f8bt8,"General Information","Philippine Government - Constitutional Powers & Organs",AUDITED,VERIFIED,"","",2026-08-19T09:29:40.692Z
cmstwecdu00w704l5e4xe4axv,"General Information","Philippine Government - Constitutional Powers & Organs",AUDITED,VERIFIED,"","",2026-08-19T09:29:40.726Z
cmstwecdu00w804l5zgb4gbqf,"General Information","Philippine Government - Constitutional Powers & Organs",AUDITED,VERIFIED,"","",2026-08-19T09:29:40.760Z
cmstwecdu00w904l5jbuqzx21,"General Information","Philippine Government - Constitutional Powers & Organs",AUDITED,VERIFIED,"","",2026-08-19T09:29:40.795Z
cmstwecdu00wb04l5hzyzz2pk,"General Information","Philippine Government - Constitutional Powers & Organs",AUDITED,VERIFIED,"","",2026-08-19T09:29:40.830Z
cmstwecdu00wc04l580cchw9h,"General Information","Philippine Government - Constitutional Powers & Organs",AUDITED,VERIFIED,"","",2026-08-19T09:29:40.864Z
cmstwecdu00wd04l5wb02w6bh,"General Information","Philippine Government - Constitutional Powers & Organs",AUDITED,VERIFIED,"","",2026-08-19T09:29:40.899Z
cmstwecdu00we04l5v1331kvz,"General Information","Philippine Government - Constitutional Powers & Organs",AUDITED,VERIFIED,"","",2026-08-19T09:29:40.932Z
cmstwecdu00wf04l5osst1p70,"General Information","Philippine Government - Constitutional Powers & Organs",AUDITED,VERIFIED,"","",2026-08-19T09:29:40.965Z
cmstwecdu00wg04l5loe902gi,"General Information","Philippine Government - Constitutional Powers & Organs",AUDITED,VERIFIED,"","",2026-08-19T09:29:41.000Z
cmstwecdu00wh04l5c48rhwzp,"General Information","Philippine Government - Constitutional Powers & Organs",AUDITED,VERIFIED,"","",2026-08-19T09:29:41.037Z
cmstwecdu00wi04l5umw68gf2,"General Information","Philippine Government - Constitutional Powers & Organs",AUDITED,VERIFIED,"","",2026-08-19T09:29:41.071Z
cmstwecdu00wj04l579lbddzq,"General Information","Philippine Government - Constitutional Powers & Organs",AUDITED,VERIFIED,"","",2026-08-19T09:29:41.106Z
cmstwecdu00wk04l5s3g5tdie,"General Information","Philippine Government - Constitutional Powers & Organs",AUDITED,VERIFIED,"","",2026-08-19T09:29:41.137Z
cmstwecdu00wl04l5r604yvo8,"General Information","Philippine Government - Constitutional Powers & Organs",AUDITED,VERIFIED,"","",2026-08-19T09:29:41.172Z
cmstwecdu00wm04l5ovxrcwkg,"General Information","Philippine Government - Constitutional Powers & Organs",AUDITED,VERIFIED,"","",2026-08-19T09:29:41.207Z
cmstwecdu00wn04l52yq76dz7,"General Information","Philippine Government - Constitutional Powers & Organs",AUDITED,VERIFIED,"","",2026-08-19T09:29:41.241Z
cmstwecdu00wo04l5xdhzkbzx,"General Information","Philippine History - Revolutionary Period & Republic Milestones",AUDITED,VERIFIED,"","",2026-08-19T09:29:41.277Z
cmstwecdu00wp04l5412tdyau,"General Information","Philippine History - Revolutionary Period & Republic Milestones",AUDITED,VERIFIED,"","",2026-08-19T09:29:41.313Z
cmstwecdu00wq04l5kbcprchp,"General Information","Philippine History - Revolutionary Period & Republic Milestones",AUDITED,VERIFIED,"","",2026-08-19T09:29:41.347Z
cmstwecdu00wr04l5lix3kx5z,"General Information","Philippine History - Revolutionary Period & Republic Milestones",AUDITED,VERIFIED,"","",2026-08-19T09:29:41.382Z
cmstwecdu00ws04l5k7nshjw8,"General Information","Philippine History - Revolutionary Period & Republic Milestones",AUDITED,VERIFIED,"","",2026-08-19T09:29:41.417Z
cmstwecdu00wt04l5efkwzv0t,"General Information","Philippine History - Revolutionary Period & Republic Milestones",AUDITED,VERIFIED,"","",2026-08-19T09:29:41.451Z
cmstwecdu00wu04l536v8l6ux,"General Information","Philippine History - Revolutionary Period & Republic Milestones",AUDITED,VERIFIED,"","",2026-08-19T09:29:41.487Z
cmstwecdu00wv04l5w04s8la6,"General Information","Philippine History - Revolutionary Period & Republic Milestones",AUDITED,VERIFIED,"","",2026-08-19T09:29:41.523Z
cmstwecdu00ww04l5fnmx4cvh,"General Information","Philippine History - Revolutionary Period & Republic Milestones",AUDITED,VERIFIED,"","",2026-08-19T09:29:41.559Z
cmstwecdu00wx04l5iu3a51di,"General Information","Philippine History - Revolutionary Period & Republic Milestones",AUDITED,VERIFIED,"","",2026-08-19T09:29:41.594Z
cmstwecdu00wy04l5v9r2oj55,"General Information","Philippine History - Revolutionary Period & Republic Milestones",AUDITED,VERIFIED,"","",2026-08-19T09:29:41.628Z
cmstwecdu00wz04l51dry8kvb,"General Information","Philippine History - Revolutionary Period & Republic Milestones",AUDITED,VERIFIED,"","",2026-08-19T09:29:41.665Z
cmstwecdu00x004l5ii8ddef3,"General Information","Philippine History - Revolutionary Period & Republic Milestones",AUDITED,VERIFIED,"","",2026-08-19T09:29:41.701Z
cmstwecdu00x104l5zrvi2h02,"General Information","Philippine History - Revolutionary Period & Republic Milestones",AUDITED,VERIFIED,"","",2026-08-19T09:29:41.735Z
cmstwecdu00x204l51jmr116o,"General Information","Philippine History - Revolutionary Period & Republic Milestones",AUDITED,VERIFIED,"","",2026-08-19T09:29:41.878Z
cmstwecdu00x304l5rqvsy2uv,"General Information","Philippine History - Revolutionary Period & Republic Milestones",AUDITED,VERIFIED,"","",2026-08-19T09:29:41.948Z
cmstwecdu00x404l5newnl8zz,"General Information","Philippine History - Revolutionary Period & Republic Milestones",AUDITED,VERIFIED,"","",2026-08-19T09:29:42.024Z
cmstwecdu00x504l5ud5y84j0,"General Information","Philippine History - Revolutionary Period & Republic Milestones",AUDITED,VERIFIED,"","",2026-08-19T09:29:42.088Z
cmstwecdu00x604l5ack5ph1t,"General Information","Philippine History - Revolutionary Period & Republic Milestones",AUDITED,VERIFIED,"","",2026-08-19T09:29:42.140Z
cmstwecdu00x704l5hqtfqm0p,"General Information","Philippine History - Revolutionary Period & Republic Milestones",AUDITED,VERIFIED,"","",2026-08-19T09:29:42.174Z
cmstwecdu00x804l5l2oxtykv,"General Information","Philippine History - Revolutionary Period & Republic Milestones",AUDITED,VERIFIED,"","",2026-08-19T09:29:42.210Z
cmstwecdu00x904l52ax0qik9,"General Information","Philippine History - Revolutionary Period & Republic Milestones",AUDITED,VERIFIED,"","",2026-08-19T09:29:42.244Z
cmstwecdu00xa04l5kqjdhv9d,"General Information","Philippine History - Revolutionary Period & Republic Milestones",AUDITED,VERIFIED,"","",2026-08-19T09:29:42.278Z
cmstwecdu00xb04l5buhmocro,"General Information","Philippine History - Revolutionary Period & Republic Milestones",AUDITED,VERIFIED,"","",2026-08-19T09:29:42.310Z
cmstwecdu00xc04l54g2gd7cp,"General Information","Philippine History - Revolutionary Period & Republic Milestones",AUDITED,VERIFIED,"","",2026-08-19T09:29:42.343Z
cmstwecdu00xd04l51ybk1yge,"General Information","Philippine Constitution - Constitutional Articles & Doctrines",AUDITED,VERIFIED,"","",2026-08-19T09:29:42.384Z
cmstwecdu00xe04l5ji7rfrnj,"General Information","Philippine Constitution - Constitutional Articles & Doctrines",AUDITED,VERIFIED,"","",2026-08-19T09:29:42.418Z
cmstwecdu00xf04l56xwza557,"General Information","Philippine Constitution - Constitutional Articles & Doctrines",AUDITED,VERIFIED,"","",2026-08-19T09:29:42.452Z
cmstwecdu00xg04l5erdbggfw,"General Information","Philippine Constitution - Constitutional Articles & Doctrines",AUDITED,VERIFIED,"","",2026-08-19T09:29:42.488Z
cmstwecdu00xh04l550f8n31a,"General Information","Philippine Constitution - Constitutional Articles & Doctrines",AUDITED,VERIFIED,"","",2026-08-19T09:29:42.521Z
cmstwecdu00xi04l526a0srma,"General Information","Philippine Constitution - Constitutional Articles & Doctrines",AUDITED,VERIFIED,"","",2026-08-19T09:29:42.554Z
cmstwecdu00xj04l5w22nn2fi,"General Information","Philippine Constitution - Constitutional Articles & Doctrines",AUDITED,VERIFIED,"","",2026-08-19T09:29:42.587Z
cmstwecdu00xk04l5fikmd5ew,"General Information","Philippine Constitution - Constitutional Articles & Doctrines",AUDITED,VERIFIED,"","",2026-08-19T09:29:42.619Z
cmstwecdu00xl04l52ma29tku,"General Information","Philippine Constitution - Constitutional Articles & Doctrines",AUDITED,VERIFIED,"","",2026-08-19T09:29:42.653Z
cmstwecdu00xm04l56rox08mo,"General Information","Philippine Constitution - Constitutional Articles & Doctrines",AUDITED,VERIFIED,"","",2026-08-19T09:29:42.690Z
cmstwecdu00xn04l5ocerlqs9,"General Information","Philippine Constitution - Constitutional Articles & Doctrines",AUDITED,VERIFIED,"","",2026-08-19T09:29:42.726Z
cmstwecdu00xo04l5wdymbbsv,"General Information","Philippine Constitution - Constitutional Articles & Doctrines",AUDITED,VERIFIED,"","",2026-08-19T09:29:42.762Z
cmstwecdu00xp04l5vvq6mq16,"General Information","Philippine Constitution - Constitutional Articles & Doctrines",AUDITED,VERIFIED,"","",2026-08-19T09:29:42.797Z
cmstwecdu00xq04l5nwbmkcjn,"General Information","Philippine Constitution - Constitutional Articles & Doctrines",AUDITED,VERIFIED,"","",2026-08-19T09:29:42.833Z
cmstwecdu00xr04l542vgfheu,"General Information","Philippine Constitution - Constitutional Articles & Doctrines",AUDITED,VERIFIED,"","",2026-08-19T09:29:42.867Z
cmstwecdu00xs04l5aqm0ao8l,"General Information","Philippine Constitution - Constitutional Articles & Doctrines",AUDITED,VERIFIED,"","",2026-08-19T09:29:42.901Z
cmstwecdu00xt04l5dybjjpzs,"General Information","Philippine Constitution - Constitutional Articles & Doctrines",AUDITED,VERIFIED,"","",2026-08-19T09:29:42.936Z
cmstwecdu00xu04l5a6k4ig4l,"General Information","Philippine Constitution - Constitutional Articles & Doctrines",AUDITED,VERIFIED,"","",2026-08-19T09:29:42.970Z
cmstwecdu00xv04l5xk7aw6f9,"General Information","Philippine Constitution - Constitutional Articles & Doctrines",AUDITED,VERIFIED,"","",2026-08-19T09:29:43.003Z
cmstwecdu00xw04l53u3gb1q8,"General Information","Philippine Constitution - Constitutional Articles & Doctrines",AUDITED,VERIFIED,"","",2026-08-19T09:29:43.041Z
cmstwecdu00xx04l5migyaaeo,"General Information","Philippine Constitution - Constitutional Articles & Doctrines",AUDITED,VERIFIED,"","",2026-08-19T09:29:43.075Z
cmstwecdu00xy04l5gf9wveq5,"General Information","Philippine Constitution - Constitutional Articles & Doctrines",AUDITED,VERIFIED,"","",2026-08-19T09:29:43.108Z
cmstwecdu00xz04l5n1yh70iy,"General Information","Philippine Constitution - Constitutional Articles & Doctrines",AUDITED,VERIFIED,"","",2026-08-19T09:29:43.144Z
cmstwecdu00y004l5e3jnclca,"General Information","Philippine Constitution - Constitutional Articles & Doctrines",AUDITED,VERIFIED,"","",2026-08-19T09:29:43.179Z
cmstwecdu00y104l5mbc6oa4v,"General Information","Philippine Constitution - Constitutional Articles & Doctrines",AUDITED,VERIFIED,"","",2026-08-19T09:29:43.221Z
cmstwecdu00y204l506e3wb6w,"General Information","Government Programs - Socio-Economic & Educational Initiatives",AUDITED,VERIFIED,"","",2026-08-19T09:29:43.257Z
cmstwf0gn00y404l5r1fqgenk,"Numerical Reasoning","Data Interpretation - Quantitative & Graphical Analysis",AUDITED,VERIFIED,"","",2026-08-19T09:29:43.299Z
cmstwf0gn00y504l5960s9u2p,"Numerical Reasoning","Data Interpretation - Quantitative & Graphical Analysis",AUDITED,VERIFIED,"","",2026-08-19T09:29:43.339Z
cmstwf0gn00y604l5c5gpmp1s,"Numerical Reasoning","Data Interpretation - Quantitative & Graphical Analysis",AUDITED,VERIFIED,"","",2026-08-19T09:29:43.385Z
cmstwf0gn00y704l5dpts2pcf,"Numerical Reasoning","Data Interpretation - Quantitative & Graphical Analysis",AUDITED,VERIFIED,"","",2026-08-19T09:29:43.423Z
cmstwf0gn00y804l5cf9zv12q,"Numerical Reasoning","Data Interpretation - Quantitative & Graphical Analysis",AUDITED,VERIFIED,"","",2026-08-19T09:29:43.458Z
cmstwf0gn00y904l50qjdfqpf,"Numerical Reasoning","Data Interpretation - Quantitative & Graphical Analysis",AUDITED,VERIFIED,"","",2026-08-19T09:29:43.493Z
cmstwf0gn00ya04l52ddl8yvy,"Numerical Reasoning","Data Interpretation - Quantitative & Graphical Analysis",AUDITED,VERIFIED,"","",2026-08-19T09:29:43.534Z
cmstwf0gn00yb04l5mpo100y2,"Numerical Reasoning","Data Interpretation - Quantitative & Graphical Analysis",AUDITED,VERIFIED,"","",2026-08-19T09:29:43.572Z
cmstwf0gn00yc04l5ftjy5fmw,"Numerical Reasoning","Data Interpretation - Quantitative & Graphical Analysis",AUDITED,VERIFIED,"","",2026-08-19T09:29:43.617Z
cmstwf0gn00yd04l5rbyvrn4l,"Numerical Reasoning","Data Interpretation - Quantitative & Graphical Analysis",AUDITED,VERIFIED,"","",2026-08-19T09:29:43.658Z
cmstwf0gn00ye04l5o8gern17,"Numerical Reasoning","Data Interpretation - Quantitative & Graphical Analysis",AUDITED,VERIFIED,"","",2026-08-19T09:29:43.696Z
cmstwf0gn00yf04l581m0ineo,"Numerical Reasoning","Data Interpretation - Quantitative & Graphical Analysis",AUDITED,VERIFIED,"","",2026-08-19T09:29:43.738Z
cmstwf0go00yg04l5fg8dpzq1,"Numerical Reasoning","Data Interpretation - Quantitative & Graphical Analysis",AUDITED,VERIFIED,"","",2026-08-19T09:29:43.777Z
cmstwf0go00yh04l5h6tced80,"Numerical Reasoning","Data Interpretation - Quantitative & Graphical Analysis",AUDITED,VERIFIED,"","",2026-08-19T09:29:43.812Z
cmstwf0go00yi04l58qj090xc,"Numerical Reasoning","Data Interpretation - Quantitative & Graphical Analysis",AUDITED,VERIFIED,"","",2026-08-19T09:29:43.851Z
cmstwf0go00yj04l5f81yi52s,"Numerical Reasoning","Data Interpretation - Quantitative & Graphical Analysis",AUDITED,VERIFIED,"","",2026-08-19T09:29:43.892Z
cmstwf0go00yk04l5vs27q4m3,"Numerical Reasoning","Data Interpretation - Quantitative & Graphical Analysis",AUDITED,VERIFIED,"","",2026-08-19T09:29:43.927Z
cmstwf0go00yl04l5ak5k6hpd,"Numerical Reasoning","Data Interpretation - Quantitative & Graphical Analysis",AUDITED,VERIFIED,"","",2026-08-19T09:29:43.968Z
cmstwf0go00ym04l5og2zariy,"Numerical Reasoning","Data Interpretation - Quantitative & Graphical Analysis",AUDITED,VERIFIED,"","",2026-08-19T09:29:44.009Z
cmstwf0go00yn04l5r2kieh2o,"Numerical Reasoning","Data Interpretation - Quantitative & Graphical Analysis",AUDITED,VERIFIED,"","",2026-08-19T09:29:44.053Z
cmstwf0go00yo04l5yxoaz24l,"Numerical Reasoning","Data Interpretation - Quantitative & Graphical Analysis",AUDITED,VERIFIED,"","",2026-08-19T09:29:44.090Z
cmstwf0go00yp04l5z2qe5o4v,"Numerical Reasoning","Data Interpretation - Quantitative & Graphical Analysis",AUDITED,VERIFIED,"","",2026-08-19T09:29:44.128Z
cmstwf0go00yq04l5rl52m8v8,"Numerical Reasoning","Data Interpretation - Quantitative & Graphical Analysis",AUDITED,VERIFIED,"","",2026-08-19T09:29:44.169Z
cmstwf0go00yr04l5ytqangwa,"Numerical Reasoning","Data Interpretation - Quantitative & Graphical Analysis",AUDITED,VERIFIED,"","",2026-08-19T09:29:44.206Z
cmstwf0go00zh04l5juznsduu,"Numerical Reasoning","Ratio and Proportion - Direct, Inverse & Partitive Proportions",AUDITED,VERIFIED,"","",2026-08-19T09:29:44.228Z
cmstwf0go00ys04l5ht304h0g,"Numerical Reasoning","Data Interpretation - Quantitative & Graphical Analysis",AUDITED,VERIFIED,"","",2026-08-19T09:29:44.266Z
cmstwf0go00yt04l5m2sl3e3b,"Numerical Reasoning","Ratio and Proportion - Direct, Inverse & Partitive Proportions",AUDITED,VERIFIED,"","",2026-08-19T09:29:44.303Z
cmstwf0go00yu04l5qghd77a3,"Numerical Reasoning","Ratio and Proportion - Direct, Inverse & Partitive Proportions",AUDITED,VERIFIED,"","",2026-08-19T09:29:44.339Z
cmstwf0go00yv04l5g9d2xj3e,"Numerical Reasoning","Ratio and Proportion - Direct, Inverse & Partitive Proportions",AUDITED,VERIFIED,"","",2026-08-19T09:29:44.373Z
cmstwf0go00yw04l5rmhezfw3,"Numerical Reasoning","Ratio and Proportion - Direct, Inverse & Partitive Proportions",AUDITED,VERIFIED,"","",2026-08-19T09:29:44.408Z
cmstwf0go00yx04l5diuizu6i,"Numerical Reasoning","Ratio and Proportion - Direct, Inverse & Partitive Proportions",AUDITED,VERIFIED,"","",2026-08-19T09:29:44.445Z
cmstwf0go00yy04l5d26wvoxo,"Numerical Reasoning","Ratio and Proportion - Direct, Inverse & Partitive Proportions",AUDITED,VERIFIED,"","",2026-08-19T09:29:44.478Z
cmstwf0go00yz04l5nwvot1qh,"Numerical Reasoning","Ratio and Proportion - Direct, Inverse & Partitive Proportions",AUDITED,VERIFIED,"","",2026-08-19T09:29:44.514Z
cmstwf0go00z004l5apc0gyw3,"Numerical Reasoning","Ratio and Proportion - Direct, Inverse & Partitive Proportions",AUDITED,VERIFIED,"","",2026-08-19T09:29:44.549Z
cmstwf0go00z104l5yuyek0e9,"Numerical Reasoning","Ratio and Proportion - Direct, Inverse & Partitive Proportions",AUDITED,VERIFIED,"","",2026-08-19T09:29:44.580Z
cmstwf0go00z204l5zgjjebf6,"Numerical Reasoning","Ratio and Proportion - Direct, Inverse & Partitive Proportions",AUDITED,VERIFIED,"","",2026-08-19T09:29:44.617Z
cmstwf0go00z304l5en7qroeb,"Numerical Reasoning","Ratio and Proportion - Direct, Inverse & Partitive Proportions",AUDITED,VERIFIED,"","",2026-08-19T09:29:44.652Z
cmstwf0go00z404l5n9hzmuoy,"Numerical Reasoning","Ratio and Proportion - Direct, Inverse & Partitive Proportions",AUDITED,VERIFIED,"","",2026-08-19T09:29:44.689Z
cmstwf0go00z504l53zkzrx17,"Numerical Reasoning","Ratio and Proportion - Direct, Inverse & Partitive Proportions",AUDITED,VERIFIED,"","",2026-08-19T09:29:44.723Z
cmstwf0go00z604l5lb1o6cb4,"Numerical Reasoning","Ratio and Proportion - Direct, Inverse & Partitive Proportions",AUDITED,VERIFIED,"","",2026-08-19T09:29:44.759Z
cmstwf0go00z704l5k8yjtmdo,"Numerical Reasoning","Ratio and Proportion - Direct, Inverse & Partitive Proportions",AUDITED,VERIFIED,"","",2026-08-19T09:29:44.781Z
cmstwf0go00z804l5w32bvm4m,"Numerical Reasoning","Ratio and Proportion - Direct, Inverse & Partitive Proportions",AUDITED,VERIFIED,"","",2026-08-19T09:29:44.803Z
cmstwf0go00z904l5yny861wj,"Numerical Reasoning","Ratio and Proportion - Direct, Inverse & Partitive Proportions",AUDITED,VERIFIED,"","",2026-08-19T09:29:44.838Z
cmstwf0go00za04l5mwg4psqt,"Numerical Reasoning","Ratio and Proportion - Direct, Inverse & Partitive Proportions",AUDITED,VERIFIED,"","",2026-08-19T09:29:44.873Z
cmstwf0go00zb04l5vp3q52ot,"Numerical Reasoning","Ratio and Proportion - Direct, Inverse & Partitive Proportions",AUDITED,VERIFIED,"","",2026-08-19T09:29:44.906Z
cmstwf0go00zc04l53f96hisc,"Numerical Reasoning","Ratio and Proportion - Direct, Inverse & Partitive Proportions",AUDITED,VERIFIED,"","",2026-08-19T09:29:44.941Z
cmstwf0go00zd04l5zyj15pqq,"Numerical Reasoning","Ratio and Proportion - Direct, Inverse & Partitive Proportions",AUDITED,VERIFIED,"","",2026-08-19T09:29:44.975Z
cmstwf0go00ze04l52y025zt8,"Numerical Reasoning","Ratio and Proportion - Direct, Inverse & Partitive Proportions",AUDITED,VERIFIED,"","",2026-08-19T09:29:45.007Z
cmstwf0go00zf04l5w4wc41n6,"Numerical Reasoning","Ratio and Proportion - Direct, Inverse & Partitive Proportions",AUDITED,VERIFIED,"","",2026-08-19T09:29:45.030Z
cmstwf0go00zg04l56zehiqzk,"Numerical Reasoning","Ratio and Proportion - Direct, Inverse & Partitive Proportions",AUDITED,VERIFIED,"","",2026-08-19T09:29:45.053Z
cmstwfk9k00zq04l5ikmq0zxh,"Numerical Reasoning","Percentages - Percentage Change, Reverse & Business Applications",AUDITED,VERIFIED,"","",2026-08-19T09:29:45.087Z
cmstwfk9k010w04l5cd9h8b5k,"Numerical Reasoning","Decimals - Precision Arithmetic & Fractional Conversions",AUDITED,VERIFIED,"","",2026-08-19T09:29:45.122Z
cmstwfk9k010v04l5og2wt46z,"Numerical Reasoning","Decimals - Precision Arithmetic & Fractional Conversions",AUDITED,VERIFIED,"","",2026-08-19T09:29:45.155Z
cmstwfk9k010u04l52xr7y60i,"Numerical Reasoning","Decimals - Precision Arithmetic & Fractional Conversions",AUDITED,VERIFIED,"","",2026-08-19T09:29:45.191Z
cmstwfk9k010t04l5dsok081f,"Numerical Reasoning","Decimals - Precision Arithmetic & Fractional Conversions",AUDITED,VERIFIED,"","",2026-08-19T09:29:45.214Z
cmstwfk9k010s04l5gma5c8fk,"Numerical Reasoning","Decimals - Precision Arithmetic & Fractional Conversions",AUDITED,VERIFIED,"","",2026-08-19T09:29:45.245Z
cmstwfk9k010r04l58nzp9a0p,"Numerical Reasoning","Decimals - Precision Arithmetic & Fractional Conversions",AUDITED,VERIFIED,"","",2026-08-19T09:29:45.279Z
cmstwfk9k010q04l51a0y0k46,"Numerical Reasoning","Decimals - Precision Arithmetic & Fractional Conversions",AUDITED,VERIFIED,"","",2026-08-19T09:29:45.315Z
cmstwfk9k010p04l50b07l6ki,"Numerical Reasoning","Decimals - Precision Arithmetic & Fractional Conversions",AUDITED,VERIFIED,"","",2026-08-19T09:29:45.349Z
cmstwfk9k010o04l5lez41n41,"Numerical Reasoning","Decimals - Precision Arithmetic & Fractional Conversions",AUDITED,VERIFIED,"","",2026-08-19T09:29:45.387Z
cmstwfk9k010n04l5ne9by7ej,"Numerical Reasoning","Decimals - Precision Arithmetic & Fractional Conversions",AUDITED,VERIFIED,"","",2026-08-19T09:29:45.421Z
cmstwfk9k010m04l5z18hr60b,"Numerical Reasoning","Decimals - Precision Arithmetic & Fractional Conversions",AUDITED,VERIFIED,"","",2026-08-19T09:29:45.443Z
cmstwfk9k010l04l5i737uzzv,"Numerical Reasoning","Decimals - Precision Arithmetic & Fractional Conversions",AUDITED,VERIFIED,"","",2026-08-19T09:29:45.476Z
cmstwfk9k010k04l5uwwvbzpe,"Numerical Reasoning","Decimals - Precision Arithmetic & Fractional Conversions",AUDITED,VERIFIED,"","",2026-08-19T09:29:45.613Z
cmstwfk9k010j04l5v1uxbp9c,"Numerical Reasoning","Decimals - Precision Arithmetic & Fractional Conversions",AUDITED,VERIFIED,"","",2026-08-19T09:29:45.648Z
cmstwfk9k010i04l5e194pp4j,"Numerical Reasoning","Decimals - Precision Arithmetic & Fractional Conversions",AUDITED,VERIFIED,"","",2026-08-19T09:29:45.674Z
cmstwfk9k010h04l5k236717o,"Numerical Reasoning","Decimals - Precision Arithmetic & Fractional Conversions",AUDITED,VERIFIED,"","",2026-08-19T09:29:45.698Z
cmstwfk9k010g04l5wuvh0063,"Numerical Reasoning","Decimals - Precision Arithmetic & Fractional Conversions",AUDITED,VERIFIED,"","",2026-08-19T09:29:45.734Z
cmstwfk9k010f04l58b8foryb,"Numerical Reasoning","Decimals - Precision Arithmetic & Fractional Conversions",AUDITED,VERIFIED,"","",2026-08-19T09:29:45.759Z
cmstwfk9k010e04l5l7xtqxs1,"Numerical Reasoning","Decimals - Precision Arithmetic & Fractional Conversions",AUDITED,VERIFIED,"","",2026-08-19T09:29:45.784Z
cmstwfk9k010d04l5nxptfu6d,"Numerical Reasoning","Decimals - Precision Arithmetic & Fractional Conversions",AUDITED,VERIFIED,"","",2026-08-19T09:29:45.809Z
cmstwfk9k010c04l5twd9ez1q,"Numerical Reasoning","Decimals - Precision Arithmetic & Fractional Conversions",AUDITED,VERIFIED,"","",2026-08-19T09:29:45.834Z
cmstwfk9k010b04l5cag0973f,"Numerical Reasoning","Decimals - Precision Arithmetic & Fractional Conversions",AUDITED,VERIFIED,"","",2026-08-19T09:29:45.858Z
cmstwfk9k010a04l56w9oc18g,"Numerical Reasoning","Decimals - Precision Arithmetic & Fractional Conversions",AUDITED,VERIFIED,"","",2026-08-19T09:29:45.882Z
cmstwfk9k010904l5k95wk627,"Numerical Reasoning","Decimals - Precision Arithmetic & Fractional Conversions",AUDITED,VERIFIED,"","",2026-08-19T09:29:45.925Z
cmstwfk9k010804l5tbw1155f,"Numerical Reasoning","Decimals - Precision Arithmetic & Fractional Conversions",AUDITED,VERIFIED,"","",2026-08-19T09:29:45.963Z
cmstwfk9k010704l5iyneckun,"Numerical Reasoning","Percentages - Percentage Change, Reverse & Business Applications",AUDITED,VERIFIED,"","",2026-08-19T09:29:46.007Z
cmstwfk9k010604l5xdex5knb,"Numerical Reasoning","Percentages - Percentage Change, Reverse & Business Applications",AUDITED,VERIFIED,"","",2026-08-19T09:29:46.045Z
cmstwfk9k010504l5xr436gf9,"Numerical Reasoning","Percentages - Percentage Change, Reverse & Business Applications",AUDITED,VERIFIED,"","",2026-08-19T09:29:46.071Z
cmstwfk9k010404l57d7xl7ma,"Numerical Reasoning","Percentages - Percentage Change, Reverse & Business Applications",AUDITED,VERIFIED,"","",2026-08-19T09:29:46.109Z
cmstwfk9k010304l5c5u0mokk,"Numerical Reasoning","Percentages - Percentage Change, Reverse & Business Applications",AUDITED,VERIFIED,"","",2026-08-19T09:29:46.148Z
cmstwfk9k010204l5es54xkan,"Numerical Reasoning","Percentages - Percentage Change, Reverse & Business Applications",AUDITED,VERIFIED,"","",2026-08-19T09:29:46.188Z
cmstwfk9k010104l52olsw686,"Numerical Reasoning","Percentages - Percentage Change, Reverse & Business Applications",AUDITED,VERIFIED,"","",2026-08-19T09:29:46.225Z
cmstwfk9k010004l50vl66hfn,"Numerical Reasoning","Percentages - Percentage Change, Reverse & Business Applications",AUDITED,VERIFIED,"","",2026-08-19T09:29:46.262Z
cmstwfk9k00zz04l5gz7pz8vu,"Numerical Reasoning","Percentages - Percentage Change, Reverse & Business Applications",AUDITED,VERIFIED,"","",2026-08-19T09:29:46.302Z
cmstwfk9k00zy04l5ds5ee8l9,"Numerical Reasoning","Percentages - Percentage Change, Reverse & Business Applications",AUDITED,VERIFIED,"","",2026-08-19T09:29:46.341Z
cmstwfk9k00zx04l5ireohgi6,"Numerical Reasoning","Percentages - Percentage Change, Reverse & Business Applications",AUDITED,VERIFIED,"","",2026-08-19T09:29:46.379Z
cmstwfk9k00zw04l5rgd6yp9q,"Numerical Reasoning","Percentages - Percentage Change, Reverse & Business Applications",AUDITED,VERIFIED,"","",2026-08-19T09:29:46.415Z
cmstwfk9k00zv04l58xmc9y0j,"Numerical Reasoning","Percentages - Percentage Change, Reverse & Business Applications",AUDITED,VERIFIED,"","",2026-08-19T09:29:46.454Z
cmstwfk9k00zu04l5glt13ktr,"Numerical Reasoning","Percentages - Percentage Change, Reverse & Business Applications",AUDITED,VERIFIED,"","",2026-08-19T09:29:46.490Z
cmstwfk9k00zt04l5yp3vioob,"Numerical Reasoning","Percentages - Percentage Change, Reverse & Business Applications",AUDITED,VERIFIED,"","",2026-08-19T09:29:46.525Z
cmstwfk9k00zs04l53z55sr1z,"Numerical Reasoning","Percentages - Percentage Change, Reverse & Business Applications",AUDITED,VERIFIED,"","",2026-08-19T09:29:46.562Z
cmstwfk9k00zr04l5cessp7pm,"Numerical Reasoning","Percentages - Percentage Change, Reverse & Business Applications",AUDITED,VERIFIED,"","",2026-08-19T09:29:46.598Z
cmstwfk9k00zp04l54zvgqji0,"Numerical Reasoning","Percentages - Percentage Change, Reverse & Business Applications",AUDITED,VERIFIED,"","",2026-08-19T09:29:46.636Z
cmstwfk9k00zo04l5zlvqh5hu,"Numerical Reasoning","Percentages - Percentage Change, Reverse & Business Applications",AUDITED,VERIFIED,"","",2026-08-19T09:29:46.673Z
cmstwfk9k00zn04l5ktcwkt8f,"Numerical Reasoning","Percentages - Percentage Change, Reverse & Business Applications",AUDITED,VERIFIED,"","",2026-08-19T09:29:46.711Z
cmstwfk9k00zm04l5u3vmmwfj,"Numerical Reasoning","Percentages - Percentage Change, Reverse & Business Applications",AUDITED,VERIFIED,"","",2026-08-19T09:29:46.747Z
cmstwfk9k00zl04l5jbp9mh21,"Numerical Reasoning","Percentages - Percentage Change, Reverse & Business Applications",AUDITED,VERIFIED,"","",2026-08-19T09:29:46.772Z
cmstwfk9k00zk04l559q4p4rc,"Numerical Reasoning","Percentages - Percentage Change, Reverse & Business Applications",AUDITED,VERIFIED,"","",2026-08-19T09:29:46.808Z
cmstwfk9k00zj04l5q6hkgzqa,"Numerical Reasoning","Percentages - Percentage Change, Reverse & Business Applications",AUDITED,VERIFIED,"","",2026-08-19T09:29:46.843Z
cmstwg0rw012a04l5refdo4yj,"Numerical Reasoning","Basic Arithmetic - Order of Operations & Number Properties",AUDITED,VERIFIED,"","",2026-08-19T09:29:46.882Z
cmstwg0rw012b04l5232pz0z5,"Numerical Reasoning","Basic Arithmetic - Order of Operations & Number Properties",AUDITED,VERIFIED,"","",2026-08-19T09:29:46.921Z
cmstwg0rv010z04l5kj5gknip,"Numerical Reasoning","Fractions - Operational Simplification & Mixed Numbers",AUDITED,VERIFIED,"","",2026-08-19T09:29:46.945Z
cmstwg0rv011004l5m7mknuqe,"Numerical Reasoning","Fractions - Operational Simplification & Mixed Numbers",AUDITED,VERIFIED,"","",2026-08-19T09:29:46.968Z
cmstwg0rv011104l5ekajy6cw,"Numerical Reasoning","Fractions - Operational Simplification & Mixed Numbers",AUDITED,VERIFIED,"","",2026-08-19T09:29:46.993Z
cmstwg0rv011204l5ezd6tesz,"Numerical Reasoning","Fractions - Operational Simplification & Mixed Numbers",AUDITED,VERIFIED,"","",2026-08-19T09:29:47.022Z
cmstwg0rv011304l5aevw291r,"Numerical Reasoning","Fractions - Operational Simplification & Mixed Numbers",AUDITED,VERIFIED,"","",2026-08-19T09:29:47.046Z
cmstwg0rv011404l59gb29z60,"Numerical Reasoning","Fractions - Operational Simplification & Mixed Numbers",AUDITED,VERIFIED,"","",2026-08-19T09:29:47.069Z
cmstwg0rv010y04l5vmtiif5z,"Numerical Reasoning","Fractions - Operational Simplification & Mixed Numbers",AUDITED,VERIFIED,"","",2026-08-19T09:29:47.093Z
cmstwg0rv011504l5c1jq4e7b,"Numerical Reasoning","Fractions - Operational Simplification & Mixed Numbers",AUDITED,VERIFIED,"","",2026-08-19T09:29:47.116Z
cmstwg0rv011604l5v67az0zt,"Numerical Reasoning","Fractions - Operational Simplification & Mixed Numbers",AUDITED,VERIFIED,"","",2026-08-19T09:29:47.151Z
cmstwg0rv011704l54nk5ojuu,"Numerical Reasoning","Fractions - Operational Simplification & Mixed Numbers",AUDITED,VERIFIED,"","",2026-08-19T09:29:47.178Z
cmstwg0rv011804l5y6zi96dc,"Numerical Reasoning","Fractions - Operational Simplification & Mixed Numbers",AUDITED,VERIFIED,"","",2026-08-19T09:29:47.217Z
cmstwg0rv011904l5midjzqea,"Numerical Reasoning","Fractions - Operational Simplification & Mixed Numbers",AUDITED,VERIFIED,"","",2026-08-19T09:29:47.243Z
cmstwg0rv011a04l5ycgjqkr1,"Numerical Reasoning","Fractions - Operational Simplification & Mixed Numbers",AUDITED,VERIFIED,"","",2026-08-19T09:29:47.288Z
cmstwg0rv011b04l5jdgzniud,"Numerical Reasoning","Fractions - Operational Simplification & Mixed Numbers",AUDITED,VERIFIED,"","",2026-08-19T09:29:47.331Z
cmstwg0rv011c04l5u187qzxj,"Numerical Reasoning","Fractions - Operational Simplification & Mixed Numbers",AUDITED,VERIFIED,"","",2026-08-19T09:29:47.378Z
cmstwg0rv011d04l5tpj6mvis,"Numerical Reasoning","Fractions - Operational Simplification & Mixed Numbers",AUDITED,VERIFIED,"","",2026-08-19T09:29:47.424Z
cmstwg0rv011e04l5h1btml3v,"Numerical Reasoning","Fractions - Operational Simplification & Mixed Numbers",AUDITED,VERIFIED,"","",2026-08-19T09:29:47.455Z
cmstwg0rv011f04l5y70xesow,"Numerical Reasoning","Fractions - Operational Simplification & Mixed Numbers",AUDITED,VERIFIED,"","",2026-08-19T09:29:47.484Z
cmstwg0rv011g04l50emfyz5a,"Numerical Reasoning","Fractions - Operational Simplification & Mixed Numbers",AUDITED,VERIFIED,"","",2026-08-19T09:29:47.510Z
cmstwg0rv011h04l5lxkhhm1f,"Numerical Reasoning","Fractions - Operational Simplification & Mixed Numbers",AUDITED,VERIFIED,"","",2026-08-19T09:29:47.534Z
cmstwg0rv011i04l5qfs7bj1a,"Numerical Reasoning","Fractions - Operational Simplification & Mixed Numbers",AUDITED,VERIFIED,"","",2026-08-19T09:29:47.560Z
cmstwg0rv011j04l575v6yk4k,"Numerical Reasoning","Fractions - Operational Simplification & Mixed Numbers",AUDITED,VERIFIED,"","",2026-08-19T09:29:47.584Z
cmstwg0rv011k04l5hxgi60tj,"Numerical Reasoning","Fractions - Operational Simplification & Mixed Numbers",AUDITED,VERIFIED,"","",2026-08-19T09:29:47.614Z
cmstwg0rv011l04l5koewnm3u,"Numerical Reasoning","Fractions - Operational Simplification & Mixed Numbers",AUDITED,VERIFIED,"","",2026-08-19T09:29:47.639Z
cmstwg0rv011m04l5vuc4gpq4,"Numerical Reasoning","Fractions - Operational Simplification & Mixed Numbers",AUDITED,VERIFIED,"","",2026-08-19T09:29:47.676Z
cmstwg0rv011n04l5kwlhtk6x,"Numerical Reasoning","Basic Arithmetic - Order of Operations & Number Properties",AUDITED,VERIFIED,"","",2026-08-19T09:29:47.715Z
cmstwg0rv011o04l5sgy83ye4,"Numerical Reasoning","Basic Arithmetic - Order of Operations & Number Properties",AUDITED,VERIFIED,"","",2026-08-19T09:29:47.754Z
cmstwg0rv011p04l5k8oorr5b,"Numerical Reasoning","Basic Arithmetic - Order of Operations & Number Properties",AUDITED,VERIFIED,"","",2026-08-19T09:29:47.792Z
cmstwg0rv011q04l5398egtc9,"Numerical Reasoning","Basic Arithmetic - Order of Operations & Number Properties",AUDITED,VERIFIED,"","",2026-08-19T09:29:47.818Z
cmstwg0rw011r04l5trv7dsvr,"Numerical Reasoning","Basic Arithmetic - Order of Operations & Number Properties",AUDITED,VERIFIED,"","",2026-08-19T09:29:47.843Z
cmstwg0rw011s04l5b0rm9azz,"Numerical Reasoning","Basic Arithmetic - Order of Operations & Number Properties",AUDITED,VERIFIED,"","",2026-08-19T09:29:47.884Z
cmstwg0rw011t04l5wqb0iraq,"Numerical Reasoning","Basic Arithmetic - Order of Operations & Number Properties",AUDITED,VERIFIED,"","",2026-08-19T09:29:47.910Z
cmstwg0rw011u04l5md6ysm4p,"Numerical Reasoning","Basic Arithmetic - Order of Operations & Number Properties",AUDITED,VERIFIED,"","",2026-08-19T09:29:47.967Z
cmstwg0rw011v04l5xeb9677t,"Numerical Reasoning","Basic Arithmetic - Order of Operations & Number Properties",AUDITED,VERIFIED,"","",2026-08-19T09:29:48.008Z
cmstwg0rw011w04l5bbv4ua7e,"Numerical Reasoning","Basic Arithmetic - Order of Operations & Number Properties",AUDITED,VERIFIED,"","",2026-08-19T09:29:48.046Z
cmstwg0rw011x04l5sf3p7wne,"Numerical Reasoning","Basic Arithmetic - Order of Operations & Number Properties",AUDITED,VERIFIED,"","",2026-08-19T09:29:48.083Z
cmstwg0rw011y04l5nrfl15jj,"Numerical Reasoning","Basic Arithmetic - Order of Operations & Number Properties",AUDITED,VERIFIED,"","",2026-08-19T09:29:48.123Z
cmstwg0rw011z04l5t8jbi7wr,"Numerical Reasoning","Basic Arithmetic - Order of Operations & Number Properties",AUDITED,VERIFIED,"","",2026-08-19T09:29:48.160Z
cmstwg0rw012004l5rfq7as64,"Numerical Reasoning","Basic Arithmetic - Order of Operations & Number Properties",AUDITED,VERIFIED,"","",2026-08-19T09:29:48.201Z
cmstwg0rw012104l533s05vx3,"Numerical Reasoning","Basic Arithmetic - Order of Operations & Number Properties",AUDITED,VERIFIED,"","",2026-08-19T09:29:48.239Z
cmstwg0rw012204l5whs2v28h,"Numerical Reasoning","Basic Arithmetic - Order of Operations & Number Properties",AUDITED,VERIFIED,"","",2026-08-19T09:29:48.275Z
cmstwg0rw012304l5595maqa1,"Numerical Reasoning","Basic Arithmetic - Order of Operations & Number Properties",AUDITED,VERIFIED,"","",2026-08-19T09:29:48.300Z
cmstwg0rw012404l5k4i89h3f,"Numerical Reasoning","Basic Arithmetic - Order of Operations & Number Properties",AUDITED,VERIFIED,"","",2026-08-19T09:29:48.326Z
cmstwg0rw012504l5icvaau6z,"Numerical Reasoning","Basic Arithmetic - Order of Operations & Number Properties",AUDITED,VERIFIED,"","",2026-08-19T09:29:48.363Z
cmstwg0rw012604l5fy28hvzj,"Numerical Reasoning","Basic Arithmetic - Order of Operations & Number Properties",AUDITED,VERIFIED,"","",2026-08-19T09:29:48.387Z
cmstwg0rw012704l55i25anqh,"Numerical Reasoning","Basic Arithmetic - Order of Operations & Number Properties",AUDITED,VERIFIED,"","",2026-08-19T09:29:48.425Z
cmstwg0rw012804l5upp07v3s,"Numerical Reasoning","Basic Arithmetic - Order of Operations & Number Properties",AUDITED,VERIFIED,"","",2026-08-19T09:29:48.464Z
cmstwg0rw012904l54l8ocn7n,"Numerical Reasoning","Basic Arithmetic - Order of Operations & Number Properties",AUDITED,VERIFIED,"","",2026-08-19T09:29:48.504Z
cmstwguwi001504l2cv94zjns,"Numerical Reasoning","Time, Speed, and Distance - Motion & Relative Speed",AUDITED,VERIFIED,"","",2026-08-19T09:29:48.543Z
cmstwguwh000004l2yw7px6sl,"Numerical Reasoning","Age Problems - Linear Age Relationships & System Equations",AUDITED,VERIFIED,"","",2026-08-19T09:29:48.579Z
cmstwguwh000104l2k1pt3fgh,"Numerical Reasoning","Age Problems - Linear Age Relationships & System Equations",AUDITED,VERIFIED,"","",2026-08-19T09:29:48.614Z
cmstwguwh000204l29yain6h8,"Numerical Reasoning","Age Problems - Linear Age Relationships & System Equations",AUDITED,VERIFIED,"","",2026-08-19T09:29:48.652Z
cmstwguwh000304l2tyq8c3me,"Numerical Reasoning","Age Problems - Linear Age Relationships & System Equations",AUDITED,VERIFIED,"","",2026-08-19T09:29:48.690Z
cmstwguwh000404l21a32j4hg,"Numerical Reasoning","Age Problems - Linear Age Relationships & System Equations",AUDITED,VERIFIED,"","",2026-08-19T09:29:48.727Z
cmstwguwi000504l2qjdinh8l,"Numerical Reasoning","Age Problems - Linear Age Relationships & System Equations",AUDITED,VERIFIED,"","",2026-08-19T09:29:48.763Z
cmstwguwi000604l2meqfkz2s,"Numerical Reasoning","Age Problems - Linear Age Relationships & System Equations",AUDITED,VERIFIED,"","",2026-08-19T09:29:48.800Z
cmstwguwi000704l2g6n0k8gl,"Numerical Reasoning","Age Problems - Linear Age Relationships & System Equations",AUDITED,VERIFIED,"","",2026-08-19T09:29:48.836Z
cmstwguwi000804l2h4bwm61m,"Numerical Reasoning","Age Problems - Linear Age Relationships & System Equations",AUDITED,VERIFIED,"","",2026-08-19T09:29:48.874Z
cmstwguwi000904l2fef0u17d,"Numerical Reasoning","Age Problems - Linear Age Relationships & System Equations",AUDITED,VERIFIED,"","",2026-08-19T09:29:48.914Z
cmstwguwi000a04l24wvjfl7b,"Numerical Reasoning","Age Problems - Linear Age Relationships & System Equations",AUDITED,VERIFIED,"","",2026-08-19T09:29:48.950Z
cmstwguwi000b04l2eby80un0,"Numerical Reasoning","Age Problems - Linear Age Relationships & System Equations",AUDITED,VERIFIED,"","",2026-08-19T09:29:48.987Z
cmstwguwi000c04l2j0t8c4ht,"Numerical Reasoning","Age Problems - Linear Age Relationships & System Equations",AUDITED,VERIFIED,"","",2026-08-19T09:29:49.127Z
cmstwguwi000d04l2ptzzih0y,"Numerical Reasoning","Age Problems - Linear Age Relationships & System Equations",AUDITED,VERIFIED,"","",2026-08-19T09:29:49.164Z
cmstwguwi000e04l2mzsnrxi6,"Numerical Reasoning","Age Problems - Linear Age Relationships & System Equations",AUDITED,VERIFIED,"","",2026-08-19T09:29:49.205Z
cmstwguwi000f04l2ukkt60rn,"Numerical Reasoning","Age Problems - Linear Age Relationships & System Equations",AUDITED,VERIFIED,"","",2026-08-19T09:29:49.248Z
cmstwguwi000g04l2t6bpzqbg,"Numerical Reasoning","Age Problems - Linear Age Relationships & System Equations",AUDITED,VERIFIED,"","",2026-08-19T09:29:49.285Z
cmstwguwi000h04l21gkzuhyd,"Numerical Reasoning","Age Problems - Linear Age Relationships & System Equations",AUDITED,VERIFIED,"","",2026-08-19T09:29:49.322Z
cmstwguwi000i04l2ftnw05og,"Numerical Reasoning","Age Problems - Linear Age Relationships & System Equations",AUDITED,VERIFIED,"","",2026-08-19T09:29:49.361Z
cmstwguwi000j04l2cw28h4fk,"Numerical Reasoning","Age Problems - Linear Age Relationships & System Equations",AUDITED,VERIFIED,"","",2026-08-19T09:29:49.400Z
cmstwguwi000k04l2ydk8c3d9,"Numerical Reasoning","Age Problems - Linear Age Relationships & System Equations",AUDITED,VERIFIED,"","",2026-08-19T09:29:49.435Z
cmstwguwi000l04l250cosa0c,"Numerical Reasoning","Age Problems - Linear Age Relationships & System Equations",AUDITED,VERIFIED,"","",2026-08-19T09:29:49.475Z
cmstwguwi000m04l2gwmcbf1j,"Numerical Reasoning","Age Problems - Linear Age Relationships & System Equations",AUDITED,VERIFIED,"","",2026-08-19T09:29:49.511Z
cmstwguwi000n04l2rfvaoo9z,"Numerical Reasoning","Age Problems - Linear Age Relationships & System Equations",AUDITED,VERIFIED,"","",2026-08-19T09:29:49.548Z
cmstwguwi000o04l26j6o9hwe,"Numerical Reasoning","Age Problems - Linear Age Relationships & System Equations",AUDITED,VERIFIED,"","",2026-08-19T09:29:49.589Z
cmstwguwi000p04l2ebzf9vrb,"Numerical Reasoning","Time, Speed, and Distance - Motion & Relative Speed",AUDITED,VERIFIED,"","",2026-08-19T09:29:49.628Z
cmstwguwi000q04l2eguhjei2,"Numerical Reasoning","Time, Speed, and Distance - Motion & Relative Speed",AUDITED,VERIFIED,"","",2026-08-19T09:29:49.663Z
cmstwguwi000r04l2ybo5dhmr,"Numerical Reasoning","Time, Speed, and Distance - Motion & Relative Speed",AUDITED,VERIFIED,"","",2026-08-19T09:29:49.702Z
cmstwguwi000s04l26fidb0lr,"Numerical Reasoning","Time, Speed, and Distance - Motion & Relative Speed",AUDITED,VERIFIED,"","",2026-08-19T09:29:49.742Z
cmstwguwi000t04l27uul4g2s,"Numerical Reasoning","Time, Speed, and Distance - Motion & Relative Speed",AUDITED,VERIFIED,"","",2026-08-19T09:29:49.781Z
cmstwguwi000u04l2q2l9c6n4,"Numerical Reasoning","Time, Speed, and Distance - Motion & Relative Speed",AUDITED,VERIFIED,"","",2026-08-19T09:29:49.820Z
cmstwguwi000v04l251ymqebc,"Numerical Reasoning","Time, Speed, and Distance - Motion & Relative Speed",AUDITED,VERIFIED,"","",2026-08-19T09:29:49.858Z
cmstwguwi000w04l28i6zovoq,"Numerical Reasoning","Time, Speed, and Distance - Motion & Relative Speed",AUDITED,VERIFIED,"","",2026-08-19T09:29:49.892Z
cmstwguwi000x04l2b3pa9wi6,"Numerical Reasoning","Time, Speed, and Distance - Motion & Relative Speed",AUDITED,VERIFIED,"","",2026-08-19T09:29:49.928Z
cmstwguwi000y04l2wiin9hc6,"Numerical Reasoning","Time, Speed, and Distance - Motion & Relative Speed",AUDITED,VERIFIED,"","",2026-08-19T09:29:49.964Z
cmstwguwi000z04l26xcm8yjq,"Numerical Reasoning","Time, Speed, and Distance - Motion & Relative Speed",AUDITED,VERIFIED,"","",2026-08-19T09:29:50.003Z
cmstwguwi001004l2kmup2q3x,"Numerical Reasoning","Time, Speed, and Distance - Motion & Relative Speed",AUDITED,VERIFIED,"","",2026-08-19T09:29:50.047Z
cmstwguwi001104l26doitrio,"Numerical Reasoning","Time, Speed, and Distance - Motion & Relative Speed",AUDITED,VERIFIED,"","",2026-08-19T09:29:50.091Z
cmstwguwi001204l22uhf7658,"Numerical Reasoning","Time, Speed, and Distance - Motion & Relative Speed",AUDITED,VERIFIED,"","",2026-08-19T09:29:50.126Z
cmstwguwi001304l2xhbuik3x,"Numerical Reasoning","Time, Speed, and Distance - Motion & Relative Speed",AUDITED,VERIFIED,"","",2026-08-19T09:29:50.167Z
cmstwguwi001404l2fw7q4s0m,"Numerical Reasoning","Time, Speed, and Distance - Motion & Relative Speed",AUDITED,VERIFIED,"","",2026-08-19T09:29:50.210Z
cmstwguwi001604l2ycioryvl,"Numerical Reasoning","Time, Speed, and Distance - Motion & Relative Speed",AUDITED,VERIFIED,"","",2026-08-19T09:29:50.248Z
cmstwguwi001704l259b60u6x,"Numerical Reasoning","Time, Speed, and Distance - Motion & Relative Speed",AUDITED,VERIFIED,"","",2026-08-19T09:29:50.287Z
cmstwguwi001804l2kdwrxop6,"Numerical Reasoning","Time, Speed, and Distance - Motion & Relative Speed",AUDITED,VERIFIED,"","",2026-08-19T09:29:50.327Z
cmstwguwi001904l2bz8jettv,"Numerical Reasoning","Time, Speed, and Distance - Motion & Relative Speed",AUDITED,VERIFIED,"","",2026-08-19T09:29:50.363Z
cmstwguwi001a04l2o2awazn7,"Numerical Reasoning","Time, Speed, and Distance - Motion & Relative Speed",AUDITED,VERIFIED,"","",2026-08-19T09:29:50.402Z
cmstwguwi001b04l22eugmhxe,"Numerical Reasoning","Time, Speed, and Distance - Motion & Relative Speed",AUDITED,VERIFIED,"","",2026-08-19T09:29:50.441Z
cmstwguwi001c04l21cvr19fz,"Numerical Reasoning","Time, Speed, and Distance - Motion & Relative Speed",AUDITED,VERIFIED,"","",2026-08-19T09:29:50.480Z
cmstwguwi001d04l2jmz7refh,"Numerical Reasoning","Time, Speed, and Distance - Motion & Relative Speed",AUDITED,VERIFIED,"","",2026-08-19T09:29:50.518Z
cmstwhmrm002p04l250potspe,"Numerical Reasoning","Simple and Compound Interest - Maturity & Compounded Growth",AUDITED,VERIFIED,"","",2026-08-19T09:29:50.559Z
cmstwhmrm002s04l2l10vamnr,"Numerical Reasoning","Simple and Compound Interest - Maturity & Compounded Growth",AUDITED,VERIFIED,"","",2026-08-19T09:29:50.599Z
cmstwhmrm002q04l2qgqefq49,"Numerical Reasoning","Simple and Compound Interest - Maturity & Compounded Growth",AUDITED,VERIFIED,"","",2026-08-19T09:29:50.643Z
cmstwhmrm001f04l2jgd9awxf,"Numerical Reasoning","Time and Work - Work Rates & Combined Efficiency",AUDITED,VERIFIED,"","",2026-08-19T09:29:50.682Z
cmstwhmrm001g04l20fek1hws,"Numerical Reasoning","Time and Work - Work Rates & Combined Efficiency",AUDITED,VERIFIED,"","",2026-08-19T09:29:50.721Z
cmstwhmrm001h04l2e5ezzl5h,"Numerical Reasoning","Time and Work - Work Rates & Combined Efficiency",AUDITED,VERIFIED,"","",2026-08-19T09:29:50.762Z
cmstwhmrm001i04l2xcbfe2vq,"Numerical Reasoning","Time and Work - Work Rates & Combined Efficiency",AUDITED,VERIFIED,"","",2026-08-19T09:29:50.802Z
cmstwhmrm001j04l2g5o85ieg,"Numerical Reasoning","Time and Work - Work Rates & Combined Efficiency",AUDITED,VERIFIED,"","",2026-08-19T09:29:50.846Z
cmstwhmrm001k04l2c1lnprs6,"Numerical Reasoning","Time and Work - Work Rates & Combined Efficiency",AUDITED,VERIFIED,"","",2026-08-19T09:29:50.890Z
cmstwhmrm001l04l207o1xrra,"Numerical Reasoning","Time and Work - Work Rates & Combined Efficiency",AUDITED,VERIFIED,"","",2026-08-19T09:29:50.928Z
cmstwhmrm001m04l2afx7klpp,"Numerical Reasoning","Time and Work - Work Rates & Combined Efficiency",AUDITED,VERIFIED,"","",2026-08-19T09:29:50.969Z
cmstwhmrm001n04l2it1q7cpo,"Numerical Reasoning","Time and Work - Work Rates & Combined Efficiency",AUDITED,VERIFIED,"","",2026-08-19T09:29:51.012Z
cmstwhmrm001o04l2m8qojaex,"Numerical Reasoning","Time and Work - Work Rates & Combined Efficiency",AUDITED,VERIFIED,"","",2026-08-19T09:29:51.050Z
cmstwhmrm001p04l299kcnxt7,"Numerical Reasoning","Time and Work - Work Rates & Combined Efficiency",AUDITED,VERIFIED,"","",2026-08-19T09:29:51.086Z
cmstwhmrm001q04l2mpk9ufs8,"Numerical Reasoning","Time and Work - Work Rates & Combined Efficiency",AUDITED,VERIFIED,"","",2026-08-19T09:29:51.124Z
cmstwhmrm001r04l23vxearto,"Numerical Reasoning","Time and Work - Work Rates & Combined Efficiency",AUDITED,VERIFIED,"","",2026-08-19T09:29:51.169Z
cmstwhmrm001s04l22owwimba,"Numerical Reasoning","Time and Work - Work Rates & Combined Efficiency",AUDITED,VERIFIED,"","",2026-08-19T09:29:51.219Z
cmstwhmrm001t04l2pvlluzo8,"Numerical Reasoning","Time and Work - Work Rates & Combined Efficiency",AUDITED,VERIFIED,"","",2026-08-19T09:29:51.282Z
cmstwhmrm001u04l2o558623u,"Numerical Reasoning","Time and Work - Work Rates & Combined Efficiency",AUDITED,VERIFIED,"","",2026-08-19T09:29:51.346Z
cmstwhmrm001v04l2vt712p5c,"Numerical Reasoning","Time and Work - Work Rates & Combined Efficiency",AUDITED,VERIFIED,"","",2026-08-19T09:29:51.386Z
cmstwhmrm001w04l25u6f416u,"Numerical Reasoning","Time and Work - Work Rates & Combined Efficiency",AUDITED,VERIFIED,"","",2026-08-19T09:29:51.432Z
cmstwhmrm001x04l2tbegql5r,"Numerical Reasoning","Time and Work - Work Rates & Combined Efficiency",AUDITED,VERIFIED,"","",2026-08-19T09:29:51.476Z
cmstwhmrm001y04l22yyivj7x,"Numerical Reasoning","Time and Work - Work Rates & Combined Efficiency",AUDITED,VERIFIED,"","",2026-08-19T09:29:51.516Z
cmstwhmrm001z04l2mha1lfi6,"Numerical Reasoning","Time and Work - Work Rates & Combined Efficiency",AUDITED,VERIFIED,"","",2026-08-19T09:29:51.554Z
cmstwhmrm002004l2gwk99pab,"Numerical Reasoning","Time and Work - Work Rates & Combined Efficiency",AUDITED,VERIFIED,"","",2026-08-19T09:29:51.598Z
cmstwhmrm002104l2hskmvnex,"Numerical Reasoning","Time and Work - Work Rates & Combined Efficiency",AUDITED,VERIFIED,"","",2026-08-19T09:29:51.637Z
cmstwhmrm002204l2u23ygzhr,"Numerical Reasoning","Time and Work - Work Rates & Combined Efficiency",AUDITED,VERIFIED,"","",2026-08-19T09:29:51.672Z
cmstwhmrm002304l2q4zz7361,"Numerical Reasoning","Time and Work - Work Rates & Combined Efficiency",AUDITED,VERIFIED,"","",2026-08-19T09:29:51.712Z
cmstwhmrm002404l2wgqswq6i,"Numerical Reasoning","Simple and Compound Interest - Maturity & Compounded Growth",AUDITED,VERIFIED,"","",2026-08-19T09:29:51.755Z
cmstwhmrm002504l2r5549v5u,"Numerical Reasoning","Simple and Compound Interest - Maturity & Compounded Growth",AUDITED,VERIFIED,"","",2026-08-19T09:29:51.796Z
cmstwhmrm002604l2z00rcgmm,"Numerical Reasoning","Simple and Compound Interest - Maturity & Compounded Growth",AUDITED,VERIFIED,"","",2026-08-19T09:29:51.836Z
cmstwhmrm002704l23dpxh77b,"Numerical Reasoning","Simple and Compound Interest - Maturity & Compounded Growth",AUDITED,VERIFIED,"","",2026-08-19T09:29:51.878Z
cmstwhmrm002804l2hf6owo8t,"Numerical Reasoning","Simple and Compound Interest - Maturity & Compounded Growth",AUDITED,VERIFIED,"","",2026-08-19T09:29:51.917Z
cmstwhmrm002904l24n1bkp0r,"Numerical Reasoning","Simple and Compound Interest - Maturity & Compounded Growth",AUDITED,VERIFIED,"","",2026-08-19T09:29:51.957Z
cmstwhmrm002a04l2awnv0xe8,"Numerical Reasoning","Simple and Compound Interest - Maturity & Compounded Growth",AUDITED,VERIFIED,"","",2026-08-19T09:29:51.994Z
cmstwhmrm002b04l2qr15568y,"Numerical Reasoning","Simple and Compound Interest - Maturity & Compounded Growth",AUDITED,VERIFIED,"","",2026-08-19T09:29:52.033Z
cmstwhmrm002c04l27sb8dwvx,"Numerical Reasoning","Simple and Compound Interest - Maturity & Compounded Growth",AUDITED,VERIFIED,"","",2026-08-19T09:29:52.071Z
cmstwhmrm002d04l2z4jemixq,"Numerical Reasoning","Simple and Compound Interest - Maturity & Compounded Growth",AUDITED,VERIFIED,"","",2026-08-19T09:29:52.110Z
cmstwhmrm002e04l23yec15tt,"Numerical Reasoning","Simple and Compound Interest - Maturity & Compounded Growth",AUDITED,VERIFIED,"","",2026-08-19T09:29:52.151Z
cmstwhmrm002f04l24nse7qko,"Numerical Reasoning","Simple and Compound Interest - Maturity & Compounded Growth",AUDITED,VERIFIED,"","",2026-08-19T09:29:52.194Z
cmstwhmrm002g04l2z9gwhq6z,"Numerical Reasoning","Simple and Compound Interest - Maturity & Compounded Growth",AUDITED,VERIFIED,"","",2026-08-19T09:29:52.233Z
cmstwhmrm002h04l2jv8qc2pg,"Numerical Reasoning","Simple and Compound Interest - Maturity & Compounded Growth",AUDITED,VERIFIED,"","",2026-08-19T09:29:52.271Z
cmstwhmrm002i04l2bm3sfihm,"Numerical Reasoning","Simple and Compound Interest - Maturity & Compounded Growth",AUDITED,VERIFIED,"","",2026-08-19T09:29:52.311Z
cmstwhmrm002r04l2cufu6ped,"Numerical Reasoning","Simple and Compound Interest - Maturity & Compounded Growth",AUDITED,VERIFIED,"","",2026-08-19T09:29:52.353Z
cmstwhmrm002j04l2qmbr0gzz,"Numerical Reasoning","Simple and Compound Interest - Maturity & Compounded Growth",AUDITED,VERIFIED,"","",2026-08-19T09:29:52.390Z
cmstwhmrm002k04l2ulbyy1gh,"Numerical Reasoning","Simple and Compound Interest - Maturity & Compounded Growth",AUDITED,VERIFIED,"","",2026-08-19T09:29:52.436Z
cmstwhmrm002l04l2ta4on8u4,"Numerical Reasoning","Simple and Compound Interest - Maturity & Compounded Growth",AUDITED,VERIFIED,"","",2026-08-19T09:29:52.479Z
cmstwhmrm002m04l20haj96kq,"Numerical Reasoning","Simple and Compound Interest - Maturity & Compounded Growth",AUDITED,VERIFIED,"","",2026-08-19T09:29:52.521Z
cmstwhmrm002n04l2s81g29hn,"Numerical Reasoning","Simple and Compound Interest - Maturity & Compounded Growth",AUDITED,VERIFIED,"","",2026-08-19T09:29:52.562Z
cmstwhmrm002o04l2vbk2st90,"Numerical Reasoning","Simple and Compound Interest - Maturity & Compounded Growth",AUDITED,VERIFIED,"","",2026-08-19T09:29:52.602Z
cmstwicve003c04l2fq62s04b,"Numerical Reasoning","Discounts and Markups - Trade Margins & Net Pricing",AUDITED,VERIFIED,"","",2026-08-19T09:29:52.643Z
cmstwicve002x04l2lsnq8jo0,"Numerical Reasoning","Discounts and Markups - Trade Margins & Net Pricing",AUDITED,VERIFIED,"","",2026-08-19T09:29:52.682Z
cmstwicve002y04l2oahvy3re,"Numerical Reasoning","Discounts and Markups - Trade Margins & Net Pricing",AUDITED,VERIFIED,"","",2026-08-19T09:29:52.720Z
cmstwicve002z04l2w4qxexk7,"Numerical Reasoning","Discounts and Markups - Trade Margins & Net Pricing",AUDITED,VERIFIED,"","",2026-08-19T09:29:52.759Z
cmstwicve003004l21z0tnbj8,"Numerical Reasoning","Discounts and Markups - Trade Margins & Net Pricing",AUDITED,VERIFIED,"","",2026-08-19T09:29:52.799Z
cmstwicve003104l2vtk2lueq,"Numerical Reasoning","Discounts and Markups - Trade Margins & Net Pricing",AUDITED,VERIFIED,"","",2026-08-19T09:29:52.839Z
cmstwicve003204l2qe2u19cg,"Numerical Reasoning","Discounts and Markups - Trade Margins & Net Pricing",AUDITED,VERIFIED,"","",2026-08-19T09:29:52.880Z
cmstwicve003304l2g3ujbkrc,"Numerical Reasoning","Discounts and Markups - Trade Margins & Net Pricing",AUDITED,VERIFIED,"","",2026-08-19T09:29:52.918Z
cmstwicve003404l299vd0tac,"Numerical Reasoning","Discounts and Markups - Trade Margins & Net Pricing",AUDITED,VERIFIED,"","",2026-08-19T09:29:52.956Z
cmstwicve003504l2pd8rx4e9,"Numerical Reasoning","Discounts and Markups - Trade Margins & Net Pricing",AUDITED,VERIFIED,"","",2026-08-19T09:29:52.997Z
cmstwicve003604l2ko5p0uxe,"Numerical Reasoning","Discounts and Markups - Trade Margins & Net Pricing",AUDITED,VERIFIED,"","",2026-08-19T09:29:53.037Z
cmstwicve003704l2nyxst6fb,"Numerical Reasoning","Discounts and Markups - Trade Margins & Net Pricing",AUDITED,VERIFIED,"","",2026-08-19T09:29:53.076Z
cmstwicve003804l2d0g9gwb1,"Numerical Reasoning","Discounts and Markups - Trade Margins & Net Pricing",AUDITED,VERIFIED,"","",2026-08-19T09:29:53.112Z
cmstwicve003904l29q6sty4n,"Numerical Reasoning","Discounts and Markups - Trade Margins & Net Pricing",AUDITED,VERIFIED,"","",2026-08-19T09:29:53.247Z
cmstwicve003a04l2n50qqxhr,"Numerical Reasoning","Discounts and Markups - Trade Margins & Net Pricing",AUDITED,VERIFIED,"","",2026-08-19T09:29:53.288Z
cmstwicve003b04l2r9zdaltc,"Numerical Reasoning","Discounts and Markups - Trade Margins & Net Pricing",AUDITED,VERIFIED,"","",2026-08-19T09:29:53.328Z
cmstwicve002w04l2uqmn58cl,"Numerical Reasoning","Discounts and Markups - Trade Margins & Net Pricing",AUDITED,VERIFIED,"","",2026-08-19T09:29:53.368Z
cmstwicve003d04l2zixx37c9,"Numerical Reasoning","Discounts and Markups - Trade Margins & Net Pricing",AUDITED,VERIFIED,"","",2026-08-19T09:29:53.413Z
cmstwicve003e04l27gvfevgz,"Numerical Reasoning","Discounts and Markups - Trade Margins & Net Pricing",AUDITED,VERIFIED,"","",2026-08-19T09:29:53.449Z
cmstwicve003f04l29pi195fo,"Numerical Reasoning","Discounts and Markups - Trade Margins & Net Pricing",AUDITED,VERIFIED,"","",2026-08-19T09:29:53.486Z
cmstwicve003g04l2qvq27own,"Numerical Reasoning","Discounts and Markups - Trade Margins & Net Pricing",AUDITED,VERIFIED,"","",2026-08-19T09:29:53.533Z
cmstwicve003h04l22560op89,"Numerical Reasoning","Discounts and Markups - Trade Margins & Net Pricing",AUDITED,VERIFIED,"","",2026-08-19T09:29:53.574Z
cmstwicve003i04l24moctjdy,"Numerical Reasoning","Discounts and Markups - Trade Margins & Net Pricing",AUDITED,VERIFIED,"","",2026-08-19T09:29:53.613Z
cmstwicve003j04l2oua40s79,"Numerical Reasoning","Profit and Loss - Commercial Margins & Break-Even",AUDITED,VERIFIED,"","",2026-08-19T09:29:53.652Z
cmstwicve003k04l2i5xp2gkv,"Numerical Reasoning","Profit and Loss - Commercial Margins & Break-Even",AUDITED,VERIFIED,"","",2026-08-19T09:29:53.691Z
cmstwicve003l04l2qu1ioz7f,"Numerical Reasoning","Profit and Loss - Commercial Margins & Break-Even",AUDITED,VERIFIED,"","",2026-08-19T09:29:53.731Z
cmstwicve003m04l2m4ou1pt9,"Numerical Reasoning","Profit and Loss - Commercial Margins & Break-Even",AUDITED,VERIFIED,"","",2026-08-19T09:29:53.769Z
cmstwicve003n04l28hjn8awm,"Numerical Reasoning","Profit and Loss - Commercial Margins & Break-Even",AUDITED,VERIFIED,"","",2026-08-19T09:29:53.816Z
cmstwicve003o04l2qhqhhhpb,"Numerical Reasoning","Profit and Loss - Commercial Margins & Break-Even",AUDITED,VERIFIED,"","",2026-08-19T09:29:53.857Z
cmstwicve003p04l2h53j93sq,"Numerical Reasoning","Profit and Loss - Commercial Margins & Break-Even",AUDITED,VERIFIED,"","",2026-08-19T09:29:53.901Z
cmstwicve003q04l2o14lzqiy,"Numerical Reasoning","Profit and Loss - Commercial Margins & Break-Even",AUDITED,VERIFIED,"","",2026-08-19T09:29:53.940Z
cmstwicve003r04l2yzw28ryp,"Numerical Reasoning","Profit and Loss - Commercial Margins & Break-Even",AUDITED,VERIFIED,"","",2026-08-19T09:29:53.980Z
cmstwicve003s04l2yprkojo8,"Numerical Reasoning","Profit and Loss - Commercial Margins & Break-Even",AUDITED,VERIFIED,"","",2026-08-19T09:29:54.017Z
cmstwicve003t04l2sg3vv0hp,"Numerical Reasoning","Profit and Loss - Commercial Margins & Break-Even",AUDITED,VERIFIED,"","",2026-08-19T09:29:54.063Z
cmstwicve003u04l27l780ymb,"Numerical Reasoning","Profit and Loss - Commercial Margins & Break-Even",AUDITED,VERIFIED,"","",2026-08-19T09:29:54.111Z
cmstwicve003v04l26bqksmle,"Numerical Reasoning","Profit and Loss - Commercial Margins & Break-Even",AUDITED,VERIFIED,"","",2026-08-19T09:29:54.154Z
cmstwicvf003w04l2ir43z2u8,"Numerical Reasoning","Profit and Loss - Commercial Margins & Break-Even",AUDITED,VERIFIED,"","",2026-08-19T09:29:54.192Z
cmstwicvf003x04l2g185mdre,"Numerical Reasoning","Profit and Loss - Commercial Margins & Break-Even",AUDITED,VERIFIED,"","",2026-08-19T09:29:54.232Z
cmstwicvf003y04l2mt6vsgv7,"Numerical Reasoning","Profit and Loss - Commercial Margins & Break-Even",AUDITED,VERIFIED,"","",2026-08-19T09:29:54.273Z
cmstwicvf003z04l2y5kyb24a,"Numerical Reasoning","Profit and Loss - Commercial Margins & Break-Even",AUDITED,VERIFIED,"","",2026-08-19T09:29:54.314Z
cmstwicvf004004l2t7fefwfp,"Numerical Reasoning","Profit and Loss - Commercial Margins & Break-Even",AUDITED,VERIFIED,"","",2026-08-19T09:29:54.352Z
cmstwicvf004104l2d03bmpr9,"Numerical Reasoning","Profit and Loss - Commercial Margins & Break-Even",AUDITED,VERIFIED,"","",2026-08-19T09:29:54.392Z
cmstwicve002u04l2yso9grh8,"Numerical Reasoning","Discounts and Markups - Trade Margins & Net Pricing",AUDITED,VERIFIED,"","",2026-08-19T09:29:54.430Z
cmstwicvf004204l2waizlr19,"Numerical Reasoning","Profit and Loss - Commercial Margins & Break-Even",AUDITED,VERIFIED,"","",2026-08-19T09:29:54.468Z
cmstwicvf004304l2zmvwgspc,"Numerical Reasoning","Profit and Loss - Commercial Margins & Break-Even",AUDITED,VERIFIED,"","",2026-08-19T09:29:54.510Z
cmstwicvf004404l2x68kvnz5,"Numerical Reasoning","Profit and Loss - Commercial Margins & Break-Even",AUDITED,VERIFIED,"","",2026-08-19T09:29:54.562Z
cmstwicvf004504l24v29c3y6,"Numerical Reasoning","Profit and Loss - Commercial Margins & Break-Even",AUDITED,VERIFIED,"","",2026-08-19T09:29:54.621Z
cmstwicvf004604l2udg7gigf,"Numerical Reasoning","Profit and Loss - Commercial Margins & Break-Even",AUDITED,VERIFIED,"","",2026-08-19T09:29:54.673Z
cmstwicvf004704l2ylqaxpuh,"Numerical Reasoning","Profit and Loss - Commercial Margins & Break-Even",AUDITED,VERIFIED,"","",2026-08-19T09:29:54.732Z
cmstwicve002v04l2l3z1ad7m,"Numerical Reasoning","Discounts and Markups - Trade Margins & Net Pricing",AUDITED,VERIFIED,"","",2026-08-19T09:29:54.775Z
cmstwj18q004a04l2jgf3nkgo,"Numerical Reasoning","Average (Mean) - Arithmetic & Weighted Means",AUDITED,VERIFIED,"","",2026-08-19T09:29:54.817Z
cmstwj18q004b04l2vxaklme5,"Numerical Reasoning","Average (Mean) - Arithmetic & Weighted Means",AUDITED,VERIFIED,"","",2026-08-19T09:29:54.858Z
cmstwj18q004c04l252p7munq,"Numerical Reasoning","Average (Mean) - Arithmetic & Weighted Means",AUDITED,VERIFIED,"","",2026-08-19T09:29:54.903Z
cmstwj18q004d04l2wmqj15li,"Numerical Reasoning","Average (Mean) - Arithmetic & Weighted Means",AUDITED,VERIFIED,"","",2026-08-19T09:29:54.949Z
cmstwj18q004e04l26l4pa3p1,"Numerical Reasoning","Average (Mean) - Arithmetic & Weighted Means",AUDITED,VERIFIED,"","",2026-08-19T09:29:54.988Z
cmstwj18q004f04l2y5i611n6,"Numerical Reasoning","Average (Mean) - Arithmetic & Weighted Means",AUDITED,VERIFIED,"","",2026-08-19T09:29:55.023Z
cmstwj18q004g04l2p5qx6z5o,"Numerical Reasoning","Average (Mean) - Arithmetic & Weighted Means",AUDITED,VERIFIED,"","",2026-08-19T09:29:55.064Z
cmstwj18q004h04l2mzsryc9k,"Numerical Reasoning","Average (Mean) - Arithmetic & Weighted Means",AUDITED,VERIFIED,"","",2026-08-19T09:29:55.107Z
cmstwj18q004i04l29w6po6fi,"Numerical Reasoning","Average (Mean) - Arithmetic & Weighted Means",AUDITED,VERIFIED,"","",2026-08-19T09:29:55.151Z
cmstwj18q004j04l2w13801dj,"Numerical Reasoning","Average (Mean) - Arithmetic & Weighted Means",AUDITED,VERIFIED,"","",2026-08-19T09:29:55.192Z
cmstwj18q004k04l2ghg1mzr3,"Numerical Reasoning","Average (Mean) - Arithmetic & Weighted Means",AUDITED,VERIFIED,"","",2026-08-19T09:29:55.234Z
cmstwj18q004l04l2hdpbr50e,"Numerical Reasoning","Average (Mean) - Arithmetic & Weighted Means",AUDITED,VERIFIED,"","",2026-08-19T09:29:55.274Z
cmstwj18q004m04l2br0j42ee,"Numerical Reasoning","Average (Mean) - Arithmetic & Weighted Means",AUDITED,VERIFIED,"","",2026-08-19T09:29:55.315Z
cmstwj18q004n04l2tjbh97kr,"Numerical Reasoning","Average (Mean) - Arithmetic & Weighted Means",AUDITED,VERIFIED,"","",2026-08-19T09:29:55.354Z
cmstwj18q004o04l2wir9vm7d,"Numerical Reasoning","Average (Mean) - Arithmetic & Weighted Means",AUDITED,VERIFIED,"","",2026-08-19T09:29:55.391Z
cmstwj18q004r04l2i0t82zvz,"Numerical Reasoning","Average (Mean) - Arithmetic & Weighted Means",AUDITED,VERIFIED,"","",2026-08-19T09:29:55.432Z
cmstwj18q004q04l2xz8c7u03,"Numerical Reasoning","Average (Mean) - Arithmetic & Weighted Means",AUDITED,VERIFIED,"","",2026-08-19T09:29:55.472Z
cmstwj18q004p04l2ex0ajls8,"Numerical Reasoning","Average (Mean) - Arithmetic & Weighted Means",AUDITED,VERIFIED,"","",2026-08-19T09:29:55.509Z
cmstwj18q004904l2e6bbm724,"Numerical Reasoning","Average (Mean) - Arithmetic & Weighted Means",AUDITED,VERIFIED,"","",2026-08-19T09:29:55.549Z
cmstwj18q005j04l2g0tzlz6r,"Numerical Reasoning","Mensuration - Perimeter, Area & Spatial Quantities",AUDITED,VERIFIED,"","",2026-08-19T09:29:55.585Z
cmstwj18q004s04l2vrbjnvp0,"Numerical Reasoning","Average (Mean) - Arithmetic & Weighted Means",AUDITED,VERIFIED,"","",2026-08-19T09:29:55.627Z
cmstwj18q004t04l2fb0p3rgv,"Numerical Reasoning","Average (Mean) - Arithmetic & Weighted Means",AUDITED,VERIFIED,"","",2026-08-19T09:29:55.666Z
cmstwj18q004u04l2zsxmuoqc,"Numerical Reasoning","Average (Mean) - Arithmetic & Weighted Means",AUDITED,VERIFIED,"","",2026-08-19T09:29:55.706Z
cmstwj18q004v04l26cbhqhtj,"Numerical Reasoning","Average (Mean) - Arithmetic & Weighted Means",AUDITED,VERIFIED,"","",2026-08-19T09:29:55.747Z
cmstwj18q004w04l2nhd2t94h,"Numerical Reasoning","Average (Mean) - Arithmetic & Weighted Means",AUDITED,VERIFIED,"","",2026-08-19T09:29:55.789Z
cmstwj18q004x04l2feqz3ffy,"Numerical Reasoning","Average (Mean) - Arithmetic & Weighted Means",AUDITED,VERIFIED,"","",2026-08-19T09:29:55.831Z
cmstwj18q004y04l2ykgltssh,"Numerical Reasoning","Mensuration - Perimeter, Area & Spatial Quantities",AUDITED,VERIFIED,"","",2026-08-19T09:29:55.869Z
cmstwj18q004z04l2p5e68xy5,"Numerical Reasoning","Mensuration - Perimeter, Area & Spatial Quantities",AUDITED,VERIFIED,"","",2026-08-19T09:29:55.908Z
cmstwj18q005004l2z022rsvj,"Numerical Reasoning","Mensuration - Perimeter, Area & Spatial Quantities",AUDITED,VERIFIED,"","",2026-08-19T09:29:55.944Z
cmstwj18q005104l2bw6ejze3,"Numerical Reasoning","Mensuration - Perimeter, Area & Spatial Quantities",AUDITED,VERIFIED,"","",2026-08-19T09:29:55.983Z
cmstwj18q005204l2p0uz5kgv,"Numerical Reasoning","Mensuration - Perimeter, Area & Spatial Quantities",AUDITED,VERIFIED,"","",2026-08-19T09:29:56.020Z
cmstwj18q005304l2bnyepqcw,"Numerical Reasoning","Mensuration - Perimeter, Area & Spatial Quantities",AUDITED,VERIFIED,"","",2026-08-19T09:29:56.056Z
cmstwj18q005404l2miwnfjx0,"Numerical Reasoning","Mensuration - Perimeter, Area & Spatial Quantities",AUDITED,VERIFIED,"","",2026-08-19T09:29:56.097Z
cmstwj18q005504l28gnemisj,"Numerical Reasoning","Mensuration - Perimeter, Area & Spatial Quantities",AUDITED,VERIFIED,"","",2026-08-19T09:29:56.140Z
cmstwj18q005604l2841b05mq,"Numerical Reasoning","Mensuration - Perimeter, Area & Spatial Quantities",AUDITED,VERIFIED,"","",2026-08-19T09:29:56.187Z
cmstwj18q005704l26sz3j5mr,"Numerical Reasoning","Mensuration - Perimeter, Area & Spatial Quantities",AUDITED,VERIFIED,"","",2026-08-19T09:29:56.227Z
cmstwj18q005804l2pzilbo9d,"Numerical Reasoning","Mensuration - Perimeter, Area & Spatial Quantities",AUDITED,VERIFIED,"","",2026-08-19T09:29:56.266Z
cmstwj18q005904l2pmitp3xu,"Numerical Reasoning","Mensuration - Perimeter, Area & Spatial Quantities",AUDITED,VERIFIED,"","",2026-08-19T09:29:56.304Z
cmstwj18q005a04l2a8zm8ciy,"Numerical Reasoning","Mensuration - Perimeter, Area & Spatial Quantities",AUDITED,VERIFIED,"","",2026-08-19T09:29:56.346Z
cmstwj18q005b04l2ct13eqod,"Numerical Reasoning","Mensuration - Perimeter, Area & Spatial Quantities",AUDITED,VERIFIED,"","",2026-08-19T09:29:56.385Z
cmstwj18q005c04l2l3z27tvp,"Numerical Reasoning","Mensuration - Perimeter, Area & Spatial Quantities",AUDITED,VERIFIED,"","",2026-08-19T09:29:56.423Z
cmstwj18q005d04l2p5oqqww0,"Numerical Reasoning","Mensuration - Perimeter, Area & Spatial Quantities",AUDITED,VERIFIED,"","",2026-08-19T09:29:56.463Z
cmstwj18q005e04l2vk8tzynt,"Numerical Reasoning","Mensuration - Perimeter, Area & Spatial Quantities",AUDITED,VERIFIED,"","",2026-08-19T09:29:56.502Z
cmstwj18q005f04l2r5lvkfc1,"Numerical Reasoning","Mensuration - Perimeter, Area & Spatial Quantities",AUDITED,VERIFIED,"","",2026-08-19T09:29:56.540Z
cmstwj18q005g04l23dgngprr,"Numerical Reasoning","Mensuration - Perimeter, Area & Spatial Quantities",AUDITED,VERIFIED,"","",2026-08-19T09:29:56.583Z
cmstwj18q005h04l2a9y2lp94,"Numerical Reasoning","Mensuration - Perimeter, Area & Spatial Quantities",AUDITED,VERIFIED,"","",2026-08-19T09:29:56.620Z
cmstwj18q005i04l28fka0eji,"Numerical Reasoning","Mensuration - Perimeter, Area & Spatial Quantities",AUDITED,VERIFIED,"","",2026-08-19T09:29:56.657Z
cmstwj18q005k04l26tbou1g6,"Numerical Reasoning","Mensuration - Perimeter, Area & Spatial Quantities",AUDITED,VERIFIED,"","",2026-08-19T09:29:56.696Z
cmstwj18q005l04l25rutib1v,"Numerical Reasoning","Mensuration - Perimeter, Area & Spatial Quantities",AUDITED,VERIFIED,"","",2026-08-19T09:29:56.735Z
cmstwj18q005m04l2b0x4iqp5,"Numerical Reasoning","Mensuration - Perimeter, Area & Spatial Quantities",AUDITED,VERIFIED,"","",2026-08-19T09:29:56.776Z
cmstwjl0x007104l2i7gqrf7o,"Numerical Reasoning","Algebra - Equations, Polynomials & Expressions",AUDITED,MANUAL_REVIEW,"DUPLICATE_CHOICES","",2026-08-19T09:29:56.803Z
cmstwjl0w005o04l2wc1xvv4k,"Numerical Reasoning","Geometry - Geometric Theorems, Shapes & Solids",AUDITED,VERIFIED,"","",2026-08-19T09:29:56.842Z
cmstwjl0w005p04l2wim3abmo,"Numerical Reasoning","Geometry - Geometric Theorems, Shapes & Solids",AUDITED,VERIFIED,"","",2026-08-19T09:29:56.883Z
cmstwjl0w005q04l2m4i7eand,"Numerical Reasoning","Geometry - Geometric Theorems, Shapes & Solids",AUDITED,VERIFIED,"","",2026-08-19T09:29:56.919Z
cmstwjl0w005r04l22ckqwps7,"Numerical Reasoning","Geometry - Geometric Theorems, Shapes & Solids",AUDITED,VERIFIED,"","",2026-08-19T09:29:56.956Z
cmstwjl0w005s04l2spdrc5vs,"Numerical Reasoning","Geometry - Geometric Theorems, Shapes & Solids",AUDITED,VERIFIED,"","",2026-08-19T09:29:56.992Z
cmstwjl0w005t04l2w0vvmkb2,"Numerical Reasoning","Geometry - Geometric Theorems, Shapes & Solids",AUDITED,VERIFIED,"","",2026-08-19T09:29:57.030Z
cmstwjl0w005u04l2x1rp8vkw,"Numerical Reasoning","Geometry - Geometric Theorems, Shapes & Solids",AUDITED,VERIFIED,"","",2026-08-19T09:29:57.071Z
cmstwjl0w005v04l2xtvspxra,"Numerical Reasoning","Geometry - Geometric Theorems, Shapes & Solids",AUDITED,VERIFIED,"","",2026-08-19T09:29:57.113Z
cmstwjl0w005w04l2h8dzan7d,"Numerical Reasoning","Geometry - Geometric Theorems, Shapes & Solids",AUDITED,VERIFIED,"","",2026-08-19T09:29:57.153Z
cmstwjl0w005x04l28oxmque3,"Numerical Reasoning","Geometry - Geometric Theorems, Shapes & Solids",AUDITED,VERIFIED,"","",2026-08-19T09:29:57.192Z
cmstwjl0w005y04l2k2t46pu9,"Numerical Reasoning","Geometry - Geometric Theorems, Shapes & Solids",AUDITED,VERIFIED,"","",2026-08-19T09:29:57.231Z
cmstwjl0w005z04l2mub7tmb1,"Numerical Reasoning","Geometry - Geometric Theorems, Shapes & Solids",AUDITED,VERIFIED,"","",2026-08-19T09:29:57.270Z
cmstwjl0w006004l228t05od7,"Numerical Reasoning","Geometry - Geometric Theorems, Shapes & Solids",AUDITED,MANUAL_REVIEW,"DUPLICATE_CHOICES","",2026-08-19T09:29:57.407Z
cmstwjl0w006104l28gi8zn54,"Numerical Reasoning","Geometry - Geometric Theorems, Shapes & Solids",AUDITED,VERIFIED,"","",2026-08-19T09:29:57.448Z
cmstwjl0w006204l2kbmnn7eo,"Numerical Reasoning","Geometry - Geometric Theorems, Shapes & Solids",AUDITED,VERIFIED,"","",2026-08-19T09:29:57.485Z
cmstwjl0w006304l2l270yquy,"Numerical Reasoning","Geometry - Geometric Theorems, Shapes & Solids",AUDITED,VERIFIED,"","",2026-08-19T09:29:57.525Z
cmstwjl0w006404l2pwpow1zs,"Numerical Reasoning","Geometry - Geometric Theorems, Shapes & Solids",AUDITED,VERIFIED,"","",2026-08-19T09:29:57.566Z
cmstwjl0w006504l2uhfe6n1k,"Numerical Reasoning","Geometry - Geometric Theorems, Shapes & Solids",AUDITED,VERIFIED,"","",2026-08-19T09:29:57.608Z
cmstwjl0w006604l2rzarok9d,"Numerical Reasoning","Geometry - Geometric Theorems, Shapes & Solids",AUDITED,VERIFIED,"","",2026-08-19T09:29:57.649Z
cmstwjl0w006704l2t4qqtave,"Numerical Reasoning","Geometry - Geometric Theorems, Shapes & Solids",AUDITED,VERIFIED,"","",2026-08-19T09:29:57.689Z
cmstwjl0w006804l2jg1sgmdu,"Numerical Reasoning","Geometry - Geometric Theorems, Shapes & Solids",AUDITED,VERIFIED,"","",2026-08-19T09:29:57.729Z
cmstwjl0w006904l2sd01ecgc,"Numerical Reasoning","Geometry - Geometric Theorems, Shapes & Solids",AUDITED,VERIFIED,"","",2026-08-19T09:29:57.765Z
cmstwjl0w006a04l2gxo11zpz,"Numerical Reasoning","Geometry - Geometric Theorems, Shapes & Solids",AUDITED,VERIFIED,"","",2026-08-19T09:29:57.803Z
cmstwjl0w006b04l2p2eg9wtr,"Numerical Reasoning","Geometry - Geometric Theorems, Shapes & Solids",AUDITED,VERIFIED,"","",2026-08-19T09:29:57.841Z
cmstwjl0w006c04l2n92x1qxs,"Numerical Reasoning","Geometry - Geometric Theorems, Shapes & Solids",AUDITED,VERIFIED,"","",2026-08-19T09:29:57.882Z
cmstwjl0w006d04l2s27gxnev,"Numerical Reasoning","Algebra - Equations, Polynomials & Expressions",AUDITED,VERIFIED,"","",2026-08-19T09:29:57.923Z
cmstwjl0w006e04l21054jxwy,"Numerical Reasoning","Algebra - Equations, Polynomials & Expressions",AUDITED,VERIFIED,"","",2026-08-19T09:29:57.949Z
cmstwjl0w006f04l21t9vli2e,"Numerical Reasoning","Algebra - Equations, Polynomials & Expressions",AUDITED,MANUAL_REVIEW,"DUPLICATE_CHOICES","",2026-08-19T09:29:57.973Z
cmstwjl0w006g04l2hhk4e3qu,"Numerical Reasoning","Algebra - Equations, Polynomials & Expressions",AUDITED,MANUAL_REVIEW,"DUPLICATE_CHOICES","",2026-08-19T09:29:57.997Z
cmstwjl0w006h04l2h1kxk5f0,"Numerical Reasoning","Algebra - Equations, Polynomials & Expressions",AUDITED,VERIFIED,"","",2026-08-19T09:29:58.022Z
cmstwjl0w006i04l2lboy2bzz,"Numerical Reasoning","Algebra - Equations, Polynomials & Expressions",AUDITED,VERIFIED,"","",2026-08-19T09:29:58.047Z
cmstwjl0w006j04l234en1df1,"Numerical Reasoning","Algebra - Equations, Polynomials & Expressions",AUDITED,VERIFIED,"","",2026-08-19T09:29:58.088Z
cmstwjl0x006k04l2ujyg0vrl,"Numerical Reasoning","Algebra - Equations, Polynomials & Expressions",AUDITED,VERIFIED,"","",2026-08-19T09:29:58.113Z
cmstwjl0x006l04l2a9hbxtif,"Numerical Reasoning","Algebra - Equations, Polynomials & Expressions",AUDITED,VERIFIED,"","",2026-08-19T09:29:58.151Z
cmstwjl0x006m04l28ml2mxqw,"Numerical Reasoning","Algebra - Equations, Polynomials & Expressions",AUDITED,VERIFIED,"","",2026-08-19T09:29:58.193Z
cmstwjl0x006n04l2204vymqp,"Numerical Reasoning","Algebra - Equations, Polynomials & Expressions",AUDITED,VERIFIED,"","",2026-08-19T09:29:58.237Z
cmstwjl0x006o04l22jic9159,"Numerical Reasoning","Algebra - Equations, Polynomials & Expressions",AUDITED,VERIFIED,"","",2026-08-19T09:29:58.276Z
cmstwjl0x006p04l2vz6zsg8m,"Numerical Reasoning","Algebra - Equations, Polynomials & Expressions",AUDITED,VERIFIED,"","",2026-08-19T09:29:58.302Z
cmstwjl0x006q04l2as4t957c,"Numerical Reasoning","Algebra - Equations, Polynomials & Expressions",AUDITED,VERIFIED,"","",2026-08-19T09:29:58.337Z
cmstwjl0x006r04l2tkbxu1ma,"Numerical Reasoning","Algebra - Equations, Polynomials & Expressions",AUDITED,VERIFIED,"","",2026-08-19T09:29:58.373Z
cmstwjl0x006s04l21t7iv707,"Numerical Reasoning","Algebra - Equations, Polynomials & Expressions",AUDITED,VERIFIED,"","",2026-08-19T09:29:58.410Z
cmstwjl0x006t04l2qcvpkp8l,"Numerical Reasoning","Algebra - Equations, Polynomials & Expressions",AUDITED,MANUAL_REVIEW,"DUPLICATE_CHOICES","",2026-08-19T09:29:58.453Z
cmstwjl0x006u04l2sycsx4s8,"Numerical Reasoning","Algebra - Equations, Polynomials & Expressions",AUDITED,MANUAL_REVIEW,"DUPLICATE_CHOICES","",2026-08-19T09:29:58.492Z
cmstwjl0x006v04l2ryb18ya3,"Numerical Reasoning","Algebra - Equations, Polynomials & Expressions",AUDITED,VERIFIED,"","",2026-08-19T09:29:58.534Z
cmstwjl0x006w04l23ro8212a,"Numerical Reasoning","Algebra - Equations, Polynomials & Expressions",AUDITED,VERIFIED,"","",2026-08-19T09:29:58.576Z
cmstwjl0x006x04l2na9hre9f,"Numerical Reasoning","Algebra - Equations, Polynomials & Expressions",AUDITED,VERIFIED,"","",2026-08-19T09:29:58.616Z
cmstwjl0x006y04l292zp9zwa,"Numerical Reasoning","Algebra - Equations, Polynomials & Expressions",AUDITED,VERIFIED,"","",2026-08-19T09:29:58.641Z
cmstwjl0x006z04l26jyt13js,"Numerical Reasoning","Algebra - Equations, Polynomials & Expressions",AUDITED,VERIFIED,"","",2026-08-19T09:29:58.667Z
cmstwjl0x007004l2drkqv6r4,"Numerical Reasoning","Algebra - Equations, Polynomials & Expressions",AUDITED,MANUAL_REVIEW,"DUPLICATE_CHOICES","",2026-08-19T09:29:58.691Z
cmstwkgq3008704l2jtu342zo,"Numerical Reasoning","Statistics - Descriptive Measures & Data Dispersion",AUDITED,VERIFIED,"","",2026-08-19T09:29:58.730Z
cmstwkgq2007304l2j7z5pk7r,"Numerical Reasoning","Number Series - Polynomial, Recursive & Interleaved Patterns",AUDITED,VERIFIED,"","",2026-08-19T09:29:58.756Z
cmstwkgq2007404l2eotymy6p,"Numerical Reasoning","Number Series - Polynomial, Recursive & Interleaved Patterns",AUDITED,VERIFIED,"","",2026-08-19T09:29:58.779Z
cmstwkgq2007504l2a6gps7xr,"Numerical Reasoning","Number Series - Polynomial, Recursive & Interleaved Patterns",AUDITED,VERIFIED,"","",2026-08-19T09:29:58.815Z
cmstwkgq2007604l2hwq1fdvk,"Numerical Reasoning","Number Series - Polynomial, Recursive & Interleaved Patterns",AUDITED,VERIFIED,"","",2026-08-19T09:29:58.840Z
cmstwkgq2007704l2ngmrfrw5,"Numerical Reasoning","Number Series - Polynomial, Recursive & Interleaved Patterns",AUDITED,VERIFIED,"","",2026-08-19T09:29:58.865Z
cmstwkgq2007804l2zilfdqn8,"Numerical Reasoning","Number Series - Polynomial, Recursive & Interleaved Patterns",AUDITED,VERIFIED,"","",2026-08-19T09:29:58.889Z
cmstwkgq2007904l20udsu495,"Numerical Reasoning","Number Series - Polynomial, Recursive & Interleaved Patterns",AUDITED,VERIFIED,"","",2026-08-19T09:29:58.912Z
cmstwkgq3008f04l2w2v3sp2q,"Numerical Reasoning","Statistics - Descriptive Measures & Data Dispersion",AUDITED,VERIFIED,"","",2026-08-19T09:29:58.955Z
cmstwkgq3008e04l264xmkjbp,"Numerical Reasoning","Statistics - Descriptive Measures & Data Dispersion",AUDITED,VERIFIED,"","",2026-08-19T09:29:58.995Z
cmstwkgq3008d04l2n0n18xbr,"Numerical Reasoning","Statistics - Descriptive Measures & Data Dispersion",AUDITED,VERIFIED,"","",2026-08-19T09:29:59.042Z
cmstwkgq3008c04l2jypybkap,"Numerical Reasoning","Statistics - Descriptive Measures & Data Dispersion",AUDITED,VERIFIED,"","",2026-08-19T09:29:59.083Z
cmstwkgq3008b04l21brzrlvo,"Numerical Reasoning","Statistics - Descriptive Measures & Data Dispersion",AUDITED,VERIFIED,"","",2026-08-19T09:29:59.125Z
cmstwkgq3008a04l2jnod2yfm,"Numerical Reasoning","Statistics - Descriptive Measures & Data Dispersion",AUDITED,VERIFIED,"","",2026-08-19T09:29:59.167Z
cmstwkgq3008904l2fg21c88q,"Numerical Reasoning","Statistics - Descriptive Measures & Data Dispersion",AUDITED,VERIFIED,"","",2026-08-19T09:29:59.211Z
cmstwkgq2007b04l23elgf6to,"Numerical Reasoning","Number Series - Polynomial, Recursive & Interleaved Patterns",AUDITED,VERIFIED,"","",2026-08-19T09:29:59.237Z
cmstwkgq2007c04l215lcqds4,"Numerical Reasoning","Number Series - Polynomial, Recursive & Interleaved Patterns",AUDITED,VERIFIED,"","",2026-08-19T09:29:59.261Z
cmstwkgq3007d04l2ubcrcq0v,"Numerical Reasoning","Number Series - Polynomial, Recursive & Interleaved Patterns",AUDITED,VERIFIED,"","",2026-08-19T09:29:59.287Z
cmstwkgq3007e04l2k48a85tz,"Numerical Reasoning","Number Series - Polynomial, Recursive & Interleaved Patterns",AUDITED,VERIFIED,"","",2026-08-19T09:29:59.311Z
cmstwkgq3007f04l20he1al07,"Numerical Reasoning","Number Series - Polynomial, Recursive & Interleaved Patterns",AUDITED,VERIFIED,"","",2026-08-19T09:29:59.337Z
cmstwkgq3007g04l2sdn5rrlo,"Numerical Reasoning","Number Series - Polynomial, Recursive & Interleaved Patterns",AUDITED,VERIFIED,"","",2026-08-19T09:29:59.361Z
cmstwkgq3007h04l2rljn5jff,"Numerical Reasoning","Number Series - Polynomial, Recursive & Interleaved Patterns",AUDITED,VERIFIED,"","",2026-08-19T09:29:59.387Z
cmstwkgq3007i04l27kwptg98,"Numerical Reasoning","Number Series - Polynomial, Recursive & Interleaved Patterns",AUDITED,VERIFIED,"","",2026-08-19T09:29:59.412Z
cmstwkgq3007j04l2zu6m1u21,"Numerical Reasoning","Number Series - Polynomial, Recursive & Interleaved Patterns",AUDITED,VERIFIED,"","",2026-08-19T09:29:59.437Z
cmstwkgq3007k04l2x1qv71aa,"Numerical Reasoning","Number Series - Polynomial, Recursive & Interleaved Patterns",AUDITED,VERIFIED,"","",2026-08-19T09:29:59.462Z
cmstwkgq3007l04l2vkq1me8m,"Numerical Reasoning","Number Series - Polynomial, Recursive & Interleaved Patterns",AUDITED,VERIFIED,"","",2026-08-19T09:29:59.487Z
cmstwkgq3007m04l298j75tag,"Numerical Reasoning","Number Series - Polynomial, Recursive & Interleaved Patterns",AUDITED,VERIFIED,"","",2026-08-19T09:29:59.512Z
cmstwkgq3007n04l2amn6x08c,"Numerical Reasoning","Number Series - Polynomial, Recursive & Interleaved Patterns",AUDITED,VERIFIED,"","",2026-08-19T09:29:59.539Z
cmstwkgq3007o04l2km0da6cy,"Numerical Reasoning","Number Series - Polynomial, Recursive & Interleaved Patterns",AUDITED,VERIFIED,"","",2026-08-19T09:29:59.564Z
cmstwkgq3007p04l2t9vtoifq,"Numerical Reasoning","Number Series - Polynomial, Recursive & Interleaved Patterns",AUDITED,VERIFIED,"","",2026-08-19T09:29:59.589Z
cmstwkgq3007q04l2p2bxpduu,"Numerical Reasoning","Number Series - Polynomial, Recursive & Interleaved Patterns",AUDITED,VERIFIED,"","",2026-08-19T09:29:59.632Z
cmstwkgq3007r04l2sbltn276,"Numerical Reasoning","Number Series - Polynomial, Recursive & Interleaved Patterns",AUDITED,VERIFIED,"","",2026-08-19T09:29:59.675Z
cmstwkgq3007s04l2lbvwxm68,"Numerical Reasoning","Statistics - Descriptive Measures & Data Dispersion",AUDITED,VERIFIED,"","",2026-08-19T09:29:59.718Z
cmstwkgq3007t04l2ja2z77y6,"Numerical Reasoning","Statistics - Descriptive Measures & Data Dispersion",AUDITED,VERIFIED,"","",2026-08-19T09:29:59.758Z
cmstwkgq3007u04l2qn1yso0c,"Numerical Reasoning","Statistics - Descriptive Measures & Data Dispersion",AUDITED,VERIFIED,"","",2026-08-19T09:29:59.801Z
cmstwkgq3007v04l2drj584xy,"Numerical Reasoning","Statistics - Descriptive Measures & Data Dispersion",AUDITED,VERIFIED,"","",2026-08-19T09:29:59.840Z
cmstwkgq3007w04l2v1x6rp7m,"Numerical Reasoning","Statistics - Descriptive Measures & Data Dispersion",AUDITED,VERIFIED,"","",2026-08-19T09:29:59.885Z
cmstwkgq3007x04l2jsttg6dm,"Numerical Reasoning","Statistics - Descriptive Measures & Data Dispersion",AUDITED,VERIFIED,"","",2026-08-19T09:29:59.923Z
cmstwkgq3007y04l2jb84l6ai,"Numerical Reasoning","Statistics - Descriptive Measures & Data Dispersion",AUDITED,VERIFIED,"","",2026-08-19T09:29:59.963Z
cmstwkgq3007z04l229d912wt,"Numerical Reasoning","Statistics - Descriptive Measures & Data Dispersion",AUDITED,VERIFIED,"","",2026-08-19T09:30:00.006Z
cmstwkgq3008004l2dzvwf5x6,"Numerical Reasoning","Statistics - Descriptive Measures & Data Dispersion",AUDITED,VERIFIED,"","",2026-08-19T09:30:00.046Z
cmstwkgq3008104l2s8c6fem9,"Numerical Reasoning","Statistics - Descriptive Measures & Data Dispersion",AUDITED,VERIFIED,"","",2026-08-19T09:30:00.090Z
cmstwkgq3008204l2nlozhqf6,"Numerical Reasoning","Statistics - Descriptive Measures & Data Dispersion",AUDITED,VERIFIED,"","",2026-08-19T09:30:00.136Z
cmstwkgq2007a04l2caacv2hc,"Numerical Reasoning","Number Series - Polynomial, Recursive & Interleaved Patterns",AUDITED,VERIFIED,"","",2026-08-19T09:30:00.160Z
cmstwkgq3008304l2e4lzk73k,"Numerical Reasoning","Statistics - Descriptive Measures & Data Dispersion",AUDITED,VERIFIED,"","",2026-08-19T09:30:00.201Z
cmstwkgq3008404l2njosovm6,"Numerical Reasoning","Statistics - Descriptive Measures & Data Dispersion",AUDITED,VERIFIED,"","",2026-08-19T09:30:00.242Z
cmstwkgq3008504l2f08v921y,"Numerical Reasoning","Statistics - Descriptive Measures & Data Dispersion",AUDITED,VERIFIED,"","",2026-08-19T09:30:00.285Z
cmstwkgq3008g04l2kuxsyi0i,"Numerical Reasoning","Statistics - Descriptive Measures & Data Dispersion",AUDITED,VERIFIED,"","",2026-08-19T09:30:00.327Z
cmstwkgq3008604l22zenl8fy,"Numerical Reasoning","Statistics - Descriptive Measures & Data Dispersion",AUDITED,VERIFIED,"","",2026-08-19T09:30:00.364Z
cmstwkgq3008804l2on93xuas,"Numerical Reasoning","Statistics - Descriptive Measures & Data Dispersion",AUDITED,VERIFIED,"","",2026-08-19T09:30:00.401Z
cmstwl7u7008w04l2l7wi0i3e,"Numerical Reasoning","Probability - Combinatorial Events & Outcome Sets",AUDITED,VERIFIED,"","",2026-08-19T09:30:00.443Z
cmstwl7u7009d04l2fnc3a7o5,"Numerical Reasoning","Logical Quantitative Reasoning - Number Logic & Puzzles",AUDITED,VERIFIED,"","",2026-08-19T09:30:00.486Z
cmstwl7u7009c04l26eb2xjrh,"Numerical Reasoning","Logical Quantitative Reasoning - Number Logic & Puzzles",AUDITED,VERIFIED,"","",2026-08-19T09:30:00.523Z
cmstwl7u7009b04l2tgsl6454,"Numerical Reasoning","Logical Quantitative Reasoning - Number Logic & Puzzles",AUDITED,VERIFIED,"","",2026-08-19T09:30:00.559Z
cmstwl7u7009a04l27ddr6qp3,"Numerical Reasoning","Logical Quantitative Reasoning - Number Logic & Puzzles",AUDITED,VERIFIED,"","",2026-08-19T09:30:00.608Z
cmstwl7u7009904l2pzpisu27,"Numerical Reasoning","Logical Quantitative Reasoning - Number Logic & Puzzles",AUDITED,VERIFIED,"","",2026-08-19T09:30:00.656Z
cmstwl7u7009804l2t3ij7e6v,"Numerical Reasoning","Logical Quantitative Reasoning - Number Logic & Puzzles",AUDITED,VERIFIED,"","",2026-08-19T09:30:00.697Z
cmstwl7u7009704l2p7ghzn0m,"Numerical Reasoning","Logical Quantitative Reasoning - Number Logic & Puzzles",AUDITED,VERIFIED,"","",2026-08-19T09:30:00.740Z
cmstwl7u7009604l2wmel4fed,"Numerical Reasoning","Probability - Combinatorial Events & Outcome Sets",AUDITED,VERIFIED,"","",2026-08-19T09:30:00.780Z
cmstwl7u7009504l2txtvm5jd,"Numerical Reasoning","Probability - Combinatorial Events & Outcome Sets",AUDITED,VERIFIED,"","",2026-08-19T09:30:00.826Z
cmstwl7u7009404l2ad7rfr8x,"Numerical Reasoning","Probability - Combinatorial Events & Outcome Sets",AUDITED,VERIFIED,"","",2026-08-19T09:30:00.867Z
cmstwl7u7009304l2cbq4ud3x,"Numerical Reasoning","Probability - Combinatorial Events & Outcome Sets",AUDITED,VERIFIED,"","",2026-08-19T09:30:00.917Z
cmstwl7u7009204l27j63w5zg,"Numerical Reasoning","Probability - Combinatorial Events & Outcome Sets",AUDITED,VERIFIED,"","",2026-08-19T09:30:00.959Z
cmstwl7u7009104l240qcq8ir,"Numerical Reasoning","Probability - Combinatorial Events & Outcome Sets",AUDITED,VERIFIED,"","",2026-08-19T09:30:01.099Z
cmstwl7u7009004l27zjqzdh4,"Numerical Reasoning","Probability - Combinatorial Events & Outcome Sets",AUDITED,VERIFIED,"","",2026-08-19T09:30:01.141Z
cmstwl7u7008z04l22r0dzkxb,"Numerical Reasoning","Probability - Combinatorial Events & Outcome Sets",AUDITED,VERIFIED,"","",2026-08-19T09:30:01.180Z
cmstwl7u7008y04l2abp7feip,"Numerical Reasoning","Probability - Combinatorial Events & Outcome Sets",AUDITED,VERIFIED,"","",2026-08-19T09:30:01.221Z
cmstwl7u7008x04l23mkunvwj,"Numerical Reasoning","Probability - Combinatorial Events & Outcome Sets",AUDITED,VERIFIED,"","",2026-08-19T09:30:01.260Z
cmstwl7u7009e04l2pq4z53zi,"Numerical Reasoning","Logical Quantitative Reasoning - Number Logic & Puzzles",AUDITED,VERIFIED,"","",2026-08-19T09:30:01.300Z
cmstwl7u7008v04l28zp78tk0,"Numerical Reasoning","Probability - Combinatorial Events & Outcome Sets",AUDITED,VERIFIED,"","",2026-08-19T09:30:01.343Z
cmstwl7u7008u04l2c0a9sdjp,"Numerical Reasoning","Probability - Combinatorial Events & Outcome Sets",AUDITED,VERIFIED,"","",2026-08-19T09:30:01.390Z
cmstwl7u7008t04l2uuic0jjw,"Numerical Reasoning","Probability - Combinatorial Events & Outcome Sets",AUDITED,VERIFIED,"","",2026-08-19T09:30:01.431Z
cmstwl7u7008s04l2818wsww2,"Numerical Reasoning","Probability - Combinatorial Events & Outcome Sets",AUDITED,VERIFIED,"","",2026-08-19T09:30:01.477Z
cmstwl7u7008r04l2afur4koa,"Numerical Reasoning","Probability - Combinatorial Events & Outcome Sets",AUDITED,VERIFIED,"","",2026-08-19T09:30:01.520Z
cmstwl7u7008q04l254smaamj,"Numerical Reasoning","Probability - Combinatorial Events & Outcome Sets",AUDITED,VERIFIED,"","",2026-08-19T09:30:01.559Z
cmstwl7u7008p04l2o9aj6fc9,"Numerical Reasoning","Probability - Combinatorial Events & Outcome Sets",AUDITED,VERIFIED,"","",2026-08-19T09:30:01.602Z
cmstwl7u7008o04l2hu4yjueh,"Numerical Reasoning","Probability - Combinatorial Events & Outcome Sets",AUDITED,VERIFIED,"","",2026-08-19T09:30:01.642Z
cmstwl7u7008n04l2kub5u55z,"Numerical Reasoning","Probability - Combinatorial Events & Outcome Sets",AUDITED,VERIFIED,"","",2026-08-19T09:30:01.690Z
cmstwl7u7008m04l2s2gplse6,"Numerical Reasoning","Probability - Combinatorial Events & Outcome Sets",AUDITED,VERIFIED,"","",2026-08-19T09:30:01.732Z
cmstwl7u7008l04l22cvs4ugw,"Numerical Reasoning","Probability - Combinatorial Events & Outcome Sets",AUDITED,VERIFIED,"","",2026-08-19T09:30:01.774Z
cmstwl7u7008k04l20ntw8zyi,"Numerical Reasoning","Probability - Combinatorial Events & Outcome Sets",AUDITED,VERIFIED,"","",2026-08-19T09:30:01.810Z
cmstwl7u7008j04l2k6rzakaj,"Numerical Reasoning","Probability - Combinatorial Events & Outcome Sets",AUDITED,VERIFIED,"","",2026-08-19T09:30:01.852Z
cmstwl7u7008i04l2bbhw58jb,"Numerical Reasoning","Probability - Combinatorial Events & Outcome Sets",AUDITED,VERIFIED,"","",2026-08-19T09:30:01.893Z
cmstwl7u7009v04l2i7gotmpt,"Numerical Reasoning","Logical Quantitative Reasoning - Number Logic & Puzzles",AUDITED,VERIFIED,"","",2026-08-19T09:30:01.935Z
cmstwl7u7009u04l22x9etfk7,"Numerical Reasoning","Logical Quantitative Reasoning - Number Logic & Puzzles",AUDITED,VERIFIED,"","",2026-08-19T09:30:01.978Z
cmstwl7u7009t04l2js9b2qas,"Numerical Reasoning","Logical Quantitative Reasoning - Number Logic & Puzzles",AUDITED,VERIFIED,"","",2026-08-19T09:30:02.019Z
cmstwl7u7009s04l2l74m5nx0,"Numerical Reasoning","Logical Quantitative Reasoning - Number Logic & Puzzles",AUDITED,VERIFIED,"","",2026-08-19T09:30:02.059Z
cmstwl7u7009r04l27730ugoo,"Numerical Reasoning","Logical Quantitative Reasoning - Number Logic & Puzzles",AUDITED,VERIFIED,"","",2026-08-19T09:30:02.097Z
cmstwl7u7009q04l2x1es3c52,"Numerical Reasoning","Logical Quantitative Reasoning - Number Logic & Puzzles",AUDITED,VERIFIED,"","",2026-08-19T09:30:02.138Z
cmstwl7u7009p04l2vwruqktd,"Numerical Reasoning","Logical Quantitative Reasoning - Number Logic & Puzzles",AUDITED,VERIFIED,"","",2026-08-19T09:30:02.186Z
cmstwl7u7009o04l2xcmw3qg0,"Numerical Reasoning","Logical Quantitative Reasoning - Number Logic & Puzzles",AUDITED,VERIFIED,"","",2026-08-19T09:30:02.228Z
cmstwl7u7009n04l26x2frpp0,"Numerical Reasoning","Logical Quantitative Reasoning - Number Logic & Puzzles",AUDITED,VERIFIED,"","",2026-08-19T09:30:02.272Z
cmstwl7u7009m04l2pp00jmlw,"Numerical Reasoning","Logical Quantitative Reasoning - Number Logic & Puzzles",AUDITED,VERIFIED,"","",2026-08-19T09:30:02.317Z
cmstwl7u7009l04l29htol9sg,"Numerical Reasoning","Logical Quantitative Reasoning - Number Logic & Puzzles",AUDITED,VERIFIED,"","",2026-08-19T09:30:02.359Z
cmstwl7u7009k04l2itpcluyt,"Numerical Reasoning","Logical Quantitative Reasoning - Number Logic & Puzzles",AUDITED,VERIFIED,"","",2026-08-19T09:30:02.396Z
cmstwl7u7009j04l2sbwlhhud,"Numerical Reasoning","Logical Quantitative Reasoning - Number Logic & Puzzles",AUDITED,VERIFIED,"","",2026-08-19T09:30:02.437Z
cmstwl7u7009i04l2jcs99gyk,"Numerical Reasoning","Logical Quantitative Reasoning - Number Logic & Puzzles",AUDITED,VERIFIED,"","",2026-08-19T09:30:02.482Z
cmstwl7u7009h04l21wzsf659,"Numerical Reasoning","Logical Quantitative Reasoning - Number Logic & Puzzles",AUDITED,VERIFIED,"","",2026-08-19T09:30:02.524Z
cmstwl7u7009g04l262vz0fok,"Numerical Reasoning","Logical Quantitative Reasoning - Number Logic & Puzzles",AUDITED,VERIFIED,"","",2026-08-19T09:30:02.562Z
cmstwl7u7009f04l2z7r6mbb5,"Numerical Reasoning","Logical Quantitative Reasoning - Number Logic & Puzzles",AUDITED,VERIFIED,"","",2026-08-19T09:30:02.606Z
cmstwlpoo00a404l2uaopijrb,"Numerical Reasoning","Financial Mathematics - Cash Flows, Annuities & Sinking Funds",AUDITED,VERIFIED,"","",2026-08-19T09:30:02.650Z
cmstwlpoo00a304l2yzm8y7fh,"Numerical Reasoning","Financial Mathematics - Cash Flows, Annuities & Sinking Funds",AUDITED,VERIFIED,"","",2026-08-19T09:30:02.694Z
cmstwlpoo00a204l2ctu4217r,"Numerical Reasoning","Financial Mathematics - Cash Flows, Annuities & Sinking Funds",AUDITED,VERIFIED,"","",2026-08-19T09:30:02.740Z
cmstwlpoo00a104l232sitv4k,"Numerical Reasoning","Financial Mathematics - Cash Flows, Annuities & Sinking Funds",AUDITED,VERIFIED,"","",2026-08-19T09:30:02.780Z
cmstwlpoo00a004l24x67byrc,"Numerical Reasoning","Financial Mathematics - Cash Flows, Annuities & Sinking Funds",AUDITED,VERIFIED,"","",2026-08-19T09:30:02.823Z
cmstwlpoo009z04l218f02cdw,"Numerical Reasoning","Financial Mathematics - Cash Flows, Annuities & Sinking Funds",AUDITED,VERIFIED,"","",2026-08-19T09:30:02.873Z
cmstwlpoo009y04l2rvxka0nx,"Numerical Reasoning","Financial Mathematics - Cash Flows, Annuities & Sinking Funds",AUDITED,VERIFIED,"","",2026-08-19T09:30:02.914Z
cmstwlpoo009x04l2obzt6nu4,"Numerical Reasoning","Financial Mathematics - Cash Flows, Annuities & Sinking Funds",AUDITED,VERIFIED,"","",2026-08-19T09:30:02.963Z
cmstwlpop00al04l2goq87j49,"Numerical Reasoning","Financial Mathematics - Cash Flows, Annuities & Sinking Funds",AUDITED,VERIFIED,"","",2026-08-19T09:30:03.008Z
cmstwlpop00ak04l2szf0wuyv,"Numerical Reasoning","Financial Mathematics - Cash Flows, Annuities & Sinking Funds",AUDITED,VERIFIED,"","",2026-08-19T09:30:03.056Z
cmstwlpop00aj04l2nw5gpala,"Numerical Reasoning","Financial Mathematics - Cash Flows, Annuities & Sinking Funds",AUDITED,VERIFIED,"","",2026-08-19T09:30:03.097Z
cmstwlpop00ai04l2h6bdeqhe,"Numerical Reasoning","Financial Mathematics - Cash Flows, Annuities & Sinking Funds",AUDITED,VERIFIED,"","",2026-08-19T09:30:03.148Z
cmstwlpop00ah04l2h9frq5ye,"Numerical Reasoning","Financial Mathematics - Cash Flows, Annuities & Sinking Funds",AUDITED,VERIFIED,"","",2026-08-19T09:30:03.256Z
cmstwlpop00ag04l2mqewitug,"Numerical Reasoning","Financial Mathematics - Cash Flows, Annuities & Sinking Funds",AUDITED,VERIFIED,"","",2026-08-19T09:30:03.314Z
cmstwlpop00af04l2t1ej8af0,"Numerical Reasoning","Financial Mathematics - Cash Flows, Annuities & Sinking Funds",AUDITED,VERIFIED,"","",2026-08-19T09:30:03.387Z
cmstwlpop00ae04l2k0rniwkv,"Numerical Reasoning","Financial Mathematics - Cash Flows, Annuities & Sinking Funds",AUDITED,VERIFIED,"","",2026-08-19T09:30:03.444Z
cmstwlpop00ad04l2x0go4bu7,"Numerical Reasoning","Financial Mathematics - Cash Flows, Annuities & Sinking Funds",AUDITED,VERIFIED,"","",2026-08-19T09:30:03.504Z
cmstwlpop00ac04l29b6c0mqx,"Numerical Reasoning","Financial Mathematics - Cash Flows, Annuities & Sinking Funds",AUDITED,VERIFIED,"","",2026-08-19T09:30:03.557Z
cmstwlpop00ab04l2euqa60em,"Numerical Reasoning","Financial Mathematics - Cash Flows, Annuities & Sinking Funds",AUDITED,VERIFIED,"","",2026-08-19T09:30:03.600Z
cmstwlpoo00aa04l2yxaosf6h,"Numerical Reasoning","Financial Mathematics - Cash Flows, Annuities & Sinking Funds",AUDITED,VERIFIED,"","",2026-08-19T09:30:03.645Z
cmstwlpoo00a904l2r7ociopr,"Numerical Reasoning","Financial Mathematics - Cash Flows, Annuities & Sinking Funds",AUDITED,VERIFIED,"","",2026-08-19T09:30:03.688Z
cmstwlpoo00a804l2jh4uoul7,"Numerical Reasoning","Financial Mathematics - Cash Flows, Annuities & Sinking Funds",AUDITED,VERIFIED,"","",2026-08-19T09:30:03.730Z
cmstwlpoo00a704l2hsm0s5z1,"Numerical Reasoning","Financial Mathematics - Cash Flows, Annuities & Sinking Funds",AUDITED,VERIFIED,"","",2026-08-19T09:30:03.771Z
cmstwlpoo00a604l2t43o9oh4,"Numerical Reasoning","Financial Mathematics - Cash Flows, Annuities & Sinking Funds",AUDITED,VERIFIED,"","",2026-08-19T09:30:03.813Z
cmstwlpoo00a504l2y8d1bra1,"Numerical Reasoning","Financial Mathematics - Cash Flows, Annuities & Sinking Funds",AUDITED,VERIFIED,"","",2026-08-19T09:30:03.858Z
