QuestionID,Field,OriginalValue,CorrectedValue,Reason,SecondPassVerified,AuditedAt
cmstkgdw100r520u1w0j8rx4l,prompt,"Passage: A regional energy assessment observed that in provinces where rooftop solar adoption grew by more than 30% between 2021 and 2024, peak daytime grid electricity demand dropped by an average of 18%. In contrast, in provinces where rooftop solar adoption grew by less than 5%, peak daytime grid demand rose by an average of 12% over the same period. Which inference is most strongly supported by the observations?","A regional energy assessment observed that in provinces where rooftop solar adoption grew by more than 30% between 2021 and 2024, peak daytime grid electricity demand dropped by an average of 18%. In contrast, in provinces where rooftop solar adoption grew by less than 5%, peak daytime grid demand rose by an average of 12% over the same period. Which inference is most strongly supported by the observations?","STRIPPED_PASSAGE_PREFIX",true,2026-08-19T09:28:07.952Z
cmstkgdw000ph20u16bqwr6m3,prompt,"Passage: A metropolitan council proposes imposing a peak-hour congestion charge on private automobiles entering the central financial district. Councilors assert that this charge will significantly increase daily ridership on the city's municipal bus rapid transit network. The council's argument relies on which of the following ASSUMPTIONS?","A metropolitan council proposes imposing a peak-hour congestion charge on private automobiles entering the central financial district. Councilors assert that this charge will significantly increase daily ridership on the city's municipal bus rapid transit network. The council's argument relies on which of the following ASSUMPTIONS?","STRIPPED_PASSAGE_PREFIX",true,2026-08-19T09:28:08.131Z
cmstkgdw000pf20u1pvjvijxf,prompt,"Passage: An agency study observed that departments submitting their Annual Procurement Plans (APPs) six months in advance recorded 40% fewer year-end budget surrenders. The agency head concluded that mandating all departments to submit their APPs six months in advance will eliminate year-end fund underspending across the entire agency. Which of the following is a NECESSARY ASSUMPTION in the reasoning above?","An agency study observed that departments submitting their Annual Procurement Plans (APPs) six months in advance recorded 40% fewer year-end budget surrenders. The agency head concluded that mandating all departments to submit their APPs six months in advance will eliminate year-end fund underspending across the entire agency. Which of the following is a NECESSARY ASSUMPTION in the reasoning above?","STRIPPED_PASSAGE_PREFIX",true,2026-08-19T09:28:08.231Z
cmstkgdw000ps20u1mu2y1lh3,prompt,"Passage: A municipal water district deployed smart digital meters that broadcast hourly consumption data to consumer smartphone apps. The board concluded that providing hourly data visibility will cause a 25% reduction in total residential water consumption across the municipality. The board's conclusion rests on which of the following ASSUMPTIONS?","A municipal water district deployed smart digital meters that broadcast hourly consumption data to consumer smartphone apps. The board concluded that providing hourly data visibility will cause a 25% reduction in total residential water consumption across the municipality. The board's conclusion rests on which of the following ASSUMPTIONS?","STRIPPED_PASSAGE_PREFIX",true,2026-08-19T09:28:08.332Z
cmstkgdw000pq20u13pdm0nrs,prompt,"Passage: An anti-corruption body recommends requiring all public procurement bidding sessions to be live-streamed in real time on official social media channels. The body claims that public live-streaming will completely prevent collusion among participating government contractors. The claim DEPENDS on which of the following assumptions?","An anti-corruption body recommends requiring all public procurement bidding sessions to be live-streamed in real time on official social media channels. The body claims that public live-streaming will completely prevent collusion among participating government contractors. The claim DEPENDS on which of the following assumptions?","STRIPPED_PASSAGE_PREFIX",true,2026-08-19T09:28:08.449Z
cmstkgdw000pz20u1mhngrf97,prompt,"Passage: A city health office announced that all municipal employees will receive free annual medical examinations and subsidized fitness gym memberships. The city mayor claimed that this initiative will directly reduce total paid sick leave expenditures by at least 30% during the next fiscal year. The mayor's claim relies on which implicit HIDDEN ASSUMPTION?","A city health office announced that all municipal employees will receive free annual medical examinations and subsidized fitness gym memberships. The city mayor claimed that this initiative will directly reduce total paid sick leave expenditures by at least 30% during the next fiscal year. The mayor's claim relies on which implicit HIDDEN ASSUMPTION?","STRIPPED_PASSAGE_PREFIX",true,2026-08-19T09:28:08.566Z
cmstkgdw000q320u1ekgbhcwd,prompt,"Passage: The Department of Transportation installed automatic license plate recognition (ALPR) cameras along designated dedicated busway corridors. Transport planners concluded that this automated surveillance network will completely eliminate unauthorized private vehicle incursions into the busway. Which of the following is a HIDDEN ASSUMPTION of the transport planners?","The Department of Transportation installed automatic license plate recognition (ALPR) cameras along designated dedicated busway corridors. Transport planners concluded that this automated surveillance network will completely eliminate unauthorized private vehicle incursions into the busway. Which of the following is a HIDDEN ASSUMPTION of the transport planners?","STRIPPED_PASSAGE_PREFIX",true,2026-08-19T09:28:08.682Z
cmstkgdw000q920u1sn6b5jj6,prompt,"Passage: To reduce plastic waste across regional offices, an agency prohibited single-use plastic beverage bottles in all its facilities and distributed reusable stainless-steel tumblers to all staff. The environmental task force asserted that this ban will reduce the agency's total annual solid waste footpr∫ by 50%. Which of the following is an underlying HIDDEN ASSUMPTION?","To reduce plastic waste across regional offices, an agency prohibited single-use plastic beverage bottles in all its facilities and distributed reusable stainless-steel tumblers to all staff. The environmental task force asserted that this ban will reduce the agency's total annual solid waste footpr∫ by 50%. Which of the following is an underlying HIDDEN ASSUMPTION?","STRIPPED_PASSAGE_PREFIX",true,2026-08-19T09:28:08.801Z
cmstkgdw000q720u1qg7zir56,prompt,"Passage: The Commission on Elections (COMELEC) introduced an online voter portal allowing overseas absentee citizens to register from any internet-connected device. Election analysts concluded that this online portal will double the actual voter turnout of overseas citizens during the next national elections. Which of the following is a HIDDEN ASSUMPTION in the analysts' conclusion?","The Commission on Elections (COMELEC) introduced an online voter portal allowing overseas absentee citizens to register from any internet-connected device. Election analysts concluded that this online portal will double the actual voter turnout of overseas citizens during the next national elections. Which of the following is a HIDDEN ASSUMPTION in the analysts' conclusion?","STRIPPED_PASSAGE_PREFIX",true,2026-08-19T09:28:08.904Z
cmstkgdw000qe20u1mk2k07pk,prompt,"Passage: A transit authority transitioned its commuter rail system from physical token turnstiles to contactless smartcard readers. Urban planners asserted that this fare system upgrade will reduce peak-hour station concourse crowding by 40%. Which of the following is a HIDDEN ASSUMPTION of the urban planners?","A transit authority transitioned its commuter rail system from physical token turnstiles to contactless smartcard readers. Urban planners asserted that this fare system upgrade will reduce peak-hour station concourse crowding by 40%. Which of the following is a HIDDEN ASSUMPTION of the urban planners?","STRIPPED_PASSAGE_PREFIX",true,2026-08-19T09:28:09.005Z
cmstkgdw000qi20u1bn05lscc,prompt,"Passage: Under Republic Act No. 9184, public procurement contracts may only be awarded to the Lowest Calculated Responsive Bid (LCRB). In a competitive bidding for medical equipment, Company Alpha submitted the lowest financial bid price but omitted the mandatory Manufacturer's Certificate of Good Standing. Company Bravo submitted the second-lowest price and complied fully with all legal, technical, and financial criteria. Company Charlie submitted a higher price with partial documentation. Which of the following is a completely VALID CONCLUSION based on the passage?","Under Republic Act No. 9184, public procurement contracts may only be awarded to the Lowest Calculated Responsive Bid (LCRB). In a competitive bidding for medical equipment, Company Alpha submitted the lowest financial bid price but omitted the mandatory Manufacturer's Certificate of Good Standing. Company Bravo submitted the second-lowest price and complied fully with all legal, technical, and financial criteria. Company Charlie submitted a higher price with partial documentation. Which of the following is a completely VALID CONCLUSION based on the passage?","STRIPPED_PASSAGE_PREFIX",true,2026-08-19T09:28:09.111Z
cmstkgdw100ql20u13j6zqz8b,prompt,"Passage: A municipal government implemented a 12-hour rotational water rationing schedule: Zone 1 and Zone 3 receive piped water exclusively from 6:00 AM to 6:00 PM, while Zone 2 and Zone 4 receive piped water exclusively from 6:00 PM to 6:00 AM. A food manufacturing facility located in Zone 2 operates strictly during daytime hours from 8:00 AM to 5:00 PM. What is a VALID CONCLUSION regarding the manufacturing facility?","A municipal government implemented a 12-hour rotational water rationing schedule: Zone 1 and Zone 3 receive piped water exclusively from 6:00 AM to 6:00 PM, while Zone 2 and Zone 4 receive piped water exclusively from 6:00 PM to 6:00 AM. A food manufacturing facility located in Zone 2 operates strictly during daytime hours from 8:00 AM to 5:00 PM. What is a VALID CONCLUSION regarding the manufacturing facility?","STRIPPED_PASSAGE_PREFIX",true,2026-08-19T09:28:09.226Z
cmstkgdw100qm20u1kj1qt1i2,prompt,"Passage: Under the Civil Service Qualification Standards, supervisory positions in national agencies require: (1) A Master's °, (2) At least five (5) years of supervisory experience, and (3) At least 120 hours of relevant management training. Candidate Ramos holds a Master's ° in Public Administration and 140 hours of supervisory training, but possesses only three (3) years of supervisory experience. Which conclusion is VALIDLY supported by the text?","Under the Civil Service Qualification Standards, supervisory positions in national agencies require: (1) A Master's °, (2) At least five (5) years of supervisory experience, and (3) At least 120 hours of relevant management training. Candidate Ramos holds a Master's ° in Public Administration and 140 hours of supervisory training, but possesses only three (3) years of supervisory experience. Which conclusion is VALIDLY supported by the text?","STRIPPED_PASSAGE_PREFIX",true,2026-08-19T09:28:09.328Z
cmstkgdw100qp20u1j9lpi0ea,prompt,"Passage: Under Anti-Red Tape Authority (ARTA) guidelines, simple government transactions must be completed within three (3) working days, complex transactions within seven (7) working days, and highly technical applications within twenty (20) working days. An application for a basic barangay clearance is classified as a simple transaction. A resident submitted a complete barangay clearance application on Monday morning and was instructed by the desk officer to return after nine (9) working days. Which conclusion is VALID?","Under Anti-Red Tape Authority (ARTA) guidelines, simple government transactions must be completed within three (3) working days, complex transactions within seven (7) working days, and highly technical applications within twenty (20) working days. An application for a basic barangay clearance is classified as a simple transaction. A resident submitted a complete barangay clearance application on Monday morning and was instructed by the desk officer to return after nine (9) working days. Which conclusion is VALID?","STRIPPED_PASSAGE_PREFIX",true,2026-08-19T09:28:09.444Z
cmstkgdw100qq20u1c655y6qm,prompt,"Passage: A community public health study demonstrated that urban barangays with active community-based mosquito vector control experienced a 65% decrease in dengue cases over six months, whereas adjacent control barangays without vector control reported a 12% increase in dengue cases during the exact same period. Which statement represents a VALID CONCLUSION from the study?","A community public health study demonstrated that urban barangays with active community-based mosquito vector control experienced a 65% decrease in dengue cases over six months, whereas adjacent control barangays without vector control reported a 12% increase in dengue cases during the exact same period. Which statement represents a VALID CONCLUSION from the study?","STRIPPED_PASSAGE_PREFIX",true,2026-08-19T09:28:09.561Z
cmstkgdw100qv20u1v8n3te1t,prompt,"Passage: All division chiefs in the Department of Trade and Industry possess Career Executive Service (CES) eligibility. Assistant Director Santos does not possess CES eligibility. Therefore, Assistant Director Santos is not an employee of the Department of Trade and Industry. Why is the conclusion above INVALID?","All division chiefs in the Department of Trade and Industry possess Career Executive Service (CES) eligibility. Assistant Director Santos does not possess CES eligibility. Therefore, Assistant Director Santos is not an employee of the Department of Trade and Industry. Why is the conclusion above INVALID?","STRIPPED_PASSAGE_PREFIX",true,2026-08-19T09:28:09.677Z
cmstkgdw100qu20u10fv9p5rb,prompt,"Passage: Three months after the Bureau of Fire Protection conducted a comprehensive community fire safety inspection in District 7, no residential fires occurred in that district. The district fire marshal concluded that the community inspection was solely responsible for the complete absence of fires in District 7. Which flaw in reasoning makes the fire marshal's conclusion INVALID?","Three months after the Bureau of Fire Protection conducted a comprehensive community fire safety inspection in District 7, no residential fires occurred in that district. The district fire marshal concluded that the community inspection was solely responsible for the complete absence of fires in District 7. Which flaw in reasoning makes the fire marshal's conclusion INVALID?","STRIPPED_PASSAGE_PREFIX",true,2026-08-19T09:28:09.781Z
cmstkgdw100qs20u11z38pvgr,prompt,"Passage: A survey of 500 municipal personnel found that employees who voluntarily used the agency's psychological wellness counseling scored higher in job satisfaction than non-users. Based on this finding, the HR director concluded that mandating weekly psychological counseling for all municipal employees will guarantee maximum job satisfaction across the entire municipal workforce. Which of the following BEST explains why the HR director's conclusion is INVALID?","A survey of 500 municipal personnel found that employees who voluntarily used the agency's psychological wellness counseling scored higher in job satisfaction than non-users. Based on this finding, the HR director concluded that mandating weekly psychological counseling for all municipal employees will guarantee maximum job satisfaction across the entire municipal workforce. Which of the following BEST explains why the HR director's conclusion is INVALID?","STRIPPED_PASSAGE_PREFIX",true,2026-08-19T09:28:09.882Z
cmstkgdw100qx20u18ezeifyu,prompt,"Passage: A regional health director piloted a new digital telemedicine booking application exclusively among 50 tech-savvy youth volunteers in a central metropolis. Based on their 98% satisfaction rating, the director concluded that all senior citizen pensioners in remote rural municipalities will find the digital application easy and satisfactory to use. Which reasoning flaw makes the director's conclusion INVALID?","A regional health director piloted a new digital telemedicine booking application exclusively among 50 tech-savvy youth volunteers in a central metropolis. Based on their 98% satisfaction rating, the director concluded that all senior citizen pensioners in remote rural municipalities will find the digital application easy and satisfactory to use. Which reasoning flaw makes the director's conclusion INVALID?","STRIPPED_PASSAGE_PREFIX",true,2026-08-19T09:28:09.983Z
cmstkgdw100qy20u1y61heu7f,prompt,"Passage: Mayor Gomez argued during a council hearing: \""Either we immediately allocate 100% of our municipal contingency reserves to construct a new administrative center, or our local government unit will suffer complete operational collapse within six months.\"" Therefore, the council must immediately approve the allocation. Which logical error makes this argument INVALID?","Mayor Gomez argued during a council hearing: \""Either we immediately allocate 100% of our municipal contingency reserves to construct a new administrative center, or our local government unit will suffer complete operational collapse within six months.\"" Therefore, the council must immediately approve the allocation. Which logical error makes this argument INVALID?","STRIPPED_PASSAGE_PREFIX",true,2026-08-19T09:28:10.102Z
cmstkgdw100r020u1i98skwlu,prompt,"Passage: All corrupt government transactions involve illicit financial kickbacks. Transaction X involved an illicit financial kickback. Therefore, Transaction X was executed by the Department of Public Works and Highways. Why is the conclusion above INVALID?","All corrupt government transactions involve illicit financial kickbacks. Transaction X involved an illicit financial kickback. Therefore, Transaction X was executed by the Department of Public Works and Highways. Why is the conclusion above INVALID?","STRIPPED_PASSAGE_PREFIX",true,2026-08-19T09:28:10.206Z
cmstkgdw100r220u1rzpfkr49,prompt,"Passage: A nationwide audit of the Government Service Insurance System (GSIS) found that while 92% of pension processing requests submitted via the online mobile portal were disbursed within 48 hours, only 58% of claims processed through physical branch kiosks met the same 48-hour standard. However, 84% of pensioners over the age of 75 continued to submit their claims via physical branch kiosks due to limited smartphone access or digital biometric barriers. Which of the following INFERENCES is most strongly supported by the passage?","A nationwide audit of the Government Service Insurance System (GSIS) found that while 92% of pension processing requests submitted via the online mobile portal were disbursed within 48 hours, only 58% of claims processed through physical branch kiosks met the same 48-hour standard. However, 84% of pensioners over the age of 75 continued to submit their claims via physical branch kiosks due to limited smartphone access or digital biometric barriers. Which of the following INFERENCES is most strongly supported by the passage?","STRIPPED_PASSAGE_PREFIX",true,2026-08-19T09:28:10.319Z
cmstkgdw100r620u14uzcx1lj,prompt,"Passage: Under Philippine environmental regulations, industrial facilities generating more than 100 kilograms of hazardous waste per month must employ a full-time certified Pollution Control Officer (PCO). Facility Alpha generates 85 kg per month, Facility Beta generates 140 kg per month, and Facility Gamma generates 220 kg per month. Which statement can be properly INFERRED?","Under Philippine environmental regulations, industrial facilities generating more than 100 kilograms of hazardous waste per month must employ a full-time certified Pollution Control Officer (PCO). Facility Alpha generates 85 kg per month, Facility Beta generates 140 kg per month, and Facility Gamma generates 220 kg per month. Which statement can be properly INFERRED?","STRIPPED_PASSAGE_PREFIX",true,2026-08-19T09:28:10.440Z
cmstkgdw100r720u1toduceky,prompt,"Passage: A public library assessment found that municipal branches providing free high-speed Wi-Fi and air-conditioned co-working desks recorded three × more daily visitors than branches providing only traditional book borrowing stacks. Furthermore, 70% of visitors at the co-working branches brought their own portable laptop computers. What can be INFERRED from the passage?","A public library assessment found that municipal branches providing free high-speed Wi-Fi and air-conditioned co-working desks recorded three × more daily visitors than branches providing only traditional book borrowing stacks. Furthermore, 70% of visitors at the co-working branches brought their own portable laptop computers. What can be INFERRED from the passage?","STRIPPED_PASSAGE_PREFIX",true,2026-08-19T09:28:10.555Z
cmstkgdw100r820u1eg3oaeab,prompt,"Passage: Under the Ease of Doing Business Act (RA 11032), the failure of an agency to approve or disapprove a business permit within the prescribed statutory timeframe—provided that all required documents were submitted and all official fees paid—results in the automatic approval of the application by operation of law. Entrepreneur Cruz submitted a complete permit application with all mandatory attachments and paid all official fees on June 1 for a transaction with a 3-day statutory deadline. By June 15, the licensing office had issued neither an approval nor a rejection. Which of the following is a VALID INFERENCE?","Under the Ease of Doing Business Act (RA 11032), the failure of an agency to approve or disapprove a business permit within the prescribed statutory timeframe—provided that all required documents were submitted and all official fees paid—results in the automatic approval of the application by operation of law. Entrepreneur Cruz submitted a complete permit application with all mandatory attachments and paid all official fees on June 1 for a transaction with a 3-day statutory deadline. By June 15, the licensing office had issued neither an approval nor a rejection. Which of the following is a VALID INFERENCE?","STRIPPED_PASSAGE_PREFIX",true,2026-08-19T09:28:10.659Z
cmstkgdw100rb20u1ve6ubtj5,prompt,"Passage: A regional agricultural report noted that organic fertilizer was applied to 40% of the rice farms in the province, while the remaining 60% used synthetic chemical fertilizers. Farms treated with organic fertilizer had an average production cost that was 25% lower per hectare than synthetic-treated farms, although their average harvest yield was 8% lower per hectare. Which of the following is a sound INFERENCE?","A regional agricultural report noted that organic fertilizer was applied to 40% of the rice farms in the province, while the remaining 60% used synthetic chemical fertilizers. Farms treated with organic fertilizer had an average production cost that was 25% lower per hectare than synthetic-treated farms, although their average harvest yield was 8% lower per hectare. Which of the following is a sound INFERENCE?","STRIPPED_PASSAGE_PREFIX",true,2026-08-19T09:28:10.778Z
cmstkgdw100rf20u1djvxz0ty,prompt,"Passage: A public administration study reported that civil service employees who experience high workplace anxiety also report frequent gastrointestinal discomfort. Clinical research indicates that mental stress stimulates the sympathetic nervous system to alter gut motility and inflammation, while chronic gut inflammation simultaneously transmits distress signals via the vagus nerve to heighten brain anxiety. What type of CAUSAL RELATIONSHIP is demonstrated between workplace anxiety and gastrointestinal discomfort?","A public administration study reported that civil service employees who experience high workplace anxiety also report frequent gastrointestinal discomfort. Clinical research indicates that mental stress stimulates the sympathetic nervous system to alter gut motility and inflammation, while chronic gut inflammation simultaneously transmits distress signals via the vagus nerve to heighten brain anxiety. What type of CAUSAL RELATIONSHIP is demonstrated between workplace anxiety and gastrointestinal discomfort?","STRIPPED_PASSAGE_PREFIX",true,2026-08-19T09:28:10.882Z
cmstkgdw100ri20u1xlvuxscc,prompt,"Passage: A public health department introduced an iron-fortified rice feeding program in public elementary schools. After one school year, student anemia rates dropped from 34% to 11%, and average daily classroom attendance increased by 22%. Nutritional scientists confirmed that iron absorption restores hemoglobin levels, reducing physical fatigue and illness-related school absences. What is the valid multi-step CAUSAL CHAIN demonstrated in the passage?","A public health department introduced an iron-fortified rice feeding program in public elementary schools. After one school year, student anemia rates dropped from 34% to 11%, and average daily classroom attendance increased by 22%. Nutritional scientists confirmed that iron absorption restores hemoglobin levels, reducing physical fatigue and illness-related school absences. What is the valid multi-step CAUSAL CHAIN demonstrated in the passage?","STRIPPED_PASSAGE_PREFIX",true,2026-08-19T09:28:10.988Z
cmstkgdw100rh20u1lhsveqvz,prompt,"Passage: A municipal traffic bureau observed that whenever torrential monsoon rains occur, vehicular traffic speeds in the city center decrease by 60%. A commentator claimed on a radio broadcast that vehicular traffic congestion causes monsoon rainstorms to form over the metropolis. What fundamental error in CAUSAL REASONING did the commentator commit?","A municipal traffic bureau observed that whenever torrential monsoon rains occur, vehicular traffic speeds in the city center decrease by 60%. A commentator claimed on a radio broadcast that vehicular traffic congestion causes monsoon rainstorms to form over the metropolis. What fundamental error in CAUSAL REASONING did the commentator commit?","STRIPPED_PASSAGE_PREFIX",true,2026-08-19T09:28:11.093Z
cmstkgdw100rj20u1k3whae30,prompt,"Passage: A human resource management audit found that government agencies offering flexible hybrid work arrangements recorded 50% lower employee turnover compared to agencies requiring rigid 5-day on-site presence. Exit interviews revealed that flexibility reduced commute-induced exhaustion and improved work-life balance, leading directly to higher employee retention. Which conclusion is a valid CAUSE-EFFECT INFERENCE?","A human resource management audit found that government agencies offering flexible hybrid work arrangements recorded 50% lower employee turnover compared to agencies requiring rigid 5-day on-site presence. Exit interviews revealed that flexibility reduced commute-induced exhaustion and improved work-life balance, leading directly to higher employee retention. Which conclusion is a valid CAUSE-EFFECT INFERENCE?","STRIPPED_PASSAGE_PREFIX",true,2026-08-19T09:28:11.211Z
cmstkgdw100rl20u1etw6fnxv,prompt,"Passage: A city implemented a mandatory waste segregation-at-source ordinance backed by strict penalties. Within six months, municipal solid waste sent to landfills decreased by 40%, while community composting and recycling recovery surged by 85%. Waste audits confirmed that households separated organic kitchen waste and dry recyclables prior to collection, preventing contamination. Which statement represents the direct CAUSE-EFFECT DEDUCTION?","A city implemented a mandatory waste segregation-at-source ordinance backed by strict penalties. Within six months, municipal solid waste sent to landfills decreased by 40%, while community composting and recycling recovery surged by 85%. Waste audits confirmed that households separated organic kitchen waste and dry recyclables prior to collection, preventing contamination. Which statement represents the direct CAUSE-EFFECT DEDUCTION?","STRIPPED_PASSAGE_PREFIX",true,2026-08-19T09:28:11.313Z
cmstkgdw100rm20u1n7rhywxg,prompt,"Passage: Under national disaster risk reduction protocols: (1) If a tropical storm reaches Signal No. 3, all government offices in the affected province are automatically suspended. (2) If government offices are suspended, the provincial disaster command center activates Level Red Emergency Response. (3) If Level Red Emergency Response is activated, all municipal rescue vehicles must be deployed to flood-prone river basins. Assuming all protocols are strictly followed, which of the following is a logically necessary CONDITIONAL CONCLUSION?","Under national disaster risk reduction protocols: (1) If a tropical storm reaches Signal No. 3, all government offices in the affected province are automatically suspended. (2) If government offices are suspended, the provincial disaster command center activates Level Red Emergency Response. (3) If Level Red Emergency Response is activated, all municipal rescue vehicles must be deployed to flood-prone river basins. Assuming all protocols are strictly followed, which of the following is a logically necessary CONDITIONAL CONCLUSION?","STRIPPED_PASSAGE_PREFIX",true,2026-08-19T09:28:11.445Z
cmstkgdw100rq20u169sidjm9,prompt,"Passage: In an automated public document authentication system: An applicant's document verification is approved if and only if the biometric facial scan matches the national registry AND the applicant has no active court-issued hold-departure order. Applicant Mendoza's document verification was rejected by the system. Which conditional statement MUST be true?","In an automated public document authentication system: An applicant's document verification is approved if and only if the biometric facial scan matches the national registry AND the applicant has no active court-issued hold-departure order. Applicant Mendoza's document verification was rejected by the system. Which conditional statement MUST be true?","STRIPPED_PASSAGE_PREFIX",true,2026-08-19T09:28:11.657Z
cmstkgdw100rr20u1yur7c9qw,prompt,"Passage: Under the Local Government Code: If a municipality reaches a population of 250,000 AND an annual local income of at least PHP 100 million, it may be converted into a Highly Urbanized City (HUC). If a municipality is converted into an HUC, it becomes administratively independent from the provincial government. Which conditional conclusion VALIDLY follows?","Under the Local Government Code: If a municipality reaches a population of 250,000 AND an annual local income of at least PHP 100 million, it may be converted into a Highly Urbanized City (HUC). If a municipality is converted into an HUC, it becomes administratively independent from the provincial government. Which conditional conclusion VALIDLY follows?","STRIPPED_PASSAGE_PREFIX",true,2026-08-19T09:28:11.760Z
cmstkgdw100rp20u1t5f3cy0c,prompt,"Passage: Consider the following policy framework: (1) If national inflation exceeds 6%, the central bank raises the benchmark policy interest rate. (2) If the central bank raises the benchmark policy rate, commercial mortgage lending rates increase. (3) Commercial mortgage lending rates did NOT increase during the second quarter. Which conditional conclusion MUST be true?","Consider the following policy framework: (1) If national inflation exceeds 6%, the central bank raises the benchmark policy interest rate. (2) If the central bank raises the benchmark policy rate, commercial mortgage lending rates increase. (3) Commercial mortgage lending rates did NOT increase during the second quarter. Which conditional conclusion MUST be true?","STRIPPED_PASSAGE_PREFIX",true,2026-08-19T09:28:11.859Z
cmstkgdw000px20u1hr07zym0,prompt,"Passage: To resolve the shortage of licensed engineers in remote municipal offices, the government established a scholarship program providing full tuition and stipends in exchange for a mandatory 4-year return-service contract in lower-income municipalities. Policy makers concluded that this initiative will permanently solve the municipal engineer shortage in rural LGUs. Which of the following is a HIDDEN ASSUMPTION in the policy makers' reasoning?","To resolve the shortage of licensed engineers in remote municipal offices, the government established a scholarship program providing full tuition and stipends in exchange for a mandatory 4-year return-service contract in lower-income municipalities. Policy makers concluded that this initiative will permanently solve the municipal engineer shortage in rural LGUs. Which of the following is a HIDDEN ASSUMPTION in the policy makers' reasoning?","STRIPPED_PASSAGE_PREFIX",true,2026-08-19T09:28:11.972Z
cmstkgdw100rd20u1j8ja6gat,prompt,"Passage: A municipal government observed that in barangays where street lighting was upgraded to high-intensity LED lamps, recorded nighttime street robberies fell by 45%. However, a criminological audit revealed that simultaneously with the lighting upgrade, the police department deployed 20 additional foot-patrol officers to those exact same barangays. What does the criminological finding indicate regarding the CAUSAL RELATIONSHIP?","A municipal government observed that in barangays where street lighting was upgraded to high-intensity LED lamps, recorded nighttime street robberies fell by 45%. However, a criminological audit revealed that simultaneously with the lighting upgrade, the police department deployed 20 additional foot-patrol officers to those exact same barangays. What does the criminological finding indicate regarding the CAUSAL RELATIONSHIP?","STRIPPED_PASSAGE_PREFIX",true,2026-08-19T09:28:12.072Z
cmstkgdw100rk20u1f1evqin0,prompt,"Passage: A coastal municipality established a Marine Protected Area (MPA) where commercial and artisanal fishing were strictly prohibited. Within four years, fish biomass inside the reserve expanded by 300%, and surrounding open-fishing municipal waters recorded a 45% increase in daily fish catch per boat ('spillover effect'). What is the direct CAUSE-EFFECT RELATIONSHIP illustrated?","A coastal municipality established a Marine Protected Area (MPA) where commercial and artisanal fishing were strictly prohibited. Within four years, fish biomass inside the reserve expanded by 300%, and surrounding open-fishing municipal waters recorded a 45% increase in daily fish catch per boat ('spillover effect'). What is the direct CAUSE-EFFECT RELATIONSHIP illustrated?","STRIPPED_PASSAGE_PREFIX",true,2026-08-19T09:28:12.173Z
cmstkgdw100r920u1v9bzrbty,prompt,"Passage: A secondary curriculum study revealed that public high school students in the STEM strand spent an average of 14 hours per week in science laboratory practicals, whereas students in the HUMSS strand spent an average of 2 hours per week in science laboratories but 16 hours per week in research writing workshops. Which inference is most securely supported?","A secondary curriculum study revealed that public high school students in the STEM strand spent an average of 14 hours per week in science laboratory practicals, whereas students in the HUMSS strand spent an average of 2 hours per week in science laboratories but 16 hours per week in research writing workshops. Which inference is most securely supported?","STRIPPED_PASSAGE_PREFIX",true,2026-08-19T09:28:12.274Z
cmstkgdw100qw20u1h9ji5kx6,prompt,"Passage: If a public officer commits gross dishonesty, the officer will be dismissed from public service. Officer Valenzuela did NOT commit gross dishonesty. Therefore, Officer Valenzuela cannot be dismissed from public service. Which logical fallacy causes this conclusion to be INVALID?","If a public officer commits gross dishonesty, the officer will be dismissed from public service. Officer Valenzuela did NOT commit gross dishonesty. Therefore, Officer Valenzuela cannot be dismissed from public service. Which logical fallacy causes this conclusion to be INVALID?","STRIPPED_PASSAGE_PREFIX",true,2026-08-19T09:28:12.386Z
cmstkgdw100qj20u112xp1yfj,prompt,"Passage: An official audit of regional agricultural storage centers revealed that facilities equipped with cold-storage units experienced a post-harvest spoilage rate of only 4%, whereas centers lacking cold storage recorded an average spoilage rate of 28%. Furthermore, facilities that transitioned to solar-powered cold storage in 2024 saw their electricity expenses decline by 60% compared to grid-tied units. Which of the following VALIDLY follows from the passage?","An official audit of regional agricultural storage centers revealed that facilities equipped with cold-storage units experienced a post-harvest spoilage rate of only 4%, whereas centers lacking cold storage recorded an average spoilage rate of 28%. Furthermore, facilities that transitioned to solar-powered cold storage in 2024 saw their electricity expenses decline by 60% compared to grid-tied units. Which of the following VALIDLY follows from the passage?","STRIPPED_PASSAGE_PREFIX",true,2026-08-19T09:28:12.503Z
cmstkgdw000pv20u1cg9j3xeq,prompt,"Passage: To increase formal tax compliance among freelance professionals, the Bureau of Internal Revenue (BIR) simplified the annual income tax return into a single-page document. BIR analysts concluded that this procedural simplification will substantially increase total tax revenue collected from the freelance sector. Which of the following is an underlying ASSUMPTION of the analysts' conclusion?","To increase formal tax compliance among freelance professionals, the Bureau of Internal Revenue (BIR) simplified the annual income tax return into a single-page document. BIR analysts concluded that this procedural simplification will substantially increase total tax revenue collected from the freelance sector. Which of the following is an underlying ASSUMPTION of the analysts' conclusion?","STRIPPED_PASSAGE_PREFIX",true,2026-08-19T09:28:12.609Z
cmstkgdw000pl20u1hy5r0hpe,prompt,"Passage: A public hospital installed automated self-service triaging kiosks in its emergency department to reduce patient waiting ×. Hospital administrators predicted that overall doctor consultation delays will decrease by at least 50% immediately following kiosk deployment. The prediction made by hospital administrators assumes that:","A public hospital installed automated self-service triaging kiosks in its emergency department to reduce patient waiting ×. Hospital administrators predicted that overall doctor consultation delays will decrease by at least 50% immediately following kiosk deployment. The prediction made by hospital administrators assumes that:","STRIPPED_PASSAGE_PREFIX",true,2026-08-19T09:28:12.727Z
cmstkgdw100rg20u15horlfm9,prompt,"Passage: In an agricultural province, farmers who adopted automated drip irrigation systems reduced their water consumption by 40% while increasing crop yield by 15%. Agronomists explained that drip irrigation delivers water and dissolved nutrients directly to plant root zones, minimizing evaporative loss and preventing weed growth that competes for soil nutrients. Which statement accurately describes the underlying CAUSAL MECHANISM?","In an agricultural province, farmers who adopted automated drip irrigation systems reduced their water consumption by 40% while increasing crop yield by 15%. Agronomists explained that drip irrigation delivers water and dissolved nutrients directly to plant root zones, minimizing evaporative loss and preventing weed growth that competes for soil nutrients. Which statement accurately describes the underlying CAUSAL MECHANISM?","STRIPPED_PASSAGE_PREFIX",true,2026-08-19T09:28:12.855Z
cmstkgdw100r420u1nb20kx27,prompt,"Passage: In a government agency with 200 total personnel, all 40 division chiefs are required to attend the quarterly budget performance review, while non-supervisory staff may attend voluntarily. At yesterday's review meeting, exactly 75 employees were present in the conference hall, and all 40 division chiefs were confirmed to be in attendance. Which of the following can be INFERRED with mathematical certainty?","In a government agency with 200 total personnel, all 40 division chiefs are required to attend the quarterly budget performance review, while non-supervisory staff may attend voluntarily. At yesterday's review meeting, exactly 75 employees were present in the conference hall, and all 40 division chiefs were confirmed to be in attendance. Which of the following can be INFERRED with mathematical certainty?","STRIPPED_PASSAGE_PREFIX",true,2026-08-19T09:28:12.975Z
cmstkgdw100qt20u1r5jdrkup,prompt,"Passage: Whenever an official municipal executive order is enacted, the municipal legal department reviews it. The municipal legal department reviewed Document K. Therefore, Document K is an official municipal executive order enacted into law. Which logical fallacy renders the conclusion above INVALID?","Whenever an official municipal executive order is enacted, the municipal legal department reviews it. The municipal legal department reviewed Document K. Therefore, Document K is an official municipal executive order enacted into law. Which logical fallacy renders the conclusion above INVALID?","STRIPPED_PASSAGE_PREFIX",true,2026-08-19T09:28:13.091Z
cmstkgdw100qk20u1ppwvful8,prompt,"Passage: Civil Service Commission rules provide that an employee who incurs unapproved absences for at least thirty (30) consecutive working days shall be Dropped from the Rolls without prior notice. Officer Dante was absent without an approved leave application from March 1 to April 15, a period encompassing 32 consecutive working days, during which he was neither hospitalized nor incapacitated. Which of the following is the only VALID CONCLUSION?","Civil Service Commission rules provide that an employee who incurs unapproved absences for at least thirty (30) consecutive working days shall be Dropped from the Rolls without prior notice. Officer Dante was absent without an approved leave application from March 1 to April 15, a period encompassing 32 consecutive working days, during which he was neither hospitalized nor incapacitated. Which of the following is the only VALID CONCLUSION?","STRIPPED_PASSAGE_PREFIX",true,2026-08-19T09:28:13.210Z
cmstkgdw000qg20u17yp3xrgf,prompt,"Passage: An anti-corruption agency established a secure, encrypted online whistleblower portal that guarantees complete identity anonymity for public servants reporting bribery solicitations. Agency leadership concluded that the launch of this portal will ensure that all corrupt bribery solicitations within government are reported immediately. The leadership's conclusion DEPENDS on which hidden assumption?","An anti-corruption agency established a secure, encrypted online whistleblower portal that guarantees complete identity anonymity for public servants reporting bribery solicitations. Agency leadership concluded that the launch of this portal will ensure that all corrupt bribery solicitations within government are reported immediately. The leadership's conclusion DEPENDS on which hidden assumption?","STRIPPED_PASSAGE_PREFIX",true,2026-08-19T09:28:13.310Z
cmstkgdw000q520u1tgpm9mdg,prompt,"Passage: An executive order prohibited government employees from sending or replying to work-related digital communications outside the official 8:00 AM to 5:00 PM workday. Leadership concluded that this policy will completely eliminate occupational burnout across the department. The leadership's conclusion is based on which HIDDEN ASSUMPTION?","An executive order prohibited government employees from sending or replying to work-related digital communications outside the official 8:00 AM to 5:00 PM workday. Leadership concluded that this policy will completely eliminate occupational burnout across the department. The leadership's conclusion is based on which HIDDEN ASSUMPTION?","STRIPPED_PASSAGE_PREFIX",true,2026-08-19T09:28:13.427Z
cmstkgdw000pn20u194gfuh0v,prompt,"Passage: The Department of Agriculture launched a mobile application providing real-time crop wholesale prices directly to rural agrarian reform beneficiaries. Officials argue that this application will immediately eliminate middleman exploitation by enabling farmers to sell their harvests directly to retail consumers in urban centers. Which of the following is a NECESSARY ASSUMPTION underlying the officials' argument?","The Department of Agriculture launched a mobile application providing real-time crop wholesale prices directly to rural agrarian reform beneficiaries. Officials argue that this application will immediately eliminate middleman exploitation by enabling farmers to sell their harvests directly to retail consumers in urban centers. Which of the following is a NECESSARY ASSUMPTION underlying the officials' argument?","STRIPPED_PASSAGE_PREFIX",true,2026-08-19T09:28:13.546Z
cmstkgdw000pb20u1rdzlo826,prompt,"Passage: To eliminate red tape in local business permitting, the Department of the Interior and Local Government (DILG) mandated all local government units (LGUs) to transition to an Electronic Business One-Stop Shop (e-BOSS). Proponents argue that full nationwide adoption of e-BOSS will guarantee a dramatic increase in registered small enterprises within twelve months. Which of the following is a NECESSARY ASSUMPTION upon which the proponents' argument depends?","To eliminate red tape in local business permitting, the Department of the Interior and Local Government (DILG) mandated all local government units (LGUs) to transition to an Electronic Business One-Stop Shop (e-BOSS). Proponents argue that full nationwide adoption of e-BOSS will guarantee a dramatic increase in registered small enterprises within twelve months. Which of the following is a NECESSARY ASSUMPTION upon which the proponents' argument depends?","STRIPPED_PASSAGE_PREFIX",true,2026-08-19T09:28:13.667Z
cmstkgdw100ra20u1o81tbwpy,prompt,"Passage: During a scheduled system migration, a government bureau announced that its central database servers would be offline from 8:00 PM Friday until 6:00 AM Monday. During this maintenance window, all online public certificate verification portals were completely inaccessible. Citizen Reyes attempted to verify an official certificate online at 2:00 PM on Saturday. What can be properly INFERRED?","During a scheduled system migration, a government bureau announced that its central database servers would be offline from 8:00 PM Friday until 6:00 AM Monday. During this maintenance window, all online public certificate verification portals were completely inaccessible. Citizen Reyes attempted to verify an official certificate online at 2:00 PM on Saturday. What can be properly INFERRED?","STRIPPED_PASSAGE_PREFIX",true,2026-08-19T09:28:13.786Z
cmstkgdw100qz20u1ssg3ysk0,prompt,"Passage: An auditor argued that a regional agency's procurement unit is inherently corrupt because all public procurement units in the country engage in illicit practices, and we know they engage in illicit practices because public procurement units are inherently corrupt. Which formal fallacy renders this conclusion INVALID?","An auditor argued that a regional agency's procurement unit is inherently corrupt because all public procurement units in the country engage in illicit practices, and we know they engage in illicit practices because public procurement units are inherently corrupt. Which formal fallacy renders this conclusion INVALID?","STRIPPED_PASSAGE_PREFIX",true,2026-08-19T09:28:13.902Z
cmstkgdw100ro20u1605dmn3l,prompt,"Passage: A civil service rule specifies: An employee is eligible for the Outstanding Public Servant Award ONLY IF the employee receives an 'Outstanding' Individual Performance Commitment and Review (IPCR) rating for two consecutive semesters AND has zero pending administrative cases. Based on the rule, which of the following conditional statements is GUARANTEED to be true?","A civil service rule specifies: An employee is eligible for the Outstanding Public Servant Award ONLY IF the employee receives an 'Outstanding' Individual Performance Commitment and Review (IPCR) rating for two consecutive semesters AND has zero pending administrative cases. Based on the rule, which of the following conditional statements is GUARANTEED to be true?","STRIPPED_PASSAGE_PREFIX",true,2026-08-19T09:28:14.007Z
cmstkgdw100re20u1qfwfqbmy,prompt,"Passage: An environmental monitoring agency observed that fish mortality in a freshwater lake spiked dramatically within 48 hours after a nearby industrial chemical plant accidentally discharged 10,000 liters of acidic effluent into the lake's primary tributary. Water testing confirmed that pH levels dropped to 3.8 (a level toxic to aquatic life), and deceased fish exhibited severe gill tissue acid burns. Which of the following represents the direct CAUSE and EFFECT relationship established by the evidence?","An environmental monitoring agency observed that fish mortality in a freshwater lake spiked dramatically within 48 hours after a nearby industrial chemical plant accidentally discharged 10,000 liters of acidic effluent into the lake's primary tributary. Water testing confirmed that pH levels dropped to 3.8 (a level toxic to aquatic life), and deceased fish exhibited severe gill tissue acid burns. Which of the following represents the direct CAUSE and EFFECT relationship established by the evidence?","STRIPPED_PASSAGE_PREFIX",true,2026-08-19T09:28:14.108Z
cmstkgdw100r320u1ru82jb9h,prompt,"Passage: Under Republic Act No. 7305 (Magna Carta for Public Health Workers), public health personnel assigned to hazard zones are entitled to monthly hazard allowances ranging from 15% to 25% of their basic salary based on risk severity. Hospital X is classified as a low-risk facility (qualifying for a 15% hazard allowance), while Hospital Y is a high-risk infectious disease facility (qualifying for a 25% hazard allowance). Nurse Althea and Nurse Brian earn the same basic salary of PHP 35,000, but Nurse Althea works at Hospital Y while Nurse Brian works at Hospital X. What can be INFERRED regarding their compensation?","Under Republic Act No. 7305 (Magna Carta for Public Health Workers), public health personnel assigned to hazard zones are entitled to monthly hazard allowances ranging from 15% to 25% of their basic salary based on risk severity. Hospital X is classified as a low-risk facility (qualifying for a 15% hazard allowance), while Hospital Y is a high-risk infectious disease facility (qualifying for a 25% hazard allowance). Nurse Althea and Nurse Brian earn the same basic salary of PHP 35,000, but Nurse Althea works at Hospital Y while Nurse Brian works at Hospital X. What can be INFERRED regarding their compensation?","STRIPPED_PASSAGE_PREFIX",true,2026-08-19T09:28:14.209Z
cmstkgdw100qr20u1pml294ec,prompt,"Passage: Section 8 of Republic Act No. 6713 mandates that all public officials and employees must file their Statement of Assets, Liabilities, and Net Worth (SALN) within thirty (30) days after assumption of office. Director Torres assumed official public office on January 5, 2024, and filed his initial SALN on March 20, 2024. What is a VALID CONCLUSION regarding Director Torres?","Section 8 of Republic Act No. 6713 mandates that all public officials and employees must file their Statement of Assets, Liabilities, and Net Worth (SALN) within thirty (30) days after assumption of office. Director Torres assumed official public office on January 5, 2024, and filed his initial SALN on March 20, 2024. What is a VALID CONCLUSION regarding Director Torres?","STRIPPED_PASSAGE_PREFIX",true,2026-08-19T09:28:14.309Z
cmstkgdw000q120u1tgheuo7b,prompt,"Passage: An educational reform panel proposed replacing letter grades (A, B, C, D, F) in public elementary schools with descriptive narrative progress reports. The panel argued that this reform will eliminate comparative academic stress among young pupils because letter grades are the primary instrument of social comparison. Which of the following is an unstated HIDDEN ASSUMPTION in the panel's argument?","An educational reform panel proposed replacing letter grades (A, B, C, D, F) in public elementary schools with descriptive narrative progress reports. The panel argued that this reform will eliminate comparative academic stress among young pupils because letter grades are the primary instrument of social comparison. Which of the following is an unstated HIDDEN ASSUMPTION in the panel's argument?","STRIPPED_PASSAGE_PREFIX",true,2026-08-19T09:28:14.410Z
cmstkgdw000pd20u1twf6oyy3,prompt,"Passage: The Civil Service Commission recently deployed an AI-driven automated screening system to evaluate applicant qualifications for promotional appointments. HR directors claim that this automated system will completely eradicate nepotism and favoritism in promotional decisions. Which of the following is an underlying ASSUMPTION required by the HR directors' claim?","The Civil Service Commission recently deployed an AI-driven automated screening system to evaluate applicant qualifications for promotional appointments. HR directors claim that this automated system will completely eradicate nepotism and favoritism in promotional decisions. Which of the following is an underlying ASSUMPTION required by the HR directors' claim?","STRIPPED_PASSAGE_PREFIX",true,2026-08-19T09:28:14.512Z
cmstkgdw000pj20u1imcbck4b,prompt,"Passage: A state university decided to replace all physical textbooks with interactive digital tablets for incoming freshmen to improve academic outcomes. The administration concluded that this policy will raise cumulative grade po∫ averages because students spend more hours reading on interactive digital screens. Which assumption is REQUIRED for the university's conclusion to hold?","A state university decided to replace all physical textbooks with interactive digital tablets for incoming freshmen to improve academic outcomes. The administration concluded that this policy will raise cumulative grade po∫ averages because students spend more hours reading on interactive digital screens. Which assumption is REQUIRED for the university's conclusion to hold?","STRIPPED_PASSAGE_PREFIX",true,2026-08-19T09:28:14.637Z
cmstkgdw000qc20u1479sd82w,prompt,"Passage: A civil society bill proposes requiring all candidates for municipal mayor to hold a bachelor's ° in public administration or economics. Proponents claimed that this educational prerequisite will guarantee that every elected mayor manages municipal revenues and public debt prudently. The proponents' claim rests on which of the following HIDDEN ASSUMPTIONS?","A civil society bill proposes requiring all candidates for municipal mayor to hold a bachelor's ° in public administration or economics. Proponents claimed that this educational prerequisite will guarantee that every elected mayor manages municipal revenues and public debt prudently. The proponents' claim rests on which of the following HIDDEN ASSUMPTIONS?","STRIPPED_PASSAGE_PREFIX",true,2026-08-19T09:28:14.754Z
cmstkgdw100qn20u16jgdk8jt,prompt,"Passage: An environmental monitoring bureau assesses river health using Dissolved Oxygen (DO) concentration: DO levels ≥ 5.0 mg/L are classified as Healthy, while DO levels < 5.0 mg/L indicate Severe Hypoxia. Certified laboratory testing of four river systems recorded: River A at 6.8 mg/L, River B at 3.2 mg/L, River C at 2.9 mg/L, and River D at 7.4 mg/L. What is a completely VALID CONCLUSION from the laboratory data?","An environmental monitoring bureau assesses river health using Dissolved Oxygen (DO) concentration: DO levels ≥ 5.0 mg/L are classified as Healthy, while DO levels < 5.0 mg/L indicate Severe Hypoxia. Certified laboratory testing of four river systems recorded: River A at 6.8 mg/L, River B at 3.2 mg/L, River C at 2.9 mg/L, and River D at 7.4 mg/L. What is a completely VALID CONCLUSION from the laboratory data?","STRIPPED_PASSAGE_PREFIX",true,2026-08-19T09:28:14.873Z
cmstkgdw100qo20u1b3avyru5,prompt,"Passage: A digital banking security policy requires that any electronic fund transfer exceeding PHP 50,000 processed after 10:00 PM must undergo two-factor biometric verification AND manual fraud analyst review prior to fund release. An electronic fund transfer of PHP 75,000 was initiated at 11:30 PM, but the bank released the funds instantly without manual analyst review. What is a VALID CONCLUSION based on the facts provided?","A digital banking security policy requires that any electronic fund transfer exceeding PHP 50,000 processed after 10:00 PM must undergo two-factor biometric verification AND manual fraud analyst review prior to fund release. An electronic fund transfer of PHP 75,000 was initiated at 11:30 PM, but the bank released the funds instantly without manual analyst review. What is a VALID CONCLUSION based on the facts provided?","STRIPPED_PASSAGE_PREFIX",true,2026-08-19T09:28:14.974Z
cmstkgdw100r120u12gy9eixh,prompt,"Passage: A provincial agricultural officer noted that in 2023, high seasonal rainfall coincided with a doubling of provincial corn harvest yields. The officer concluded that in all future crop seasons, maximizing rainfall will always double corn harvest yields regardless of flooding severity or waterlogging. Which reasoning error renders the officer's conclusion INVALID?","A provincial agricultural officer noted that in 2023, high seasonal rainfall coincided with a doubling of provincial corn harvest yields. The officer concluded that in all future crop seasons, maximizing rainfall will always double corn harvest yields regardless of flooding severity or waterlogging. Which reasoning error renders the officer's conclusion INVALID?","STRIPPED_PASSAGE_PREFIX",true,2026-08-19T09:28:15.076Z
cmstkgdw100rc20u1jeirv8ph,prompt,"Passage: A regional health study observed that in provinces with high per capita consumption of fortified iodized salt, the incidence of childhood goiter and developmental delays was 70% lower than in low-consumption provinces. Medical researchers confirmed that dietary iodine is essential for thyroid hormone synthesis, which directly regulates neurocognitive development in growing children. Which of the following is the most logically valid CAUSE-EFFECT CONCLUSION?","A regional health study observed that in provinces with high per capita consumption of fortified iodized salt, the incidence of childhood goiter and developmental delays was 70% lower than in low-consumption provinces. Medical researchers confirmed that dietary iodine is essential for thyroid hormone synthesis, which directly regulates neurocognitive development in growing children. Which of the following is the most logically valid CAUSE-EFFECT CONCLUSION?","STRIPPED_PASSAGE_PREFIX",true,2026-08-19T09:28:15.197Z
cmstkgdw100rn20u15qalicro,prompt,"Passage: According to Commission on Audit guidelines: If a government agency fails to conduct competitive public bidding for an infrastructure project, the disbursement will be issued a Notice of Disallowance, UNLESS the project qualifies under statutory emergency procurement exemptions. Agency Alpha was issued a Notice of Disallowance for an infrastructure project disbursement. Which conditional conclusion is validly supported?","According to Commission on Audit guidelines: If a government agency fails to conduct competitive public bidding for an infrastructure project, the disbursement will be issued a Notice of Disallowance, UNLESS the project qualifies under statutory emergency procurement exemptions. Agency Alpha was issued a Notice of Disallowance for an infrastructure project disbursement. Which conditional conclusion is validly supported?","STRIPPED_PASSAGE_PREFIX",true,2026-08-19T09:28:15.315Z
cmstkge3c00tj20u11945ie02,prompt,"Passage: An agency's strategic plan contains the following two goals: Goal 1: 'Reduce agency headcount by 20% through a voluntary separation incentive program to optimize operational efficiency.' Goal 2: 'Expand service delivery coverage to five additional provinces by FY 2025, requiring proportional increases in frontline service personnel.' Do these two goals CONTRADICT each other?","An agency's strategic plan contains the following two goals: Goal 1: 'Reduce agency headcount by 20% through a voluntary separation incentive program to optimize operational efficiency.' Goal 2: 'Expand service delivery coverage to five additional provinces by FY 2025, requiring proportional increases in frontline service personnel.' Do these two goals CONTRADICT each other?","STRIPPED_PASSAGE_PREFIX",true,2026-08-19T09:28:15.418Z
cmstkge3b00sc20u1jurvlzm2,prompt,"Passage: Statement: Should municipal governments impose an additional local excise tax on sugar-sweetened beverages? Argument I: Yes, because raising the retail price of sugary drinks creates an economic price disincentive that reduces excessive sugar consumption, lowering long-term public health burdens associated with diabetes and obesity. Argument II: No, because sugary soft drinks taste delicious when consumed alongside lunchtime fast food meals. Which of the arguments is/are STRONG?","Statement: Should municipal governments impose an additional local excise tax on sugar-sweetened beverages? Argument I: Yes, because raising the retail price of sugary drinks creates an economic price disincentive that reduces excessive sugar consumption, lowering long-term public health burdens associated with diabetes and obesity. Argument II: No, because sugary soft drinks taste delicious when consumed alongside lunchtime fast food meals. Which of the arguments is/are STRONG?","STRIPPED_PASSAGE_PREFIX",true,2026-08-19T09:28:15.521Z
cmstkge3b00s220u1t87ytc7c,prompt,"Passage: In an environmental pollution dispute, a mining company submitted an environmental report authored by its corporate marketing department claiming zero river contamination. Meanwhile, the Environmental Management Bureau (EMB) and a certified university research laboratory submitted certified water quality tests showing toxic cadmium levels exceeding safe regulatory ceilings by 400%. Which evidentiary assessment is most logically justified?","In an environmental pollution dispute, a mining company submitted an environmental report authored by its corporate marketing department claiming zero river contamination. Meanwhile, the Environmental Management Bureau (EMB) and a certified university research laboratory submitted certified water quality tests showing toxic cadmium levels exceeding safe regulatory ceilings by 400%. Which evidentiary assessment is most logically justified?","STRIPPED_PASSAGE_PREFIX",true,2026-08-19T09:28:15.642Z
cmstkge3a00rs20u1zp5fwkku,prompt,"Passage: A municipal building code stipulates: A building construction permit will be issued provided that the architectural design complies with zoning density limits, earthquake seismic resilience standards, and fire exit spacing regulations. Architect Dela Rosa's design complies with zoning density limits and earthquake seismic standards, but fails to satisfy fire exit spacing regulations. What is the valid CONDITIONAL CONCLUSION?","A municipal building code stipulates: A building construction permit will be issued provided that the architectural design complies with zoning density limits, earthquake seismic resilience standards, and fire exit spacing regulations. Architect Dela Rosa's design complies with zoning density limits and earthquake seismic standards, but fails to satisfy fire exit spacing regulations. What is the valid CONDITIONAL CONCLUSION?","STRIPPED_PASSAGE_PREFIX",true,2026-08-19T09:28:15.763Z
cmstkge3c00tx20u1ra05fgij,prompt,"Passage: A legislative committee studying public sector wages received a briefing with the following data points: Data 1: The national median salary for government employees in the professional category is PHP 28,500 per month. Data 2: Forty-three percent of government employees in the professional category earn below PHP 28,500 per month. Data 3: The salary grade of 62% of government employees in the technical category falls below that of the lowest professional category salary grade. Data 4: Private sector median wages for equivalent professional roles exceed government wages by an average of 34%. Based ONLY on these four data points, which of the following MUST BE TRUE?","A legislative committee studying public sector wages received a briefing with the following data points: Data 1: The national median salary for government employees in the professional category is PHP 28,500 per month. Data 2: Forty-three percent of government employees in the professional category earn below PHP 28,500 per month. Data 3: The salary grade of 62% of government employees in the technical category falls below that of the lowest professional category salary grade. Data 4: Private sector median wages for equivalent professional roles exceed government wages by an average of 34%. Based ONLY on these four data points, which of the following MUST BE TRUE?","STRIPPED_PASSAGE_PREFIX",true,2026-08-19T09:28:15.886Z
cmstkge3c00u520u1bnnn5oxt,prompt,"Passage: A National Government Agency is reviewing its annual inventory of properties. The inventory committee noted: Fact 1: The agency owns 6 vehicles classified as 'serviceable' and 4 vehicles classified as 'unserviceable.' Fact 2: All unserviceable vehicles are at least 15 years old. Fact 3: The 6 serviceable vehicles have an average age of 8 years. Fact 4: Current policy allows disposal of unserviceable vehicles pending Commission on Audit clearance. Based ONLY on these four facts, which of the following COULD BE TRUE?","A National Government Agency is reviewing its annual inventory of properties. The inventory committee noted: Fact 1: The agency owns 6 vehicles classified as 'serviceable' and 4 vehicles classified as 'unserviceable.' Fact 2: All unserviceable vehicles are at least 15 years old. Fact 3: The 6 serviceable vehicles have an average age of 8 years. Fact 4: Current policy allows disposal of unserviceable vehicles pending Commission on Audit clearance. Based ONLY on these four facts, which of the following COULD BE TRUE?","STRIPPED_PASSAGE_PREFIX",true,2026-08-19T09:28:16.018Z
cmstkge3c00ui20u1rxrva4x8,prompt,"Passage: A government hospital's blood bank protocol states: Protocol I: Type O blood can be donated to patients of all blood types. Protocol II: Type AB patients can receive blood from donors of all blood types. Protocol III: Type A patients can only receive blood from Type A or Type O donors. Protocol IV: Type B patients can only receive blood from Type B or Type O donors. Which of the following CANNOT BE TRUE according to these protocols?","A government hospital's blood bank protocol states: Protocol I: Type O blood can be donated to patients of all blood types. Protocol II: Type AB patients can receive blood from donors of all blood types. Protocol III: Type A patients can only receive blood from Type A or Type O donors. Protocol IV: Type B patients can only receive blood from Type B or Type O donors. Which of the following CANNOT BE TRUE according to these protocols?","STRIPPED_PASSAGE_PREFIX",true,2026-08-19T09:28:16.134Z
cmstkge3b00sw20u1fsgb5sun,prompt,"Passage: Read the four statements below: (1) 'The committee hearing commenced at 9:15 AM and adjourned at 11:45 AM.' (2) 'Director Santos frowned three × during the budget presentation.' (3) 'Director Santos was deeply angered by the budget presentation.' (4) 'The conference hall was arranged with exactly 50 wooden chairs.' Which statement is an INFERENCE?","Read the four statements below: (1) 'The committee hearing commenced at 9:15 AM and adjourned at 11:45 AM.' (2) 'Director Santos frowned three × during the budget presentation.' (3) 'Director Santos was deeply angered by the budget presentation.' (4) 'The conference hall was arranged with exactly 50 wooden chairs.' Which statement is an INFERENCE?","STRIPPED_PASSAGE_PREFIX",true,2026-08-19T09:28:16.238Z
cmstkge3b00si20u1weeuugfv,prompt,"Passage: A provincial governor proposed constructing a four-lane highway through an agricultural valley to spur industrialization. The governor argued that the highway will guarantee economic prosperity for local agrarian farmers by turning their farmlands into prime industrial real estate. Which of the following, if true, points out a critical WEAKNESS in the governor's argument regarding farmer prosperity?","A provincial governor proposed constructing a four-lane highway through an agricultural valley to spur industrialization. The governor argued that the highway will guarantee economic prosperity for local agrarian farmers by turning their farmlands into prime industrial real estate. Which of the following, if true, points out a critical WEAKNESS in the governor's argument regarding farmer prosperity?","STRIPPED_PASSAGE_PREFIX",true,2026-08-19T09:28:16.339Z
cmstkge3b00s820u14zydcj3y,prompt,"Passage: Statement: Should the Civil Service Commission require all newly appointed government division chiefs to complete a mandatory 120-hour public ethics and anti-corruption leadership training? Argument I: Yes, because structured leadership ethics training directly clarifies administrative liabilities under RA 6713 and equips supervisors with standardized operational tools to prevent procurement fraud. Argument II: No, because attending 120 hours of training requires division chiefs to wake up earlier on scheduled training seminar mornings. Which of the arguments is/are STRONG?","Statement: Should the Civil Service Commission require all newly appointed government division chiefs to complete a mandatory 120-hour public ethics and anti-corruption leadership training? Argument I: Yes, because structured leadership ethics training directly clarifies administrative liabilities under RA 6713 and equips supervisors with standardized operational tools to prevent procurement fraud. Argument II: No, because attending 120 hours of training requires division chiefs to wake up earlier on scheduled training seminar mornings. Which of the arguments is/are STRONG?","STRIPPED_PASSAGE_PREFIX",true,2026-08-19T09:28:16.449Z
cmstkge3b00s620u10g80268h,prompt,"Passage: Statement: Should the national government implement a complete ban on single-use plastics across all commercial and retail establishments? Argument I: Yes, because empirical ecological studies confirm that non-biodegradable plastics constitute over 60% of urban storm-drainage blockages leading to severe recurring floods, and viable biodegradable alternatives are commercially accessible. Argument II: No, because traditional shopkeepers have always used plastic bags and altering packaging habits causes minor inconvenience to retail staff. Which of the arguments is/are STRONG?","Statement: Should the national government implement a complete ban on single-use plastics across all commercial and retail establishments? Argument I: Yes, because empirical ecological studies confirm that non-biodegradable plastics constitute over 60% of urban storm-drainage blockages leading to severe recurring floods, and viable biodegradable alternatives are commercially accessible. Argument II: No, because traditional shopkeepers have always used plastic bags and altering packaging habits causes minor inconvenience to retail staff. Which of the arguments is/are STRONG?","STRIPPED_PASSAGE_PREFIX",true,2026-08-19T09:28:16.562Z
cmstkge3a00rw20u1vx9406ss,prompt,"Passage: During an audit of a municipal engineering office, an informant alleged that the municipal engineer accepted an illicit kickback from Contractor Zeta. In response, the Commission on Audit (COA) reviewed four evidentiary submissions: (1) An unverified anonymous compla∫ posted on an online forum; (2) Certified bank records showing an unexplained wire transfer of PHP 2.5 million from Contractor Zeta's corporate account directly into the personal account of the municipal engineer two days after contract approval; (3) Sworn testimony of a disgruntled losing bidder; and (4) Hearsay statements from a barangay official repeating town plaza rumors. Which piece of evidence provides the STRONGEST, most objective corroboration of illicit financial transactions?","During an audit of a municipal engineering office, an informant alleged that the municipal engineer accepted an illicit kickback from Contractor Zeta. In response, the Commission on Audit (COA) reviewed four evidentiary submissions: (1) An unverified anonymous compla∫ posted on an online forum; (2) Certified bank records showing an unexplained wire transfer of PHP 2.5 million from Contractor Zeta's corporate account directly into the personal account of the municipal engineer two days after contract approval; (3) Sworn testimony of a disgruntled losing bidder; and (4) Hearsay statements from a barangay official repeating town plaza rumors. Which piece of evidence provides the STRONGEST, most objective corroboration of illicit financial transactions?","STRIPPED_PASSAGE_PREFIX",true,2026-08-19T09:28:16.672Z
cmstkge3a00rv20u1wiiua5j5,prompt,"Passage: Under civil service promotion rules: If a candidate achieves the highest rating in the promotional examination, the candidate is placed on the promotion shortlist. If a candidate is placed on the promotion shortlist, the appointing authority may legally select that candidate for the vacant position. Candidate Tan achieved the highest rating in the promotional examination. Which of the following is a VALID CONDITIONAL CONCLUSION?","Under civil service promotion rules: If a candidate achieves the highest rating in the promotional examination, the candidate is placed on the promotion shortlist. If a candidate is placed on the promotion shortlist, the appointing authority may legally select that candidate for the vacant position. Candidate Tan achieved the highest rating in the promotional examination. Which of the following is a VALID CONDITIONAL CONCLUSION?","STRIPPED_PASSAGE_PREFIX",true,2026-08-19T09:28:16.791Z
cmstkge3c00tw20u1dgkvz7ez,prompt,"Passage: A government audit report on a public university's fund utilization contains the following verified findings: Finding 1: PHP 12.4 million in special trust fund collections were not recorded in the official books of accounts. Finding 2: PHP 3.1 million in recorded special trust fund expenditures lacked supporting documentation. Finding 3: The university submitted financial statements that did not include special trust fund balances. Finding 4: The Commission on Audit flagged these findings as material misstatements requiring immediate management action. Based ONLY on these four findings, which of the following MUST BE TRUE?","A government audit report on a public university's fund utilization contains the following verified findings: Finding 1: PHP 12.4 million in special trust fund collections were not recorded in the official books of accounts. Finding 2: PHP 3.1 million in recorded special trust fund expenditures lacked supporting documentation. Finding 3: The university submitted financial statements that did not include special trust fund balances. Finding 4: The Commission on Audit flagged these findings as material misstatements requiring immediate management action. Based ONLY on these four findings, which of the following MUST BE TRUE?","STRIPPED_PASSAGE_PREFIX",true,2026-08-19T09:28:16.913Z
cmstkge3c00tg20u158ejtjcm,prompt,"Passage: A project completion report contains the following: Line 1: 'The project was completed on schedule, on June 30, 2024, as contracted.' Line 2: 'Change Order No. 3, approved on May 15, 2024, extended the project completion date from June 30, 2024 to September 30, 2024.' Do Lines 1 and 2 CONTRADICT each other?","A project completion report contains the following: Line 1: 'The project was completed on schedule, on June 30, 2024, as contracted.' Line 2: 'Change Order No. 3, approved on May 15, 2024, extended the project completion date from June 30, 2024 to September 30, 2024.' Do Lines 1 and 2 CONTRADICT each other?","STRIPPED_PASSAGE_PREFIX",true,2026-08-19T09:28:17.030Z
cmstkge3b00sj20u1xn49cgne,prompt,"Passage: An educational advocacy group proposed replacing all public high school science laboratories with virtual computer simulations to reduce government procurement costs. The group asserted that virtual simulations provide an identical educational experience to hands-on physical laboratory experiments without any drawback. Which of the following, if true, represents the most substantial WEAKNESS in the group's assertion?","An educational advocacy group proposed replacing all public high school science laboratories with virtual computer simulations to reduce government procurement costs. The group asserted that virtual simulations provide an identical educational experience to hands-on physical laboratory experiments without any drawback. Which of the following, if true, represents the most substantial WEAKNESS in the group's assertion?","STRIPPED_PASSAGE_PREFIX",true,2026-08-19T09:28:17.151Z
cmstkge3b00s420u1inetl3ad,prompt,"Passage: In an administrative investigation regarding 'ghost employees', an agency division submitted printed daily time records (DTRs) signed in ink by Employee Morales. However, official Bureau of Immigration exit records, digital biometric door logs, and CCTV footage proved that Morales was physically residing in Canada during the entire six-month period. How should the conflicting evidence be evaluated?","In an administrative investigation regarding 'ghost employees', an agency division submitted printed daily time records (DTRs) signed in ink by Employee Morales. However, official Bureau of Immigration exit records, digital biometric door logs, and CCTV footage proved that Morales was physically residing in Canada during the entire six-month period. How should the conflicting evidence be evaluated?","STRIPPED_PASSAGE_PREFIX",true,2026-08-19T09:28:17.271Z
cmstkge3b00sa20u1tvajylde,prompt,"Passage: Statement: Should the national government privatize the operations and maintenance of all international container seaports? Argument I: Yes, because private port terminal operators possess global capital access and advanced automation technology that can modernize berth handling efficiency and reduce cargo turnaround ×. Argument II: No, because public seaports represent strategic national critical infrastructure whose revenue and border security enforcement must remain under direct sovereign governmental oversight. Which of the arguments is/are STRONG?","Statement: Should the national government privatize the operations and maintenance of all international container seaports? Argument I: Yes, because private port terminal operators possess global capital access and advanced automation technology that can modernize berth handling efficiency and reduce cargo turnaround ×. Argument II: No, because public seaports represent strategic national critical infrastructure whose revenue and border security enforcement must remain under direct sovereign governmental oversight. Which of the arguments is/are STRONG?","STRIPPED_PASSAGE_PREFIX",true,2026-08-19T09:28:17.380Z
cmstkge3b00sk20u14t35are0,prompt,"Passage: A municipal water utility decided to increase water tariffs by 50% across all residential tiers to fund pipeline capital expenditures. The utility board argued: 'Because water is an absolute biological necessity with zero consumer substitutes, residential water consumption will remain completely unchanged, guaranteeing a 50% increase in utility revenue.' Which of the following, if true, highlights a fundamental WEAKNESS in the board's economic reasoning?","A municipal water utility decided to increase water tariffs by 50% across all residential tiers to fund pipeline capital expenditures. The utility board argued: 'Because water is an absolute biological necessity with zero consumer substitutes, residential water consumption will remain completely unchanged, guaranteeing a 50% increase in utility revenue.' Which of the following, if true, highlights a fundamental WEAKNESS in the board's economic reasoning?","STRIPPED_PASSAGE_PREFIX",true,2026-08-19T09:28:17.501Z
cmstkge3b00td20u1jc8w7lwc,prompt,"Passage: An agency performance report contains the following two claims: Claim 1: 'Our agency achieved a 100% compliance rate with all Anti-Red Tape Authority transaction processing standards in Q1 2024.' Claim 2: 'The agency received 47 verified formal complaints from citizens citing delayed transaction processing that exceeded the statutory time limits during Q1 2024.' Which of the following CORRECTLY identifies the logical CONTRADICTION between Claim 1 and Claim 2?","An agency performance report contains the following two claims: Claim 1: 'Our agency achieved a 100% compliance rate with all Anti-Red Tape Authority transaction processing standards in Q1 2024.' Claim 2: 'The agency received 47 verified formal complaints from citizens citing delayed transaction processing that exceeded the statutory time limits during Q1 2024.' Which of the following CORRECTLY identifies the logical CONTRADICTION between Claim 1 and Claim 2?","STRIPPED_PASSAGE_PREFIX",true,2026-08-19T09:28:17.609Z
cmstkge3c00tt20u1etv4gjle,prompt,"Passage: An official leave policy states: Policy 1: Annual leave accrues at 1.5 days per month for employees with less than 5 years of service. Policy 2: Annual leave accrues at 2.0 days per month for employees with 5 or more years of service. Policy 3: A maximum of 30 days of accumulated leave may be carried over to the next calendar year. Policy 4: Unused leave days above the 30-day carryover maximum are forfeited at year-end. An employee with 7 years of service has 28 accumulated leave days at the start of the year. During the year, she earned all her leave credits and used 15 days. What is the CONSISTENT calculation of her leave status at year-end?","An official leave policy states: Policy 1: Annual leave accrues at 1.5 days per month for employees with less than 5 years of service. Policy 2: Annual leave accrues at 2.0 days per month for employees with 5 or more years of service. Policy 3: A maximum of 30 days of accumulated leave may be carried over to the next calendar year. Policy 4: Unused leave days above the 30-day carryover maximum are forfeited at year-end. An employee with 7 years of service has 28 accumulated leave days at the start of the year. During the year, she earned all her leave credits and used 15 days. What is the CONSISTENT calculation of her leave status at year-end?","STRIPPED_PASSAGE_PREFIX",true,2026-08-19T09:28:17.727Z
cmstkge3a00s020u1x70xgyef,prompt,"Passage: A civil registrar clerk was accused of forging public documents. The complainant presented three black-and-white photocopy printouts of allegedly altered birth certificates. The defense counsel objected, citing the Best Evidence Rule (Original Document Rule), arguing that photocopies are inadmissible because the complainant failed to prove the loss or destruction of the original register documents. Which statement accurately evaluates the evidentiary objection?","A civil registrar clerk was accused of forging public documents. The complainant presented three black-and-white photocopy printouts of allegedly altered birth certificates. The defense counsel objected, citing the Best Evidence Rule (Original Document Rule), arguing that photocopies are inadmissible because the complainant failed to prove the loss or destruction of the original register documents. Which statement accurately evaluates the evidentiary objection?","STRIPPED_PASSAGE_PREFIX",true,2026-08-19T09:28:17.832Z
cmstkge3a00rx20u1805ngn5h,prompt,"Passage: A commercial laboratory claimed that its herbal formulation completely prevents dengue viral infection. To substantiate this claim, the company submitted a clinical study conducted on 20 company employees who took the formulation daily and did not contract dengue over a three-week dry season period when local mosquito activity was virtually absent. Which of the following BEST evaluates the scientific validity of this evidentiary submission?","A commercial laboratory claimed that its herbal formulation completely prevents dengue viral infection. To substantiate this claim, the company submitted a clinical study conducted on 20 company employees who took the formulation daily and did not contract dengue over a three-week dry season period when local mosquito activity was virtually absent. Which of the following BEST evaluates the scientific validity of this evidentiary submission?","STRIPPED_PASSAGE_PREFIX",true,2026-08-19T09:28:17.944Z
cmstkge3c00u920u15pmoh40l,prompt,"Passage: A civil service commission unit is reviewing the eligibility records of five government employees—Aguilar, Bautista, Cruz, Domingo, and Estrada—with the following established facts: Fact 1: Aguilar and Bautista both hold Career Service Professional eligibility. Fact 2: Cruz and Domingo do not hold Career Service Professional eligibility. Fact 3: Estrada holds either Career Service Professional eligibility or Career Service Subprofessional eligibility, but not both. Fact 4: An employee holding Career Service Subprofessional eligibility cannot be promoted to a second-level position. Based ONLY on these four facts, which of the following COULD BE TRUE?","A civil service commission unit is reviewing the eligibility records of five government employees—Aguilar, Bautista, Cruz, Domingo, and Estrada—with the following established facts: Fact 1: Aguilar and Bautista both hold Career Service Professional eligibility. Fact 2: Cruz and Domingo do not hold Career Service Professional eligibility. Fact 3: Estrada holds either Career Service Professional eligibility or Career Service Subprofessional eligibility, but not both. Fact 4: An employee holding Career Service Subprofessional eligibility cannot be promoted to a second-level position. Based ONLY on these four facts, which of the following COULD BE TRUE?","STRIPPED_PASSAGE_PREFIX",true,2026-08-19T09:28:18.061Z
cmstkge3c00uj20u1sut6qyw7,prompt,"Passage: A multi-lateral agency issued an anti-corruption compliance framework with these mandatory provisions: Provision P: All contracts above USD 100,000 must be subject to independent third-party audit before disbursement. Provision Q: Emergency disbursements may be made within 48 hours without third-party audit, but must be audited within 30 days after disbursement. Provision R: Any third-party auditor must be certified and listed in the agency's accredited auditor registry. Provision S: Contracts funded under emergency disbursement cannot exceed USD 200,000. Which of the following CANNOT BE TRUE under this framework?","A multi-lateral agency issued an anti-corruption compliance framework with these mandatory provisions: Provision P: All contracts above USD 100,000 must be subject to independent third-party audit before disbursement. Provision Q: Emergency disbursements may be made within 48 hours without third-party audit, but must be audited within 30 days after disbursement. Provision R: Any third-party auditor must be certified and listed in the agency's accredited auditor registry. Provision S: Contracts funded under emergency disbursement cannot exceed USD 200,000. Which of the following CANNOT BE TRUE under this framework?","STRIPPED_PASSAGE_PREFIX",true,2026-08-19T09:28:18.177Z
cmstkge3c00tp20u1lec6rljn,prompt,"Passage: A scholarship program has these eligibility criteria: Criterion 1: Applicant must be a graduating student in an accredited state university with a current GWA of 1.5 or better. Criterion 2: Annual family income must not exceed PHP 200,000. Criterion 3: Applicant must not be a recipient of any other government scholarship. Criterion 4: Applicant must be enrolled in an engineering, technology, or science program. Which applicant is CONSISTENT with ALL four criteria?","A scholarship program has these eligibility criteria: Criterion 1: Applicant must be a graduating student in an accredited state university with a current GWA of 1.5 or better. Criterion 2: Annual family income must not exceed PHP 200,000. Criterion 3: Applicant must not be a recipient of any other government scholarship. Criterion 4: Applicant must be enrolled in an engineering, technology, or science program. Which applicant is CONSISTENT with ALL four criteria?","STRIPPED_PASSAGE_PREFIX",true,2026-08-19T09:28:18.286Z
cmstkge3c00ud20u1nwf7wjqy,prompt,"Passage: A national poverty assessment released the following provincial statistics for Province Z: Indicator 1: Overall poverty incidence in Province Z is 34.7%. Indicator 2: Urban poverty incidence within Province Z is 18.2%. Indicator 3: Rural poverty incidence within Province Z is 51.4%. Indicator 4: Province Z's poverty incidence decreased from 41.3% in 2019 to 34.7% in 2023. Based ONLY on these four indicators, which of the following COULD BE TRUE?","A national poverty assessment released the following provincial statistics for Province Z: Indicator 1: Overall poverty incidence in Province Z is 34.7%. Indicator 2: Urban poverty incidence within Province Z is 18.2%. Indicator 3: Rural poverty incidence within Province Z is 51.4%. Indicator 4: Province Z's poverty incidence decreased from 41.3% in 2019 to 34.7% in 2023. Based ONLY on these four indicators, which of the following COULD BE TRUE?","STRIPPED_PASSAGE_PREFIX",true,2026-08-19T09:28:18.387Z
cmstkge3c00tz20u19jgtm5qk,prompt,"Passage: A public transportation planning study published the following conclusions: Conclusion 1: The current bus fleet in Metro Manila is operating at an average of 148% of rated passenger capacity during peak hours. Conclusion 2: The planned 40% fleet expansion will add 1,200 buses over 36 months. Conclusion 3: Route rationalization has reduced average travel time by 18 minutes per commute in pilot corridors. Conclusion 4: Zero new bus routes were approved in the past fiscal year. Based ONLY on these four conclusions, which of the following MUST BE TRUE?","A public transportation planning study published the following conclusions: Conclusion 1: The current bus fleet in Metro Manila is operating at an average of 148% of rated passenger capacity during peak hours. Conclusion 2: The planned 40% fleet expansion will add 1,200 buses over 36 months. Conclusion 3: Route rationalization has reduced average travel time by 18 minutes per commute in pilot corridors. Conclusion 4: Zero new bus routes were approved in the past fiscal year. Based ONLY on these four conclusions, which of the following MUST BE TRUE?","STRIPPED_PASSAGE_PREFIX",true,2026-08-19T09:28:18.489Z
cmstkge3c00uh20u1wkqr3kji,prompt,"Passage: A university registration system enforces these rules: Rule 1: Students must be enrolled in at least 15 units per semester to be classified as 'full-time.' Rule 2: Students enrolled in fewer than 15 units per semester are classified as 'part-time.' Rule 3: Graduating students may enroll in fewer than 15 units in their final semester if the remaining units needed to graduate are fewer than 15. Rule 4: Part-time students are ineligible for dormitory housing provided by the university. Which of the following CANNOT BE TRUE under these rules?","A university registration system enforces these rules: Rule 1: Students must be enrolled in at least 15 units per semester to be classified as 'full-time.' Rule 2: Students enrolled in fewer than 15 units per semester are classified as 'part-time.' Rule 3: Graduating students may enroll in fewer than 15 units in their final semester if the remaining units needed to graduate are fewer than 15. Rule 4: Part-time students are ineligible for dormitory housing provided by the university. Which of the following CANNOT BE TRUE under these rules?","STRIPPED_PASSAGE_PREFIX",true,2026-08-19T09:28:18.614Z
cmstkge3c00tl20u1hea1hber,prompt,"Passage: An agency's internal audit concluded the following four findings about its procurement system: Finding 1: All purchase request forms are pre-numbered and serially recorded. Finding 2: All purchase orders require three valid canvass quotations before approval. Finding 3: Procurement items exceeding PHP 50,000 are subject to mandatory public bidding. Finding 4: Petty cash vouchers below PHP 5,000 may be approved by division chiefs without further review. If a new internal policy directive adds: 'All procurement transactions, without exception, must be approved by the agency head before release of funds,' which internal control finding is MOST CONSISTENT with this new directive?","An agency's internal audit concluded the following four findings about its procurement system: Finding 1: All purchase request forms are pre-numbered and serially recorded. Finding 2: All purchase orders require three valid canvass quotations before approval. Finding 3: Procurement items exceeding PHP 50,000 are subject to mandatory public bidding. Finding 4: Petty cash vouchers below PHP 5,000 may be approved by division chiefs without further review. If a new internal policy directive adds: 'All procurement transactions, without exception, must be approved by the agency head before release of funds,' which internal control finding is MOST CONSISTENT with this new directive?","STRIPPED_PASSAGE_PREFIX",true,2026-08-19T09:28:18.741Z
cmstkge3b00tc20u1vl5i1e6m,prompt,"Passage: Consider the following two statements from official government communications: Statement X: 'Civil Service Rule 12-A prohibits any transfer of personnel between departments without prior written approval from the CSC.' Statement Y: 'Division Director Magtibay transferred fifteen personnel from Department B to Department C last week under his supervisory discretion, without written CSC approval.' Which of the following correctly identifies the CONTRADICTION?","Consider the following two statements from official government communications: Statement X: 'Civil Service Rule 12-A prohibits any transfer of personnel between departments without prior written approval from the CSC.' Statement Y: 'Division Director Magtibay transferred fifteen personnel from Department B to Department C last week under his supervisory discretion, without written CSC approval.' Which of the following correctly identifies the CONTRADICTION?","STRIPPED_PASSAGE_PREFIX",true,2026-08-19T09:28:18.862Z
cmstkge3b00sh20u1izvdf4et,prompt,"Passage: To reduce long queuing × at licensing branches, the Land Transportation Office (LTO) launched an online portal for driver's license renewals. An analyst concluded that this online portal will completely eliminate physical queues at LTO branches nationwide. Which of the following, if true, reveals the most significant WEAKNESS in the analyst's conclusion?","To reduce long queuing × at licensing branches, the Land Transportation Office (LTO) launched an online portal for driver's license renewals. An analyst concluded that this online portal will completely eliminate physical queues at LTO branches nationwide. Which of the following, if true, reveals the most significant WEAKNESS in the analyst's conclusion?","STRIPPED_PASSAGE_PREFIX",true,2026-08-19T09:28:18.983Z
cmstkge3a00rz20u1n1z86ld4,prompt,"Passage: A city transport office claimed that installing bike lanes along Boulevard K caused a 50% reduction in traffic accidents. A researcher discovered that the office compared accident figures from December 2023 (when the city was under a mandatory super-typhoon lockdown with zero vehicular traffic for two weeks) with figures from December 2022 (a month of normal heavy holiday rush traffic). What flaw does the researcher's evaluation reveal regarding the evidence?","A city transport office claimed that installing bike lanes along Boulevard K caused a 50% reduction in traffic accidents. A researcher discovered that the office compared accident figures from December 2023 (when the city was under a mandatory super-typhoon lockdown with zero vehicular traffic for two weeks) with figures from December 2022 (a month of normal heavy holiday rush traffic). What flaw does the researcher's evaluation reveal regarding the evidence?","STRIPPED_PASSAGE_PREFIX",true,2026-08-19T09:28:19.104Z
cmstkge3c00u820u18ozwu4u5,prompt,"Passage: A regional detention facility conducted an internal population audit with the following documented data: Data Po∫ 1: The facility's official rated capacity is 450 detainees. Data Po∫ 2: Current detainee population is 1,127. Data Po∫ 3: Of the current detainees, 634 are persons deprived of liberty (PDLs) awaiting trial and have not yet been convicted. Data Po∫ 4: The average length of detention for awaiting-trial detainees is 2.3 years. Based ONLY on these four data points, which of the following COULD BE TRUE?","A regional detention facility conducted an internal population audit with the following documented data: Data Po∫ 1: The facility's official rated capacity is 450 detainees. Data Po∫ 2: Current detainee population is 1,127. Data Po∫ 3: Of the current detainees, 634 are persons deprived of liberty (PDLs) awaiting trial and have not yet been convicted. Data Po∫ 4: The average length of detention for awaiting-trial detainees is 2.3 years. Based ONLY on these four data points, which of the following COULD BE TRUE?","STRIPPED_PASSAGE_PREFIX",true,2026-08-19T09:28:19.208Z
cmstkge3c00th20u13huaa8v2,prompt,"Passage: A census bureau simultaneously published two reports: Report A: 'The urban population of Province X grew by 12% between 2020 and 2023.' Report B: 'The total population of Province X decreased by 8% between 2020 and 2023.' Can both reports be simultaneously true?","A census bureau simultaneously published two reports: Report A: 'The urban population of Province X grew by 12% between 2020 and 2023.' Report B: 'The total population of Province X decreased by 8% between 2020 and 2023.' Can both reports be simultaneously true?","STRIPPED_PASSAGE_PREFIX",true,2026-08-19T09:28:19.310Z
cmstkge3c00tf20u153b92x9e,prompt,"Passage: A municipal ordinance contains these two provisions: Section 4: 'No commercial establishment shall operate within 300 meters of a public school.' Section 17: 'Canteen operators who hold valid school concession permits may operate food service establishments within school premises.' Do these two provisions CONTRADICT each other?","A municipal ordinance contains these two provisions: Section 4: 'No commercial establishment shall operate within 300 meters of a public school.' Section 17: 'Canteen operators who hold valid school concession permits may operate food service establishments within school premises.' Do these two provisions CONTRADICT each other?","STRIPPED_PASSAGE_PREFIX",true,2026-08-19T09:28:19.411Z
cmstkge3b00t920u1fxn903ai,prompt,"Passage: An ombudsman's compla∫ form instructs: 'If the compla∫ is against a public official who is no longer in office, indicate the date of separation.' Which PRESUPPOSITION is embedded in this instruction?","An ombudsman's compla∫ form instructs: 'If the compla∫ is against a public official who is no longer in office, indicate the date of separation.' Which PRESUPPOSITION is embedded in this instruction?","STRIPPED_PASSAGE_PREFIX",true,2026-08-19T09:28:19.526Z
cmstkge3b00se20u1q0yq2wug,prompt,"Passage: Statement: Should the government mandate that all public utility vehicles (PUVs) transition to low-emission electric or Euro-4 compliant engines? Argument I: Yes, because outdated diesel engines emit high concentrations of fine particulate matter (PM2.5) and toxic carcinogens, causing severe respiratory illnesses in dense urban commuter corridors. Argument II: No, because modernizing vehicle fleets requires substantial capital investment, and without adequate government equity subsidies and low-interest loan facilities, thousands of low-income transport drivers will face economic displacement and loss of livelihood. Which of the arguments is/are STRONG?","Statement: Should the government mandate that all public utility vehicles (PUVs) transition to low-emission electric or Euro-4 compliant engines? Argument I: Yes, because outdated diesel engines emit high concentrations of fine particulate matter (PM2.5) and toxic carcinogens, causing severe respiratory illnesses in dense urban commuter corridors. Argument II: No, because modernizing vehicle fleets requires substantial capital investment, and without adequate government equity subsidies and low-interest loan facilities, thousands of low-income transport drivers will face economic displacement and loss of livelihood. Which of the arguments is/are STRONG?","STRIPPED_PASSAGE_PREFIX",true,2026-08-19T09:28:19.647Z
cmstkge3b00t520u1s4hsx9v1,prompt,"Passage: An agency memo states: 'Division chiefs who have already completed the mandatory ethics seminar need not reregister for the second cycle.' Which PRESUPPOSITION does this memo embed?","An agency memo states: 'Division chiefs who have already completed the mandatory ethics seminar need not reregister for the second cycle.' Which PRESUPPOSITION does this memo embed?","STRIPPED_PASSAGE_PREFIX",true,2026-08-19T09:28:19.749Z
cmstkge3b00t120u1xhyy0sxh,prompt,"Passage: A government circular states: 'All senior supervisors must resubmit their updated individual performance targets.' Which of the following is a PRESUPPOSITION embedded in the circular?","A government circular states: 'All senior supervisors must resubmit their updated individual performance targets.' Which of the following is a PRESUPPOSITION embedded in the circular?","STRIPPED_PASSAGE_PREFIX",true,2026-08-19T09:28:19.853Z
cmstkge3b00ss20u1wql7pwmn,prompt,"Passage: Consider the following statement from a policy analyst: 'Since the Bureau of Customs exceeded its annual revenue collection target by 15% following the deployment of automated x-ray container scanners, the installation of automated scanners was the primary reason for the revenue surplus.' This statement is BEST classified as a(n):","Consider the following statement from a policy analyst: 'Since the Bureau of Customs exceeded its annual revenue collection target by 15% following the deployment of automated x-ray container scanners, the installation of automated scanners was the primary reason for the revenue surplus.' This statement is BEST classified as a(n):","STRIPPED_PASSAGE_PREFIX",true,2026-08-19T09:28:19.953Z
cmstkge3a00s120u1m8qy1e0k,prompt,"Passage: To demonstrate that a new public service portal was highly effective, an agency reported that 99% of user feedback gave a 5-star rating. An independent audit revealed that the portal's feedback interface was programmed to display only a 5-star button, with no options to select 1, 2, 3, or 4 stars or enter qualitative complaints. How should the survey evidence be evaluated?","To demonstrate that a new public service portal was highly effective, an agency reported that 99% of user feedback gave a 5-star rating. An independent audit revealed that the portal's feedback interface was programmed to display only a 5-star button, with no options to select 1, 2, 3, or 4 stars or enter qualitative complaints. How should the survey evidence be evaluated?","STRIPPED_PASSAGE_PREFIX",true,2026-08-19T09:28:20.055Z
cmstkge3c00u120u11u08yvux,prompt,"Passage: A financial inclusion report on rural banking presents the following data: Data A: Only 23% of rural barangays in Region VIII have a bank branch or ATM within 5 kilometers. Data B: Mobile banking adoption in rural areas of Region VIII grew by 67% over the past two years. Data C: Microfinance institutions serve 41% of rural households in Region VIII not reached by formal banking. Data D: The Bangko Sentral ng Pilipinas has issued 15 new rural bank licenses in Region VIII in the past 3 years. Based ONLY on these four data points, which of the following MUST BE TRUE?","A financial inclusion report on rural banking presents the following data: Data A: Only 23% of rural barangays in Region VIII have a bank branch or ATM within 5 kilometers. Data B: Mobile banking adoption in rural areas of Region VIII grew by 67% over the past two years. Data C: Microfinance institutions serve 41% of rural households in Region VIII not reached by formal banking. Data D: The Bangko Sentral ng Pilipinas has issued 15 new rural bank licenses in Region VIII in the past 3 years. Based ONLY on these four data points, which of the following MUST BE TRUE?","STRIPPED_PASSAGE_PREFIX",true,2026-08-19T09:28:20.158Z
cmstkge3b00sq20u15nfaj6hx,prompt,"Passage: A formal audit of a municipal accounting office documented the following four statements: (1) 'The municipal treasury disbursed exactly PHP 14,250,000 across 42 check vouchers between January 1 and June 30, 2024.' (2) 'Because check disbursements in the second quarter exceeded the first quarter by 30%, the municipal treasurer was acting under political pressure to accelerate local infrastructure projects before the election.' (3) 'All 42 check vouchers were stamped with an official receipt seal and signed by the municipal accountant.' (4) 'The municipal accounting department maintains higher administrative integrity than the municipal engineering office.' Which of the following correctly classifies the four statements?","A formal audit of a municipal accounting office documented the following four statements: (1) 'The municipal treasury disbursed exactly PHP 14,250,000 across 42 check vouchers between January 1 and June 30, 2024.' (2) 'Because check disbursements in the second quarter exceeded the first quarter by 30%, the municipal treasurer was acting under political pressure to accelerate local infrastructure projects before the election.' (3) 'All 42 check vouchers were stamped with an official receipt seal and signed by the municipal accountant.' (4) 'The municipal accounting department maintains higher administrative integrity than the municipal engineering office.' Which of the following correctly classifies the four statements?","STRIPPED_PASSAGE_PREFIX",true,2026-08-19T09:28:20.262Z
cmstkge3c00ty20u1jzgalsea,prompt,"Passage: An HR investigation team documented the following facts about a personnel compla∫: Fact 1: Employee Navarro filed a formal compla∫ on March 1 against supervisor Alegre for grave misconduct. Fact 2: Navarro was placed on a 30-day preventive suspension starting March 5 by the agency head. Fact 3: The Office of the Ombudsman received the compla∫ referral from the agency on March 10. Fact 4: Alegre's appointment was signed by the Civil Service Commission on January 15 and is within his initial probationary period. Based ONLY on these four facts, which of the following MUST BE TRUE?","An HR investigation team documented the following facts about a personnel compla∫: Fact 1: Employee Navarro filed a formal compla∫ on March 1 against supervisor Alegre for grave misconduct. Fact 2: Navarro was placed on a 30-day preventive suspension starting March 5 by the agency head. Fact 3: The Office of the Ombudsman received the compla∫ referral from the agency on March 10. Fact 4: Alegre's appointment was signed by the Civil Service Commission on January 15 and is within his initial probationary period. Based ONLY on these four facts, which of the following MUST BE TRUE?","STRIPPED_PASSAGE_PREFIX",true,2026-08-19T09:28:20.365Z
cmstkge3c00tv20u1rk76y7oc,prompt,"Passage: A committee deliberating a regional infrastructure project reviewed the following four statements made during a public hearing: Statement 1: The proposed expressway will traverse 12 barangays covering 47 kilometers. Statement 2: Engineering surveys confirm the route avoids all Class A agricultural lands and protected watershed areas. Statement 3: The Department of Public Works has certified the project as technically feasible and environmentally compliant. Statement 4: Community consultation meetings have been conducted in 11 of the 12 affected barangays, with the 12th scheduled next week. Based ONLY on these four statements, which of the following MUST BE TRUE?","A committee deliberating a regional infrastructure project reviewed the following four statements made during a public hearing: Statement 1: The proposed expressway will traverse 12 barangays covering 47 kilometers. Statement 2: Engineering surveys confirm the route avoids all Class A agricultural lands and protected watershed areas. Statement 3: The Department of Public Works has certified the project as technically feasible and environmentally compliant. Statement 4: Community consultation meetings have been conducted in 11 of the 12 affected barangays, with the 12th scheduled next week. Based ONLY on these four statements, which of the following MUST BE TRUE?","STRIPPED_PASSAGE_PREFIX",true,2026-08-19T09:28:20.467Z
cmstkge3c00tu20u18o181auq,prompt,"Passage: A department's administrative rules state: Rule X: All official memoranda must be signed by the office head before distribution. Rule Y: In the absence of the office head, the assistant head may sign memoranda on behalf of the office. Rule Z: Memoranda issued outside of official office hours are valid only if they bear the office head's personal digital signature. A memoranda was issued at 10 PM by the assistant head while the office head was on approved leave abroad. The memorandum bears only the assistant head's wet signature. Is this memorandum CONSISTENT with all three rules?","A department's administrative rules state: Rule X: All official memoranda must be signed by the office head before distribution. Rule Y: In the absence of the office head, the assistant head may sign memoranda on behalf of the office. Rule Z: Memoranda issued outside of official office hours are valid only if they bear the office head's personal digital signature. A memoranda was issued at 10 PM by the assistant head while the office head was on approved leave abroad. The memorandum bears only the assistant head's wet signature. Is this memorandum CONSISTENT with all three rules?","STRIPPED_PASSAGE_PREFIX",true,2026-08-19T09:28:20.569Z
cmstkge3c00ts20u16tscdfuc,prompt,"Passage: An agency has a three-tier performance appraisal system: Tier 1 (Outstanding): Performance rating of 90–100%. Tier 2 (Very Satisfactory): Performance rating of 80–89%. Tier 3 (Satisfactory): Performance rating of 70–79%. Merit promotion requires at least two consecutive Very Satisfactory ratings or one Outstanding rating in the most recent appraisal period. An employee's three most recent appraisal ratings are: Period 1 (oldest): 91% | Period 2: 85% | Period 3 (most recent): 82%. Is this employee ELIGIBLE for merit promotion based on consistent application of the stated criteria?","An agency has a three-tier performance appraisal system: Tier 1 (Outstanding): Performance rating of 90–100%. Tier 2 (Very Satisfactory): Performance rating of 80–89%. Tier 3 (Satisfactory): Performance rating of 70–79%. Merit promotion requires at least two consecutive Very Satisfactory ratings or one Outstanding rating in the most recent appraisal period. An employee's three most recent appraisal ratings are: Period 1 (oldest): 91% | Period 2: 85% | Period 3 (most recent): 82%. Is this employee ELIGIBLE for merit promotion based on consistent application of the stated criteria?","STRIPPED_PASSAGE_PREFIX",true,2026-08-19T09:28:20.671Z
cmstkge3c00tr20u1wwymy53r,prompt,"Passage: A regional government's environmental zoning code prescribes: Zone A (Strict Protection): No development of any kind permitted. Zone B (Limited Use): Only eco-tourism and research facilities permitted. Zone C (Buffer Zone): Light agriculture and community infrastructure permitted. Zone D (General Use): Commercial, residential, and industrial development permitted. A developer proposes to build a resort hotel with a swimming pool in an area classified as Zone B. Is this proposal CONSISTENT with the zoning code?","A regional government's environmental zoning code prescribes: Zone A (Strict Protection): No development of any kind permitted. Zone B (Limited Use): Only eco-tourism and research facilities permitted. Zone C (Buffer Zone): Light agriculture and community infrastructure permitted. Zone D (General Use): Commercial, residential, and industrial development permitted. A developer proposes to build a resort hotel with a swimming pool in an area classified as Zone B. Is this proposal CONSISTENT with the zoning code?","STRIPPED_PASSAGE_PREFIX",true,2026-08-19T09:28:20.788Z
cmstkge3c00tq20u1bqq9k7cz,prompt,"Passage: A government contracting authority has these procurement thresholds: Rule I: Purchases below PHP 10,000 may be processed through petty cash. Rule II: Purchases from PHP 10,000 to PHP 500,000 require public canvassing and at least three quotations. Rule III: Purchases above PHP 500,000 require competitive public bidding through the BAC. Rule IV: Emergency purchases of any amount may be processed through direct contracting with prior approval of the agency head. Which procurement method is CONSISTENT with ALL applicable rules for an emergency purchase of PHP 750,000?","A government contracting authority has these procurement thresholds: Rule I: Purchases below PHP 10,000 may be processed through petty cash. Rule II: Purchases from PHP 10,000 to PHP 500,000 require public canvassing and at least three quotations. Rule III: Purchases above PHP 500,000 require competitive public bidding through the BAC. Rule IV: Emergency purchases of any amount may be processed through direct contracting with prior approval of the agency head. Which procurement method is CONSISTENT with ALL applicable rules for an emergency purchase of PHP 750,000?","STRIPPED_PASSAGE_PREFIX",true,2026-08-19T09:28:20.907Z
cmstkge3c00to20u1hqzzv3a4,prompt,"Passage: A government hospital's clinical protocols state: Protocol P: 'All patients presenting with fever above 38.5°C for more than 48 hours must receive a complete blood count (CBC) within 24 hours of admission.' Protocol Q: 'Diagnostic procedures for patients without valid PhilHealth ID require advance payment authorization before tests are ordered.' Protocol R: 'Emergency cases classified as Code Red bypass advance payment requirements.' Which of the following patient scenarios is CONSISTENT with ALL three protocols?","A government hospital's clinical protocols state: Protocol P: 'All patients presenting with fever above 38.5°C for more than 48 hours must receive a complete blood count (CBC) within 24 hours of admission.' Protocol Q: 'Diagnostic procedures for patients without valid PhilHealth ID require advance payment authorization before tests are ordered.' Protocol R: 'Emergency cases classified as Code Red bypass advance payment requirements.' Which of the following patient scenarios is CONSISTENT with ALL three protocols?","STRIPPED_PASSAGE_PREFIX",true,2026-08-19T09:28:21.017Z
cmstkge3c00tn20u1wcehbj9p,prompt,"Passage: A housing relocation program has the following guidelines: Guideline 1: Beneficiaries must be registered informal settlers in the affected area as of December 31, 2022. Guideline 2: Beneficiaries must not own any other real property anywhere in the Philippines. Guideline 3: Priority shall be given to households with children below 7 years old. Guideline 4: Beneficiaries must have resided continuously in the area for at least three years before relocation. Which applicant profile is CONSISTENT with ALL four guidelines?","A housing relocation program has the following guidelines: Guideline 1: Beneficiaries must be registered informal settlers in the affected area as of December 31, 2022. Guideline 2: Beneficiaries must not own any other real property anywhere in the Philippines. Guideline 3: Priority shall be given to households with children below 7 years old. Guideline 4: Beneficiaries must have resided continuously in the area for at least three years before relocation. Which applicant profile is CONSISTENT with ALL four guidelines?","STRIPPED_PASSAGE_PREFIX",true,2026-08-19T09:28:21.142Z
cmstkge3c00tm20u1l522lq28,prompt,"Passage: The Civil Service Commission's Omnibus Rules on Appointments state that: Rule A: 'Next-in-rank employees shall be given preference in promotion.' Rule B: 'Appointing authorities may promote any qualified employee if justified by superior performance ratings, advanced competency requirements, or special qualifications.' Rule C: 'All promotions must be reviewed by the Personnel Selection Board before final approval.' Rule D: 'Emergency appointments may bypass normal qualification standards for a maximum of six months.' Which of the following scenarios is CONSISTENT with ALL four rules simultaneously?","The Civil Service Commission's Omnibus Rules on Appointments state that: Rule A: 'Next-in-rank employees shall be given preference in promotion.' Rule B: 'Appointing authorities may promote any qualified employee if justified by superior performance ratings, advanced competency requirements, or special qualifications.' Rule C: 'All promotions must be reviewed by the Personnel Selection Board before final approval.' Rule D: 'Emergency appointments may bypass normal qualification standards for a maximum of six months.' Which of the following scenarios is CONSISTENT with ALL four rules simultaneously?","STRIPPED_PASSAGE_PREFIX",true,2026-08-19T09:28:21.251Z
cmstkge3c00tk20u13lvwt8q0,prompt,"Passage: A health statistics report states: 'The average life expectancy of citizens in Province Y is 78 years.' An individual case report in the same document notes: 'Citizen Reyes of Province Y died at age 42 from cardiovascular disease.' Does Citizen Reyes' case CONTRADICT the provincial life expectancy statistic?","A health statistics report states: 'The average life expectancy of citizens in Province Y is 78 years.' An individual case report in the same document notes: 'Citizen Reyes of Province Y died at age 42 from cardiovascular disease.' Does Citizen Reyes' case CONTRADICT the provincial life expectancy statistic?","STRIPPED_PASSAGE_PREFIX",true,2026-08-19T09:28:21.357Z
cmstkge3c00ti20u1hx1ofqth,prompt,"Passage: A department submitted two official communications on the same date: Communication 1: 'This department has zero pending administrative cases.' Communication 2: 'The department formally acknowledges receipt of the Notice of Charge filed on March 1, 2024, and will submit its counter-affidavit within 15 days.' Which CONTRADICTION exists between these two communications?","A department submitted two official communications on the same date: Communication 1: 'This department has zero pending administrative cases.' Communication 2: 'The department formally acknowledges receipt of the Notice of Charge filed on March 1, 2024, and will submit its counter-affidavit within 15 days.' Which CONTRADICTION exists between these two communications?","STRIPPED_PASSAGE_PREFIX",true,2026-08-19T09:28:21.479Z
cmstkge3c00te20u12rl8dfxq,prompt,"Passage: An environmental impact assessment states: 'The proposed quarrying operation will have zero adverse environmental impact on the watershed.' A separate technical annex authored by the same consulting firm concludes: 'The quarrying operation will remove approximately 40% of the watershed's riparian forest cover within the first two operational years.' These two statements CONTRADICT each other because:","An environmental impact assessment states: 'The proposed quarrying operation will have zero adverse environmental impact on the watershed.' A separate technical annex authored by the same consulting firm concludes: 'The quarrying operation will remove approximately 40% of the watershed's riparian forest cover within the first two operational years.' These two statements CONTRADICT each other because:","STRIPPED_PASSAGE_PREFIX",true,2026-08-19T09:28:21.599Z
cmstkge3b00tb20u141y18uhn,prompt,"Passage: A budget analyst reviewed the following three statements about an agency's financial plan: Statement 1: 'The agency allocated PHP 50 million for infrastructure maintenance in FY 2024.' Statement 2: 'The agency allocated PHP 30 million for infrastructure maintenance in FY 2023.' Statement 3: 'Therefore, the agency increased infrastructure spending by PHP 20 million.' If Statement 3 directly contradicts a newly released audit report showing actual FY 2023 infrastructure spending was PHP 45 million, what is the CONTRADICTION?","A budget analyst reviewed the following three statements about an agency's financial plan: Statement 1: 'The agency allocated PHP 50 million for infrastructure maintenance in FY 2024.' Statement 2: 'The agency allocated PHP 30 million for infrastructure maintenance in FY 2023.' Statement 3: 'Therefore, the agency increased infrastructure spending by PHP 20 million.' If Statement 3 directly contradicts a newly released audit report showing actual FY 2023 infrastructure spending was PHP 45 million, what is the CONTRADICTION?","STRIPPED_PASSAGE_PREFIX",true,2026-08-19T09:28:21.718Z
cmstkge3b00ta20u1pnm3suqt,prompt,"Passage: A legislative bill states: 'The new legislation repeals all inconsistent provisions of Republic Act No. 7160.' Which PRESUPPOSITION is embedded in this clause?","A legislative bill states: 'The new legislation repeals all inconsistent provisions of Republic Act No. 7160.' Which PRESUPPOSITION is embedded in this clause?","STRIPPED_PASSAGE_PREFIX",true,2026-08-19T09:28:21.834Z
cmstkge3b00t820u1264b32bv,prompt,"Passage: A budget circular instructs: 'Departments that exhausted their MOOE allocations before the third quarter should request a supplemental budget.' Which PRESUPPOSITION is embedded in this instruction?","A budget circular instructs: 'Departments that exhausted their MOOE allocations before the third quarter should request a supplemental budget.' Which PRESUPPOSITION is embedded in this instruction?","STRIPPED_PASSAGE_PREFIX",true,2026-08-19T09:28:21.951Z
cmstkge3b00t720u1n4hes4ha,prompt,"Passage: A civil service examination notice states: 'Applicants who passed the April 2024 examination but failed to submit their certificates within the deadline must reapply.' Which two PRESUPPOSITIONS are embedded in this notice?","A civil service examination notice states: 'Applicants who passed the April 2024 examination but failed to submit their certificates within the deadline must reapply.' Which two PRESUPPOSITIONS are embedded in this notice?","STRIPPED_PASSAGE_PREFIX",true,2026-08-19T09:28:22.070Z
cmstkge3b00t620u1q8zudjq9,prompt,"Passage: A public announcement reads: 'Citizens who wish to renew their expired driver's licenses may visit any LTO branch.' Which PRESUPPOSITION is embedded in this announcement?","A public announcement reads: 'Citizens who wish to renew their expired driver's licenses may visit any LTO branch.' Which PRESUPPOSITION is embedded in this announcement?","STRIPPED_PASSAGE_PREFIX",true,2026-08-19T09:28:22.189Z
cmstkge3b00t420u1zztm9g4m,prompt,"Passage: A news headline reads: 'Government finally resolves three-year traffic gridlock in central business district.' Which PRESUPPOSITION is contained in the word 'finally'?","A news headline reads: 'Government finally resolves three-year traffic gridlock in central business district.' Which PRESUPPOSITION is contained in the word 'finally'?","STRIPPED_PASSAGE_PREFIX",true,2026-08-19T09:28:22.307Z
cmstkge3b00t320u1cmm20liz,prompt,"Passage: A procurement officer notified suppliers: 'The supplier who delivers the highest quality medical equipment at the lowest verified price will be awarded the contract.' Which of the following is a PRESUPPOSITION embedded in this notification?","A procurement officer notified suppliers: 'The supplier who delivers the highest quality medical equipment at the lowest verified price will be awarded the contract.' Which of the following is a PRESUPPOSITION embedded in this notification?","STRIPPED_PASSAGE_PREFIX",true,2026-08-19T09:28:22.420Z
cmstkge3b00t220u1vo5ekx8i,prompt,"Passage: During a Congressional budget hearing, a senator asked: 'When did the agency stop misusing public funds?' Which PRESUPPOSITION is embedded in the senator's question?","During a Congressional budget hearing, a senator asked: 'When did the agency stop misusing public funds?' Which PRESUPPOSITION is embedded in the senator's question?","STRIPPED_PASSAGE_PREFIX",true,2026-08-19T09:28:22.617Z
cmstkge3b00sx20u14ikah4u7,prompt,"Passage: In an agency performance appraisal, the evaluator wrote: 'Section Chief Bautista submitted all 25 division deliverables prior to the scheduled deadline, demonstrating that Bautista is the most dedicated employee in the entire department.' The first clause ('submitted all 25 division deliverables prior to the scheduled deadline') is a __________, while the second clause ('demonstrating that Bautista is the most dedicated employee in the entire department') is a __________?","In an agency performance appraisal, the evaluator wrote: 'Section Chief Bautista submitted all 25 division deliverables prior to the scheduled deadline, demonstrating that Bautista is the most dedicated employee in the entire department.' The first clause ('submitted all 25 division deliverables prior to the scheduled deadline') is a __________, while the second clause ('demonstrating that Bautista is the most dedicated employee in the entire department') is a __________?","STRIPPED_PASSAGE_PREFIX",true,2026-08-19T09:28:22.718Z
cmstkge3b00t020u1pia2oj3c,prompt,"Passage: A criminologist noted: (1) 'The city recorded 120 homicides in 2022 and 84 homicides in 2023.' (2) 'The 30% decline in homicides proves that the new municipal curfew caused violent criminals to abandon illegal activities.' How are these two statements related in critical reasoning?","A criminologist noted: (1) 'The city recorded 120 homicides in 2022 and 84 homicides in 2023.' (2) 'The 30% decline in homicides proves that the new municipal curfew caused violent criminals to abandon illegal activities.' How are these two statements related in critical reasoning?","STRIPPED_PASSAGE_PREFIX",true,2026-08-19T09:28:22.818Z
cmstkge3b00sz20u1lj65vmpk,prompt,"Passage: Which of the following statements is a VALID FACTUAL ASSERTION under Philippine administrative law?","Which of the following statements is a VALID FACTUAL ASSERTION under Philippine administrative law?","STRIPPED_PASSAGE_PREFIX",true,2026-08-19T09:28:22.918Z
cmstkge3b00st20u1b7c8jb8z,prompt,"Passage: Read the following excerpt from an administrative report: Statement A: 'Employee Dela Cruz was physically absent from the office on 14 working days during the month of October.' Statement B: 'Employee Dela Cruz must be experiencing severe personal family problems that prevent regular office attendance.' How are Statements A and B correctly classified?","Read the following excerpt from an administrative report: Statement A: 'Employee Dela Cruz was physically absent from the office on 14 working days during the month of October.' Statement B: 'Employee Dela Cruz must be experiencing severe personal family problems that prevent regular office attendance.' How are Statements A and B correctly classified?","STRIPPED_PASSAGE_PREFIX",true,2026-08-19T09:28:23.036Z
cmstkge3b00sv20u1spttasze,prompt,"Passage: Which of the following statements represents an INFERENCE rather than an empirical fact?","Which of the following statements represents an INFERENCE rather than an empirical fact?","STRIPPED_PASSAGE_PREFIX",true,2026-08-19T09:28:23.153Z
cmstkge3b00su20u1as145yfb,prompt,"Passage: Which of the following statements represents a pure FACT rather than an inference or value judgment?","Which of the following statements represents a pure FACT rather than an inference or value judgment?","STRIPPED_PASSAGE_PREFIX",true,2026-08-19T09:28:23.270Z
cmstkge3b00sr20u1o8it1aqr,prompt,"Passage: Consider the following statement from an environmental inspector: 'Laboratory water testing of Sample X recorded a pH level of 4.2 and a mercury concentration of 0.08 mg/L, which exceeds the national drinking water regulatory ceiling of 0.01 mg/L.' This statement is BEST classified as a(n):","Consider the following statement from an environmental inspector: 'Laboratory water testing of Sample X recorded a pH level of 4.2 and a mercury concentration of 0.08 mg/L, which exceeds the national drinking water regulatory ceiling of 0.01 mg/L.' This statement is BEST classified as a(n):","STRIPPED_PASSAGE_PREFIX",true,2026-08-19T09:28:23.371Z
cmstkge3b00so20u1ll3r0dwp,prompt,"Passage: An anti-corruption commission proposed requiring all public procurement officers to undergo mandatory quarterly polygraph (lie-detector) examinations, asserting that polygraph testing will definitively identify 100% of corrupt personnel. Which of the following, if true, points out the most decisive WEAKNESS in the commission's assertion?","An anti-corruption commission proposed requiring all public procurement officers to undergo mandatory quarterly polygraph (lie-detector) examinations, asserting that polygraph testing will definitively identify 100% of corrupt personnel. Which of the following, if true, points out the most decisive WEAKNESS in the commission's assertion?","STRIPPED_PASSAGE_PREFIX",true,2026-08-19T09:28:23.478Z
cmstkge3b00sp20u15gqniac7,prompt,"Passage: A regional agriculture department urged smallholder farming communities to convert 100% of their crop farmlands exclusively to export avocado orchards. The department argued that because avocados command premium prices in international markets, monoculture avocado farming guarantees permanent economic stability for all farming families. Which of the following, if true, reveals the most severe WEAKNESS in the department's recommendation?","A regional agriculture department urged smallholder farming communities to convert 100% of their crop farmlands exclusively to export avocado orchards. The department argued that because avocados command premium prices in international markets, monoculture avocado farming guarantees permanent economic stability for all farming families. Which of the following, if true, reveals the most severe WEAKNESS in the department's recommendation?","STRIPPED_PASSAGE_PREFIX",true,2026-08-19T09:28:23.603Z
cmstkge3b00sl20u16t7a0lt3,prompt,"Passage: To resolve chronic physician shortages in remote rural health units (RHUs), a department proposed doubling starting salaries for rural doctors. Proponents claimed that this salary increase alone will guarantee 100% physician retention in remote rural assignments. Which of the following, if true, reveals the most serious WEAKNESS in the proponents' claim?","To resolve chronic physician shortages in remote rural health units (RHUs), a department proposed doubling starting salaries for rural doctors. Proponents claimed that this salary increase alone will guarantee 100% physician retention in remote rural assignments. Which of the following, if true, reveals the most serious WEAKNESS in the proponents' claim?","STRIPPED_PASSAGE_PREFIX",true,2026-08-19T09:28:23.724Z
cmstkge3b00sm20u10wse2m0y,prompt,"Passage: A municipal council enacted an ordinance prohibiting informal street vendors from operating on public sidewalks, arguing that this ban will permanently eradicate urban poverty by forcing displaced vendors into formal salaried corporate employment. Which of the following, if true, exposes the most critical WEAKNESS in the council's reasoning?","A municipal council enacted an ordinance prohibiting informal street vendors from operating on public sidewalks, arguing that this ban will permanently eradicate urban poverty by forcing displaced vendors into formal salaried corporate employment. Which of the following, if true, exposes the most critical WEAKNESS in the council's reasoning?","STRIPPED_PASSAGE_PREFIX",true,2026-08-19T09:28:23.844Z
cmstkge3b00sn20u1ryrczgga,prompt,"Passage: A public transport consortium proposed replacing all 60-passenger city buses with 10-passenger electric vans, arguing that smaller vans travel faster in traffic and will therefore eliminate overall urban road congestion. Which of the following, if true, reveals the fatal WEAKNESS in the consortium's proposal?","A public transport consortium proposed replacing all 60-passenger city buses with 10-passenger electric vans, arguing that smaller vans travel faster in traffic and will therefore eliminate overall urban road congestion. Which of the following, if true, reveals the fatal WEAKNESS in the consortium's proposal?","STRIPPED_PASSAGE_PREFIX",true,2026-08-19T09:28:23.965Z
cmstkge3b00sg20u141elhr79,prompt,"Passage: A city mayor proposed installing automated red-light enforcement cameras at all major intersections to generate municipal revenue from traffic violation fines. The mayor claimed: 'Because automated cameras operate 24/7 and never accept bribes, implementing this camera network will double municipal traffic fine revenues within six months.' Which of the following, if true, exposes the most serious WEAKNESS in the mayor's revenue projection?","A city mayor proposed installing automated red-light enforcement cameras at all major intersections to generate municipal revenue from traffic violation fines. The mayor claimed: 'Because automated cameras operate 24/7 and never accept bribes, implementing this camera network will double municipal traffic fine revenues within six months.' Which of the following, if true, exposes the most serious WEAKNESS in the mayor's revenue projection?","STRIPPED_PASSAGE_PREFIX",true,2026-08-19T09:28:24.084Z
cmstkge3b00sf20u1l3ci839q,prompt,"Passage: Statement: Should government regulatory agencies deploy automated AI algorithms to approve routine business permits without human officer intervention? Argument I: Yes, because automated algorithmic processing eliminates human bureaucratic delays, operates 24/7, and prevents personal extortion and bribery solicitations. Argument II: No, because algorithms lacking human investigative discretion may approve fraudulent synthetic identities or fail to detect complex regulatory circumventions that require human scrutiny. Which of the arguments is/are STRONG?","Statement: Should government regulatory agencies deploy automated AI algorithms to approve routine business permits without human officer intervention? Argument I: Yes, because automated algorithmic processing eliminates human bureaucratic delays, operates 24/7, and prevents personal extortion and bribery solicitations. Argument II: No, because algorithms lacking human investigative discretion may approve fraudulent synthetic identities or fail to detect complex regulatory circumventions that require human scrutiny. Which of the arguments is/are STRONG?","STRIPPED_PASSAGE_PREFIX",true,2026-08-19T09:28:24.190Z
cmstkge3b00sd20u1c7sgwpks,prompt,"Passage: Statement: Should law enforcement agencies require all uniformed patrol officers to wear active body cameras during public operations? Argument I: Yes, because continuous objective video recording enhances officer accountability, deters civil rights abuses, and provides incontrovertible visual evidence to protect officers against false misconduct complaints. Argument II: No, because body cameras require officers to clip a small plastic device onto their front uniform shirt pocket. Which of the arguments is/are STRONG?","Statement: Should law enforcement agencies require all uniformed patrol officers to wear active body cameras during public operations? Argument I: Yes, because continuous objective video recording enhances officer accountability, deters civil rights abuses, and provides incontrovertible visual evidence to protect officers against false misconduct complaints. Argument II: No, because body cameras require officers to clip a small plastic device onto their front uniform shirt pocket. Which of the arguments is/are STRONG?","STRIPPED_PASSAGE_PREFIX",true,2026-08-19T09:28:24.304Z
cmstkge3b00sb20u1vqg7vi94,prompt,"Passage: Statement: Should the Department of Education adopt Mother Tongue-Based Multilingual Education (MTB-MLE) in early primary grades (Kindergarten to Grade 3)? Argument I: Yes, because cognitive linguistic research demonstrates that young children establish foundational literacy, numeracy, and critical thinking concepts faster and more deeply when instructed in their native first language. Argument II: No, because English is the dominant global language of international commerce and early mother-tongue immersion might delay full English technical fluency if curriculum bridging is poorly executed. Which of the arguments is/are STRONG?","Statement: Should the Department of Education adopt Mother Tongue-Based Multilingual Education (MTB-MLE) in early primary grades (Kindergarten to Grade 3)? Argument I: Yes, because cognitive linguistic research demonstrates that young children establish foundational literacy, numeracy, and critical thinking concepts faster and more deeply when instructed in their native first language. Argument II: No, because English is the dominant global language of international commerce and early mother-tongue immersion might delay full English technical fluency if curriculum bridging is poorly executed. Which of the arguments is/are STRONG?","STRIPPED_PASSAGE_PREFIX",true,2026-08-19T09:28:24.422Z
cmstkge3b00s920u115u2wshn,prompt,"Passage: Statement: Should the Department of Health implement mandatory digital health records across all public and private tertiary hospitals nationwide? Argument I: Yes, because interoperable digital health records allow emergency room physicians instant access to vital patient medical histories, drug allergies, and past interventions, directly reducing preventable medication errors. Argument II: No, because converting paper records requires hospital administrative clerks to learn how to operate digital database software. Which of the arguments is/are STRONG?","Statement: Should the Department of Health implement mandatory digital health records across all public and private tertiary hospitals nationwide? Argument I: Yes, because interoperable digital health records allow emergency room physicians instant access to vital patient medical histories, drug allergies, and past interventions, directly reducing preventable medication errors. Argument II: No, because converting paper records requires hospital administrative clerks to learn how to operate digital database software. Which of the arguments is/are STRONG?","STRIPPED_PASSAGE_PREFIX",true,2026-08-19T09:28:24.538Z
cmstkge3b00s720u11zgdkktk,prompt,"Passage: Statement: Should local government units mandate the installation of rooftop solar photovoltaic panels on all newly constructed commercial buildings? Argument I: Yes, because distributed rooftop solar generation reduces electrical demand on the regional utility grid during peak daytime hours and lowers urban carbon emissions over the building's operational lifecycle. Argument II: No, because some private building contractors dislike the aesthetic visual appearance of dark glass solar panels on modern building rooftops. Which of the arguments is/are STRONG?","Statement: Should local government units mandate the installation of rooftop solar photovoltaic panels on all newly constructed commercial buildings? Argument I: Yes, because distributed rooftop solar generation reduces electrical demand on the regional utility grid during peak daytime hours and lowers urban carbon emissions over the building's operational lifecycle. Argument II: No, because some private building contractors dislike the aesthetic visual appearance of dark glass solar panels on modern building rooftops. Which of the arguments is/are STRONG?","STRIPPED_PASSAGE_PREFIX",true,2026-08-19T09:28:24.658Z
cmstkge3b00s520u1o9vusys2,prompt,"Passage: A market research agency surveyed 1,000 citizens in Metro Manila regarding their daily commuting habits and concluded that 95% of all Filipino commuters nationwide travel to work by electric light rail transit (LRT/MRT). Which of the following points out the FATAL EVIDENTIARY FLAW in the agency's conclusion?","A market research agency surveyed 1,000 citizens in Metro Manila regarding their daily commuting habits and concluded that 95% of all Filipino commuters nationwide travel to work by electric light rail transit (LRT/MRT). Which of the following points out the FATAL EVIDENTIARY FLAW in the agency's conclusion?","STRIPPED_PASSAGE_PREFIX",true,2026-08-19T09:28:24.759Z
cmstkge3b00s320u14rguauf1,prompt,"Passage: A regional agricultural office claimed that a new chemical pesticide increased harvest yields by 30% across experimental farm clusters. However, an agronomist review revealed that the experimental cluster received free automated irrigation pumps, certified hybrid seeds, and subsidized fertilizers, while the control group received none of these inputs. What evidentiary weakness does this review expose?","A regional agricultural office claimed that a new chemical pesticide increased harvest yields by 30% across experimental farm clusters. However, an agronomist review revealed that the experimental cluster received free automated irrigation pumps, certified hybrid seeds, and subsidized fertilizers, while the control group received none of these inputs. What evidentiary weakness does this review expose?","STRIPPED_PASSAGE_PREFIX",true,2026-08-19T09:28:24.861Z
cmstkge3a00ry20u1b1nullp8,prompt,"Passage: In an administrative disciplinary hearing against a customs examiner accused of extortion, the prosecution presented two items of evidence: Item X: A high-definition, time-stamped CCTV recording showing the examiner physically receiving an envelope containing marked money from an importer during an entrapment operation. Item Y: A coworker's written affidavit stating that 'examiners in our division generally have a reputation for taking envelopes.' How should the hearing officer evaluate the comparative weight of Item X versus Item Y?","In an administrative disciplinary hearing against a customs examiner accused of extortion, the prosecution presented two items of evidence: Item X: A high-definition, time-stamped CCTV recording showing the examiner physically receiving an envelope containing marked money from an importer during an entrapment operation. Item Y: A coworker's written affidavit stating that 'examiners in our division generally have a reputation for taking envelopes.' How should the hearing officer evaluate the comparative weight of Item X versus Item Y?","STRIPPED_PASSAGE_PREFIX",true,2026-08-19T09:28:24.985Z
cmstkge3a00ru20u145vneu3b,prompt,"Passage: An environmental regulation specifies: A manufacturing plant is subject to an immediate cease-and-desist closure order IF its smokestack sulfur dioxide emissions exceed 500 p± OR its industrial wastewater Chemical Oxygen Demand (COD) exceeds 200 mg/L. Plant Z was NOT issued a cease-and-desist closure order under this regulation. Assuming the regulation was strictly enforced, what can be CONDITIONALLY concluded?","An environmental regulation specifies: A manufacturing plant is subject to an immediate cease-and-desist closure order IF its smokestack sulfur dioxide emissions exceed 500 p± OR its industrial wastewater Chemical Oxygen Demand (COD) exceeds 200 mg/L. Plant Z was NOT issued a cease-and-desist closure order under this regulation. Assuming the regulation was strictly enforced, what can be CONDITIONALLY concluded?","STRIPPED_PASSAGE_PREFIX",true,2026-08-19T09:28:25.104Z
cmstkge3a00rt20u1cdv8y7eq,prompt,"Passage: A cybersecurity protocol specifies: If an agency server experiences an unauthorized data breach, the Data Protection Officer (DPO) must notify the National Privacy Commission (NPC) within 72 hours. If the NPC is notified within 72 hours, an independent technical forensic audit is initiated. Assuming full compliance with the protocol, which conditional statement is TRUE?","A cybersecurity protocol specifies: If an agency server experiences an unauthorized data breach, the Data Protection Officer (DPO) must notify the National Privacy Commission (NPC) within 72 hours. If the NPC is notified within 72 hours, an independent technical forensic audit is initiated. Assuming full compliance with the protocol, which conditional statement is TRUE?","STRIPPED_PASSAGE_PREFIX",true,2026-08-19T09:28:25.206Z
cmstkge3c00uf20u1c2w9z8t0,prompt,"Passage: A regional zoning board reviewed an application to construct a residential subdivision in an area classified as 'agricultural buffer zone.' The zoning code specifies: Provision 1: Agricultural buffer zones prohibit residential, commercial, and industrial development. Provision 2: Conversion of agricultural buffer zones to residential use requires a national-level clearance from the Department of Agrarian Reform. Provision 3: Applications for reclassification must include an Environmental Impact Statement certified by the DENR. Provision 4: No conversion shall be approved that would reduce the total agricultural land area in the province below the nationally mandated minimum threshold. Which of the following CANNOT BE TRUE if the application is approved as filed?","A regional zoning board reviewed an application to construct a residential subdivision in an area classified as 'agricultural buffer zone.' The zoning code specifies: Provision 1: Agricultural buffer zones prohibit residential, commercial, and industrial development. Provision 2: Conversion of agricultural buffer zones to residential use requires a national-level clearance from the Department of Agrarian Reform. Provision 3: Applications for reclassification must include an Environmental Impact Statement certified by the DENR. Provision 4: No conversion shall be approved that would reduce the total agricultural land area in the province below the nationally mandated minimum threshold. Which of the following CANNOT BE TRUE if the application is approved as filed?","STRIPPED_PASSAGE_PREFIX",true,2026-08-19T09:28:25.325Z
cmstkge3c00ug20u18zbh6m1m,prompt,"Passage: An agency adopted a performance-based bonus policy with the following provisions: Policy A: All employees rated 'Outstanding' receive a performance bonus equivalent to two months' basic salary. Policy B: Employees rated 'Very Satisfactory' receive a bonus equivalent to one month's basic salary. Policy C: Employees rated 'Satisfactory' or below receive no performance bonus. Policy D: No employee may receive a performance bonus greater than two months' basic salary under any circumstance. Which of the following CANNOT BE TRUE under this policy?","An agency adopted a performance-based bonus policy with the following provisions: Policy A: All employees rated 'Outstanding' receive a performance bonus equivalent to two months' basic salary. Policy B: Employees rated 'Very Satisfactory' receive a bonus equivalent to one month's basic salary. Policy C: Employees rated 'Satisfactory' or below receive no performance bonus. Policy D: No employee may receive a performance bonus greater than two months' basic salary under any circumstance. Which of the following CANNOT BE TRUE under this policy?","STRIPPED_PASSAGE_PREFIX",true,2026-08-19T09:28:25.441Z
cmstkge3c00ua20u1qws8v6fa,prompt,"Passage: A budget execution report for a government agency's fourth quarter contains: Item 1: Total agency budget for the fiscal year was PHP 480 million. Item 2: As of Q3, 68% of the total budget had been obligated. Item 3: In Q4, the agency obligated an additional PHP 76.8 million. Item 4: Unobligated balances at year-end are subject to reversion to the National Treasury unless covered by a Special Allotment Release Order. Based ONLY on these four items, which of the following COULD BE TRUE?","A budget execution report for a government agency's fourth quarter contains: Item 1: Total agency budget for the fiscal year was PHP 480 million. Item 2: As of Q3, 68% of the total budget had been obligated. Item 3: In Q4, the agency obligated an additional PHP 76.8 million. Item 4: Unobligated balances at year-end are subject to reversion to the National Treasury unless covered by a Special Allotment Release Order. Based ONLY on these four items, which of the following COULD BE TRUE?","STRIPPED_PASSAGE_PREFIX",true,2026-08-19T09:28:25.551Z
cmstkge3c00uc20u130003lp6,prompt,"Passage: A public utility's electricity distribution network covers five municipalities: Halcyon, Ilaya, Jacinto, Kambal, and Laguerta. The utility's operational report states: Fact 1: Halcyon and Ilaya have reliable 24-hour electricity supply. Fact 2: Jacinto experienced at least one power interruption per week throughout the review period. Fact 3: Kambal and Laguerta are scheduled for grid rehabilitation starting next quarter. Fact 4: Municipalities under grid rehabilitation receive only 12-hour daily electricity supply during the rehabilitation period. Based ONLY on these four facts, which of the following COULD BE TRUE?","A public utility's electricity distribution network covers five municipalities: Halcyon, Ilaya, Jacinto, Kambal, and Laguerta. The utility's operational report states: Fact 1: Halcyon and Ilaya have reliable 24-hour electricity supply. Fact 2: Jacinto experienced at least one power interruption per week throughout the review period. Fact 3: Kambal and Laguerta are scheduled for grid rehabilitation starting next quarter. Fact 4: Municipalities under grid rehabilitation receive only 12-hour daily electricity supply during the rehabilitation period. Based ONLY on these four facts, which of the following COULD BE TRUE?","STRIPPED_PASSAGE_PREFIX",true,2026-08-19T09:28:25.677Z
cmstkge3c00ub20u1m7lavqx1,prompt,"Passage: A national social welfare agency is analyzing data from its conditional cash transfer beneficiary database: Statistic A: 74% of registered beneficiaries are female-headed households. Statistic B: The average monthly benefit per household is PHP 1,450. Statistic C: 12% of current beneficiaries have been enrolled for more than 10 years. Statistic D: The program covers beneficiaries in all 17 administrative regions of the Philippines. Based ONLY on these four statistics, which of the following COULD BE TRUE?","A national social welfare agency is analyzing data from its conditional cash transfer beneficiary database: Statistic A: 74% of registered beneficiaries are female-headed households. Statistic B: The average monthly benefit per household is PHP 1,450. Statistic C: 12% of current beneficiaries have been enrolled for more than 10 years. Statistic D: The program covers beneficiaries in all 17 administrative regions of the Philippines. Based ONLY on these four statistics, which of the following COULD BE TRUE?","STRIPPED_PASSAGE_PREFIX",true,2026-08-19T09:28:25.798Z
cmstkge3c00u720u1ngbxytvg,prompt,"Passage: A regional science research council reviewed grant applications with the following policies: Policy 1: All approved research grants must have at least one principal investigator who holds a doctoral °. Policy 2: Research grants categorized as 'basic research' receive funding of up to PHP 2 million per year. Policy 3: Applied research grants may receive up to PHP 5 million per year. Policy 4: Research teams with fewer than 3 members are ineligible for applied research grants. Which of the following COULD BE TRUE under these four policies?","A regional science research council reviewed grant applications with the following policies: Policy 1: All approved research grants must have at least one principal investigator who holds a doctoral °. Policy 2: Research grants categorized as 'basic research' receive funding of up to PHP 2 million per year. Policy 3: Applied research grants may receive up to PHP 5 million per year. Policy 4: Research teams with fewer than 3 members are ineligible for applied research grants. Which of the following COULD BE TRUE under these four policies?","STRIPPED_PASSAGE_PREFIX",true,2026-08-19T09:28:25.908Z
cmstkge3c00u620u1s64fbjcj,prompt,"Passage: A disaster risk reduction committee presented the following findings after a typhoon assessment: Finding 1: Barangay Mabuhay sustained total damage to 312 houses, of which 198 were declared completely destroyed. Finding 2: All 198 completely destroyed houses were located in the coastal zone. Finding 3: Barangay Mabuhay has a total of 580 registered households. Finding 4: Emergency relief goods were distributed to all affected households. Based ONLY on these four findings, which of the following COULD BE TRUE?","A disaster risk reduction committee presented the following findings after a typhoon assessment: Finding 1: Barangay Mabuhay sustained total damage to 312 houses, of which 198 were declared completely destroyed. Finding 2: All 198 completely destroyed houses were located in the coastal zone. Finding 3: Barangay Mabuhay has a total of 580 registered households. Finding 4: Emergency relief goods were distributed to all affected households. Based ONLY on these four findings, which of the following COULD BE TRUE?","STRIPPED_PASSAGE_PREFIX",true,2026-08-19T09:28:26.045Z
cmstkge3c00u420u1g1nrt5pp,prompt,"Passage: A national health agency's tuberculosis monitoring report states: Report Finding A: The TB case detection rate in the Philippines in 2023 was 89%, meaning 89% of estimated TB cases were successfully identified. Report Finding B: The TB treatment success rate among detected and enrolled cases was 92%. Report Finding C: TB remains in the top 10 causes of mortality in the Philippines. Report Finding D: A new rapid diagnostic test was pilot-tested in 3 provinces, reducing diagnosis time from 2 weeks to 48 hours. Based ONLY on these four findings, which of the following MUST BE TRUE?","A national health agency's tuberculosis monitoring report states: Report Finding A: The TB case detection rate in the Philippines in 2023 was 89%, meaning 89% of estimated TB cases were successfully identified. Report Finding B: The TB treatment success rate among detected and enrolled cases was 92%. Report Finding C: TB remains in the top 10 causes of mortality in the Philippines. Report Finding D: A new rapid diagnostic test was pilot-tested in 3 provinces, reducing diagnosis time from 2 weeks to 48 hours. Based ONLY on these four findings, which of the following MUST BE TRUE?","STRIPPED_PASSAGE_PREFIX",true,2026-08-19T09:28:26.160Z
cmstkge3c00u320u1ig77f34y,prompt,"Passage: During a barangay development planning session, the barangay captain presented the following verified statistics: Stat 1: The barangay's total registered voters numbered 3,842 as of the last election. Stat 2: Voter turnout in the last election was 74%. Stat 3: The barangay captain won by receiving 58% of all votes cast. Stat 4: The barangay has an active Youth Development Council with 312 registered youth members. Based ONLY on these four statistics, which of the following MUST BE TRUE?","During a barangay development planning session, the barangay captain presented the following verified statistics: Stat 1: The barangay's total registered voters numbered 3,842 as of the last election. Stat 2: Voter turnout in the last election was 74%. Stat 3: The barangay captain won by receiving 58% of all votes cast. Stat 4: The barangay has an active Youth Development Council with 312 registered youth members. Based ONLY on these four statistics, which of the following MUST BE TRUE?","STRIPPED_PASSAGE_PREFIX",true,2026-08-19T09:28:26.268Z
cmstkge3c00ue20u1olwfez2x,prompt,"Passage: A government employee training registry records the following about a 5-day leadership seminar: Record 1: Eighty-three participants completed all 5 days of the seminar. Record 2: Fourteen participants attended at least 3 but fewer than 5 days. Record 3: Eight participants attended fewer than 3 days and received no certificate. Record 4: Certificates of completion were issued to participants who attended all 5 days. Based ONLY on these four records, which of the following COULD BE TRUE?","A government employee training registry records the following about a 5-day leadership seminar: Record 1: Eighty-three participants completed all 5 days of the seminar. Record 2: Fourteen participants attended at least 3 but fewer than 5 days. Record 3: Eight participants attended fewer than 3 days and received no certificate. Record 4: Certificates of completion were issued to participants who attended all 5 days. Based ONLY on these four records, which of the following COULD BE TRUE?","STRIPPED_PASSAGE_PREFIX",true,2026-08-19T09:28:26.371Z
cmstkge3c00u220u1p6etptqo,prompt,"Passage: A legislative committee on judicial reform received the following documented facts during a public consultation: Fact I: The average resolution time for civil cases in first-level courts is 4.3 years from filing to decision. Fact II: The Supreme Court's most recent statistical report identifies case backlogs as the primary driver of delayed resolution. Fact III: The Philippines' case clearance rate (cases resolved vs. cases filed) for 2023 was 87%. Fact IV: A proposed bill seeks to add 150 new judgeships to address judicial manpower shortages. Based ONLY on these four facts, which of the following MUST BE TRUE?","A legislative committee on judicial reform received the following documented facts during a public consultation: Fact I: The average resolution time for civil cases in first-level courts is 4.3 years from filing to decision. Fact II: The Supreme Court's most recent statistical report identifies case backlogs as the primary driver of delayed resolution. Fact III: The Philippines' case clearance rate (cases resolved vs. cases filed) for 2023 was 87%. Fact IV: A proposed bill seeks to add 150 new judgeships to address judicial manpower shortages. Based ONLY on these four facts, which of the following MUST BE TRUE?","STRIPPED_PASSAGE_PREFIX",true,2026-08-19T09:28:26.474Z
cmstkge3c00u020u1817baxw0,prompt,"Passage: A civil service eligibility certification document states the following: Po∫ 1: The examinee passed the Career Service Professional Examination conducted on April 20, 2024. Po∫ 2: The eligibility confers upon the holder the right to be appointed to first and second level positions in the civil service covered by the Career Service. Po∫ 3: The eligibility is valid until the holder violates a condition that results in its cancellation. Po∫ 4: Posting of the certification in a public database is subject to the Data Privacy Act. Based ONLY on these four points, which of the following MUST BE TRUE?","A civil service eligibility certification document states the following: Po∫ 1: The examinee passed the Career Service Professional Examination conducted on April 20, 2024. Po∫ 2: The eligibility confers upon the holder the right to be appointed to first and second level positions in the civil service covered by the Career Service. Po∫ 3: The eligibility is valid until the holder violates a condition that results in its cancellation. Po∫ 4: Posting of the certification in a public database is subject to the Data Privacy Act. Based ONLY on these four points, which of the following MUST BE TRUE?","STRIPPED_PASSAGE_PREFIX",true,2026-08-19T09:28:26.607Z
cmstkgeas00wi20u16gn369cq,prompt,"Passage: Annual rice import volumes (metric tons) for a country over eight years are as follows: Year 1=420,000; Year 2=387,000; Year 3=351,000; Year 4=298,000; Year 5=312,000; Year 6=341,000; Year 7=378,000; Year 8=421,000. Based on the trend, which of the following is MOST LIKELY TRUE if the trend from Year 5 to Year 8 continues at the same AVERAGE ANNUAL GROWTH RATE through Year 10?","Annual rice import volumes (metric tons) for a country over eight years are as follows: Year 1=420,000; Year 2=387,000; Year 3=351,000; Year 4=298,000; Year 5=312,000; Year 6=341,000; Year 7=378,000; Year 8=421,000. Based on the trend, which of the following is MOST LIKELY TRUE if the trend from Year 5 to Year 8 continues at the same AVERAGE ANNUAL GROWTH RATE through Year 10?","STRIPPED_PASSAGE_PREFIX",true,2026-08-19T09:28:26.711Z
cmstkgeas00wa20u1uah5uq3l,prompt,"Passage: A comparative analysis presents disaster-related statistics for four coastal cities before and after implementing an early warning system. City North: Pre-system deaths=84, Post-system deaths=21; Pre-evacuations=1,240, Post-evacuations=4,870. City South: Pre-system deaths=127, Post-system deaths=38; Pre-evacuations=2,180, Post-evacuations=6,340. City East: Pre-system deaths=56, Post-system deaths=14; Pre-evacuations=890, Post-evacuations=3,120. City West: Pre-system deaths=98, Post-system deaths=31; Pre-evacuations=1,560, Post-evacuations=5,240. Based on the data comparison, which city showed the GREATEST PERCENTAGE REDUCTION in disaster-related deaths after implementing the early warning system?","A comparative analysis presents disaster-related statistics for four coastal cities before and after implementing an early warning system. City North: Pre-system deaths=84, Post-system deaths=21; Pre-evacuations=1,240, Post-evacuations=4,870. City South: Pre-system deaths=127, Post-system deaths=38; Pre-evacuations=2,180, Post-evacuations=6,340. City East: Pre-system deaths=56, Post-system deaths=14; Pre-evacuations=890, Post-evacuations=3,120. City West: Pre-system deaths=98, Post-system deaths=31; Pre-evacuations=1,560, Post-evacuations=5,240. Based on the data comparison, which city showed the GREATEST PERCENTAGE REDUCTION in disaster-related deaths after implementing the early warning system?","STRIPPED_PASSAGE_PREFIX",true,2026-08-19T09:28:26.840Z
cmstkgeas00wc20u1qlm3iefi,prompt,"Passage: The following comparative data presents the land area planted and yield harvested for three major crops in a province. Rice: Area Planted=48,200 ha, Yield=247,300 MT. Corn: Area Planted=31,600 ha, Yield=98,400 MT. Vegetables: Area Planted=12,800 ha, Yield=84,700 MT. Based on the data comparison, which crop had the HIGHEST YIELD PER HECTARE, and by how much did it exceed the yield per hectare of the crop with the LOWEST YIELD PER HECTARE?","The following comparative data presents the land area planted and yield harvested for three major crops in a province. Rice: Area Planted=48,200 ha, Yield=247,300 MT. Corn: Area Planted=31,600 ha, Yield=98,400 MT. Vegetables: Area Planted=12,800 ha, Yield=84,700 MT. Based on the data comparison, which crop had the HIGHEST YIELD PER HECTARE, and by how much did it exceed the yield per hectare of the crop with the LOWEST YIELD PER HECTARE?","STRIPPED_PASSAGE_PREFIX",true,2026-08-19T09:28:26.943Z
cmstkgeas00wb20u1mxsowwns,prompt,"Passage: A comparative performance dashboard shows annual output metrics for five regional offices. Office 1: Resolved Cases=1,847, Pending Cases=423, Satisfaction=88%, Staff Count=34. Office 2: Resolved Cases=2,341, Pending Cases=187, Satisfaction=91%, Staff Count=41. Office 3: Resolved Cases=1,562, Pending Cases=678, Satisfaction=82%, Staff Count=28. Office 4: Resolved Cases=3,012, Pending Cases=234, Satisfaction=94%, Staff Count=52. Office 5: Resolved Cases=2,187, Pending Cases=312, Satisfaction=89%, Staff Count=38. Based on this comparative data, which office had the HIGHEST CASE RESOLUTION RATE PER STAFF MEMBER?","A comparative performance dashboard shows annual output metrics for five regional offices. Office 1: Resolved Cases=1,847, Pending Cases=423, Satisfaction=88%, Staff Count=34. Office 2: Resolved Cases=2,341, Pending Cases=187, Satisfaction=91%, Staff Count=41. Office 3: Resolved Cases=1,562, Pending Cases=678, Satisfaction=82%, Staff Count=28. Office 4: Resolved Cases=3,012, Pending Cases=234, Satisfaction=94%, Staff Count=52. Office 5: Resolved Cases=2,187, Pending Cases=312, Satisfaction=89%, Staff Count=38. Based on this comparative data, which office had the HIGHEST CASE RESOLUTION RATE PER STAFF MEMBER?","STRIPPED_PASSAGE_PREFIX",true,2026-08-19T09:28:27.050Z
cmstkgeas00w620u1ou3xmort,prompt,"Passage: The following data compares the performance of four government hospitals on key metrics for FY 2023: | Hospital | Bed Occupancy Rate | Average Length of Stay (days) | Patient Satisfaction Score (/10) | Cost per Patient (PHP) | |---|---|---|---|---| | Hospital A | 84% | 4.2 | 7.8 | 12,400 | | Hospital B | 91% | 5.8 | 8.4 | 18,700 | | Hospital C | 76% | 3.6 | 8.9 | 9,800 | | Hospital D | 88% | 4.9 | 7.1 | 14,600 | Assuming the government's performance targets are: Bed Occupancy ≥ 85%, Average Stay ≤ 4.5 days, Satisfaction ≥ 8.0, Cost per patient ≤ PHP 15,000, which hospital meets THE MOST performance targets?","The following data compares the performance of four government hospitals on key metrics for FY 2023: | Hospital | Bed Occupancy Rate | Average Length of Stay (days) | Patient Satisfaction Score (/10) | Cost per Patient (PHP) | |---|---|---|---|---| | Hospital A | 84% | 4.2 | 7.8 | 12,400 | | Hospital B | 91% | 5.8 | 8.4 | 18,700 | | Hospital C | 76% | 3.6 | 8.9 | 9,800 | | Hospital D | 88% | 4.9 | 7.1 | 14,600 | Assuming the government's performance targets are: Bed Occupancy ≥ 85%, Average Stay ≤ 4.5 days, Satisfaction ≥ 8.0, Cost per patient ≤ PHP 15,000, which hospital meets THE MOST performance targets?","STRIPPED_PASSAGE_PREFIX",true,2026-08-19T09:28:27.174Z
cmstkgeas00w820u1qg6gdmcn,prompt,"Passage: The following data compares international remittances received by five provinces (in PHP billions) for three years. Province Alpha: Y1=4.2, Y2=4.8, Y3=5.6. Province Beta: Y1=7.1, Y2=6.9, Y3=7.4. Province Gamma: Y1=3.8, Y2=4.5, Y3=4.9. Province Δ: Y1=9.2, Y2=8.7, Y3=9.8. Province Epsilon: Y1=2.4, Y2=2.9, Y3=3.7. Based on the data comparison, which province showed the MOST CONSISTENT UPWARD TREND (positive growth in every year), and what was its total three-year remittance Σ?","The following data compares international remittances received by five provinces (in PHP billions) for three years. Province Alpha: Y1=4.2, Y2=4.8, Y3=5.6. Province Beta: Y1=7.1, Y2=6.9, Y3=7.4. Province Gamma: Y1=3.8, Y2=4.5, Y3=4.9. Province Δ: Y1=9.2, Y2=8.7, Y3=9.8. Province Epsilon: Y1=2.4, Y2=2.9, Y3=3.7. Based on the data comparison, which province showed the MOST CONSISTENT UPWARD TREND (positive growth in every year), and what was its total three-year remittance Σ?","STRIPPED_PASSAGE_PREFIX",true,2026-08-19T09:28:27.297Z
cmstkgeas00w720u11hckkeuu,prompt,"Passage: A report compares the environmental compliance status of six industrial facilities for FY 2023. Data: Facility 1: Air Quality Index=Good, Wastewater Discharge=Compliant, Solid Waste=Non-Compliant, Noise Level=Compliant. Facility 2: Air Quality=Fair, Wastewater=Compliant, Solid Waste=Compliant, Noise=Non-Compliant. Facility 3: Air Quality=Good, Wastewater=Non-Compliant, Solid Waste=Compliant, Noise=Compliant. Facility 4: Air Quality=Poor, Wastewater=Non-Compliant, Solid Waste=Non-Compliant, Noise=Non-Compliant. Facility 5: Air Quality=Good, Wastewater=Compliant, Solid Waste=Compliant, Noise=Compliant. Facility 6: Air Quality=Fair, Wastewater=Non-Compliant, Solid Waste=Compliant, Noise=Compliant. Regulatory standards require ALL four categories to show Compliant or Good/Fair status for an overall 'Compliant' rating. Air Quality of 'Poor' counts as Non-Compliant. Which facilities are OVERALL COMPLIANT?","A report compares the environmental compliance status of six industrial facilities for FY 2023. Data: Facility 1: Air Quality Index=Good, Wastewater Discharge=Compliant, Solid Waste=Non-Compliant, Noise Level=Compliant. Facility 2: Air Quality=Fair, Wastewater=Compliant, Solid Waste=Compliant, Noise=Non-Compliant. Facility 3: Air Quality=Good, Wastewater=Non-Compliant, Solid Waste=Compliant, Noise=Compliant. Facility 4: Air Quality=Poor, Wastewater=Non-Compliant, Solid Waste=Non-Compliant, Noise=Non-Compliant. Facility 5: Air Quality=Good, Wastewater=Compliant, Solid Waste=Compliant, Noise=Compliant. Facility 6: Air Quality=Fair, Wastewater=Non-Compliant, Solid Waste=Compliant, Noise=Compliant. Regulatory standards require ALL four categories to show Compliant or Good/Fair status for an overall 'Compliant' rating. Air Quality of 'Poor' counts as Non-Compliant. Which facilities are OVERALL COMPLIANT?","STRIPPED_PASSAGE_PREFIX",true,2026-08-19T09:28:27.419Z
cmstkgeas00w220u1x3hsiwdt,prompt,"Passage: A pie chart shows the composition of a national government agency's total staffing complement of 3,240 employees by employment category. Category shares: Permanent=62%, Casual=18%, Contractual=12%, Job Order=6%, Seconded=2%. Based on the pie chart, if all 'Job Order' employees are converted to 'Casual' status (with no change in total headcount), what will be the NEW percentage share of Casual employees?","A pie chart shows the composition of a national government agency's total staffing complement of 3,240 employees by employment category. Category shares: Permanent=62%, Casual=18%, Contractual=12%, Job Order=6%, Seconded=2%. Based on the pie chart, if all 'Job Order' employees are converted to 'Casual' status (with no change in total headcount), what will be the NEW percentage share of Casual employees?","STRIPPED_PASSAGE_PREFIX",true,2026-08-19T09:28:27.537Z
cmstkgeas00w420u1jm2u00ja,prompt,"Passage: A government monitoring report compares the number of public service centers in five municipalities across three service delivery categories. Municipality Uno: Health Centers=8, Social Welfare Offices=5, Livelihood Centers=3. Municipality Dos: Health Centers=12, Social Welfare Offices=4, Livelihood Centers=7. Municipality Tres: Health Centers=6, Social Welfare Offices=9, Livelihood Centers=4. Municipality Kuwatro: Health Centers=10, Social Welfare Offices=6, Livelihood Centers=5. Municipality Singko: Health Centers=5, Social Welfare Offices=3, Livelihood Centers=2. Based on this data comparison, which municipality has the MOST BALANCED distribution of service centers across the three categories (smallest variance among category counts)?","A government monitoring report compares the number of public service centers in five municipalities across three service delivery categories. Municipality Uno: Health Centers=8, Social Welfare Offices=5, Livelihood Centers=3. Municipality Dos: Health Centers=12, Social Welfare Offices=4, Livelihood Centers=7. Municipality Tres: Health Centers=6, Social Welfare Offices=9, Livelihood Centers=4. Municipality Kuwatro: Health Centers=10, Social Welfare Offices=6, Livelihood Centers=5. Municipality Singko: Health Centers=5, Social Welfare Offices=3, Livelihood Centers=2. Based on this data comparison, which municipality has the MOST BALANCED distribution of service centers across the three categories (smallest variance among category counts)?","STRIPPED_PASSAGE_PREFIX",true,2026-08-19T09:28:27.659Z
cmstkgeas00w320u14n62osif,prompt,"Passage: The following data compares literacy rates across five provinces for 2015 and 2023: Province Alab: 2015=87.4%, 2023=93.1%. Province Buto: 2015=91.2%, 2023=94.6%. Province Caya: 2015=78.3%, 2023=88.7%. Province Daan: 2015=94.8%, 2023=96.2%. Province Ema: 2015=82.6%, 2023=91.4%. Which province showed the GREATEST IMPROVEMENT in literacy rate, and which showed the SMALLEST IMPROVEMENT?","The following data compares literacy rates across five provinces for 2015 and 2023: Province Alab: 2015=87.4%, 2023=93.1%. Province Buto: 2015=91.2%, 2023=94.6%. Province Caya: 2015=78.3%, 2023=88.7%. Province Daan: 2015=94.8%, 2023=96.2%. Province Ema: 2015=82.6%, 2023=91.4%. Which province showed the GREATEST IMPROVEMENT in literacy rate, and which showed the SMALLEST IMPROVEMENT?","STRIPPED_PASSAGE_PREFIX",true,2026-08-19T09:28:27.777Z
cmstkgeas00vy20u15fstpo7n,prompt,"Passage: A pie chart shows the distribution of land use in a watershed area totaling 84,300 hectares. Sector shares: Forest Cover=47%, Agricultural Land=28%, Built-Up/Urban=11%, Grassland=9%, Water Bodies=5%. Based on the pie chart, if Environmental regulations require that the combined Forest Cover and Water Bodies must represent at least 55% of the total watershed area, by how many hectares does the current combined area fall SHORT of this requirement?","A pie chart shows the distribution of land use in a watershed area totaling 84,300 hectares. Sector shares: Forest Cover=47%, Agricultural Land=28%, Built-Up/Urban=11%, Grassland=9%, Water Bodies=5%. Based on the pie chart, if Environmental regulations require that the combined Forest Cover and Water Bodies must represent at least 55% of the total watershed area, by how many hectares does the current combined area fall SHORT of this requirement?","STRIPPED_PASSAGE_PREFIX",true,2026-08-19T09:28:27.886Z
cmstkgeas00w020u1wvnm01dh,prompt,"Passage: A pie chart shows the distribution of a university's annual research budget of PHP 48 million across five research domains. Domain shares: Natural Sciences=35%, Social Sciences=22%, Engineering=18%, Humanities=15%, Interdisciplinary=10%. Based on the pie chart, if the university board decides to TRANSFER 5 percentage points from Natural Sciences to Engineering, what is the NEW ratio of Engineering to Natural Sciences budget allocations?","A pie chart shows the distribution of a university's annual research budget of PHP 48 million across five research domains. Domain shares: Natural Sciences=35%, Social Sciences=22%, Engineering=18%, Humanities=15%, Interdisciplinary=10%. Based on the pie chart, if the university board decides to TRANSFER 5 percentage points from Natural Sciences to Engineering, what is the NEW ratio of Engineering to Natural Sciences budget allocations?","STRIPPED_PASSAGE_PREFIX",true,2026-08-19T09:28:27.996Z
cmstkgeas00vz20u1gim0etxo,prompt,"Passage: Three pie charts each represent the source of household income for three barangays (A, B, C) in a municipality. Barangay A (total households = 420): Wages/Salaries=52%, Self-Employment=28%, Remittances=12%, Government Aid=8%. Barangay B (total households = 680): Wages/Salaries=38%, Self-Employment=41%, Remittances=14%, Government Aid=7%. Barangay C (total households = 310): Wages/Salaries=29%, Self-Employment=23%, Remittances=19%, Government Aid=29%. Based on the three pie charts, which barangay has the HIGHEST ABSOLUTE NUMBER of households dependent on Government Aid as their primary income source?","Three pie charts each represent the source of household income for three barangays (A, B, C) in a municipality. Barangay A (total households = 420): Wages/Salaries=52%, Self-Employment=28%, Remittances=12%, Government Aid=8%. Barangay B (total households = 680): Wages/Salaries=38%, Self-Employment=41%, Remittances=14%, Government Aid=7%. Barangay C (total households = 310): Wages/Salaries=29%, Self-Employment=23%, Remittances=19%, Government Aid=29%. Based on the three pie charts, which barangay has the HIGHEST ABSOLUTE NUMBER of households dependent on Government Aid as their primary income source?","STRIPPED_PASSAGE_PREFIX",true,2026-08-19T09:28:28.124Z
cmstkgeas00vu20u1ay8qbqva,prompt,"Passage: A pie chart represents the composition of a city's workforce by industry sector. The chart shows: Government=28%, Manufacturing=19%, Trade and Commerce=17%, Services=14%, Construction=11%, Agriculture=8%, Others=3%. The total city workforce is 284,600 persons. Based on the pie chart, how many MORE workers are employed in Government than in Agriculture?","A pie chart represents the composition of a city's workforce by industry sector. The chart shows: Government=28%, Manufacturing=19%, Trade and Commerce=17%, Services=14%, Construction=11%, Agriculture=8%, Others=3%. The total city workforce is 284,600 persons. Based on the pie chart, how many MORE workers are employed in Government than in Agriculture?","STRIPPED_PASSAGE_PREFIX",true,2026-08-19T09:28:28.235Z
cmstkgeas00vw20u1gis6m5ya,prompt,"Passage: Two pie charts compare the government budget allocation for Year 1 and Year 5 of a development plan. Year 1 total budget: PHP 180 billion. Year 5 total budget: PHP 280 billion. Year 1 sector shares: Education=30%, Infrastructure=25%, Health=20%, Defense=15%, Others=10%. Year 5 sector shares: Education=28%, Infrastructure=32%, Health=22%, Defense=10%, Others=8%. Based on the two pie charts, which sector experienced the LARGEST ABSOLUTE INCREASE in allocated budget from Year 1 to Year 5?","Two pie charts compare the government budget allocation for Year 1 and Year 5 of a development plan. Year 1 total budget: PHP 180 billion. Year 5 total budget: PHP 280 billion. Year 1 sector shares: Education=30%, Infrastructure=25%, Health=20%, Defense=15%, Others=10%. Year 5 sector shares: Education=28%, Infrastructure=32%, Health=22%, Defense=10%, Others=8%. Based on the two pie charts, which sector experienced the LARGEST ABSOLUTE INCREASE in allocated budget from Year 1 to Year 5?","STRIPPED_PASSAGE_PREFIX",true,2026-08-19T09:28:28.345Z
cmstkgeas00vv20u17o5vbpwv,prompt,"Passage: A pie chart shows the distribution of water supply sources for a municipality. The proportions are: Deep Wells=41%, Communal Faucets=24%, Level III Piped Connection=18%, Natural Springs=10%, Rainwater Collection=7%. Based on the pie chart, if the Level III Piped Connection percentage INCREASES by 50% (becoming 27%), and this additional coverage comes entirely from reducing the Deep Wells share, what does the Deep Wells share become?","A pie chart shows the distribution of water supply sources for a municipality. The proportions are: Deep Wells=41%, Communal Faucets=24%, Level III Piped Connection=18%, Natural Springs=10%, Rainwater Collection=7%. Based on the pie chart, if the Level III Piped Connection percentage INCREASES by 50% (becoming 27%), and this additional coverage comes entirely from reducing the Deep Wells share, what does the Deep Wells share become?","STRIPPED_PASSAGE_PREFIX",true,2026-08-19T09:28:28.448Z
cmstkgeas00vq20u1hyqospxu,prompt,"Passage: A line graph compares the annual number of newly registered businesses (formal sector) versus business closures in a city from 2018 to 2022. Registrations: 2018=2,840; 2019=3,120; 2020=1,680; 2021=2,240; 2022=3,450. Closures: 2018=1,240; 2019=1,380; 2020=2,870; 2021=1,960; 2022=1,120. Based on the line graph, in which year(s) did the number of BUSINESS CLOSURES exceed NEW REGISTRATIONS?","A line graph compares the annual number of newly registered businesses (formal sector) versus business closures in a city from 2018 to 2022. Registrations: 2018=2,840; 2019=3,120; 2020=1,680; 2021=2,240; 2022=3,450. Closures: 2018=1,240; 2019=1,380; 2020=2,870; 2021=1,960; 2022=1,120. Based on the line graph, in which year(s) did the number of BUSINESS CLOSURES exceed NEW REGISTRATIONS?","STRIPPED_PASSAGE_PREFIX",true,2026-08-19T09:28:28.552Z
cmstkgeas00vs20u18r468le6,prompt,"Passage: A line graph shows the quarterly total revenue and total expenses (in PHP millions) of a government-owned corporation over eight quarters. Revenue data: Q1=84.2, Q2=91.7, Q3=98.4, Q4=103.6, Q5=97.8, Q6=104.3, Q7=112.8, Q8=118.4. Expenses data: Q1=78.4, Q2=87.3, Q3=95.1, Q4=98.2, Q5=101.4, Q6=104.3, Q7=109.6, Q8=115.7. Based on the line graph, in which quarter did the corporation operate at the SMALLEST PROFIT MARGIN (Revenue minus Expenses)?","A line graph shows the quarterly total revenue and total expenses (in PHP millions) of a government-owned corporation over eight quarters. Revenue data: Q1=84.2, Q2=91.7, Q3=98.4, Q4=103.6, Q5=97.8, Q6=104.3, Q7=112.8, Q8=118.4. Expenses data: Q1=78.4, Q2=87.3, Q3=95.1, Q4=98.2, Q5=101.4, Q6=104.3, Q7=109.6, Q8=115.7. Based on the line graph, in which quarter did the corporation operate at the SMALLEST PROFIT MARGIN (Revenue minus Expenses)?","STRIPPED_PASSAGE_PREFIX",true,2026-08-19T09:28:28.657Z
cmstkgeas00vr20u1ji3ga78u,prompt,"Passage: A line graph presents the monthly average temperature (°C) for two cities—City Norte and City Sur—over a twelve-month period. City Norte: Jan=24.1, Feb=25.3, Mar=27.8, Apr=30.2, May=31.4, Jun=29.7, Jul=28.3, Aug=29.1, Sep=28.6, Oct=27.2, Nov=25.8, Dec=24.4. City Sur: Jan=31.2, Feb=30.4, Mar=29.6, Apr=28.8, May=27.4, Jun=26.1, Jul=25.3, Aug=25.8, Sep=26.7, Oct=28.1, Nov=29.6, Dec=30.8. Based on the line graph, which month shows the SMALLEST TEMPERATURE DIFFERENCE between the two cities?","A line graph presents the monthly average temperature (°C) for two cities—City Norte and City Sur—over a twelve-month period. City Norte: Jan=24.1, Feb=25.3, Mar=27.8, Apr=30.2, May=31.4, Jun=29.7, Jul=28.3, Aug=29.1, Sep=28.6, Oct=27.2, Nov=25.8, Dec=24.4. City Sur: Jan=31.2, Feb=30.4, Mar=29.6, Apr=28.8, May=27.4, Jun=26.1, Jul=25.3, Aug=25.8, Sep=26.7, Oct=28.1, Nov=29.6, Dec=30.8. Based on the line graph, which month shows the SMALLEST TEMPERATURE DIFFERENCE between the two cities?","STRIPPED_PASSAGE_PREFIX",true,2026-08-19T09:28:28.759Z
cmstkgeas00vm20u1tmntovfy,prompt,"Passage: A line graph shows the quarterly consumer price index (CPI) values for two product categories—Food and Non-Food—over eight quarters. Food CPI values: Q1=118.4, Q2=121.3, Q3=124.8, Q4=129.2, Q5=132.7, Q6=128.4, Q7=124.6, Q8=121.8. Non-Food CPI values: Q1=112.6, Q2=115.4, Q3=118.2, Q4=120.8, Q5=122.3, Q6=123.7, Q7=125.1, Q8=126.4. Based on the line graph, which of the following is MOST ACCURATELY supported by the data?","A line graph shows the quarterly consumer price index (CPI) values for two product categories—Food and Non-Food—over eight quarters. Food CPI values: Q1=118.4, Q2=121.3, Q3=124.8, Q4=129.2, Q5=132.7, Q6=128.4, Q7=124.6, Q8=121.8. Non-Food CPI values: Q1=112.6, Q2=115.4, Q3=118.2, Q4=120.8, Q5=122.3, Q6=123.7, Q7=125.1, Q8=126.4. Based on the line graph, which of the following is MOST ACCURATELY supported by the data?","STRIPPED_PASSAGE_PREFIX",true,2026-08-19T09:28:28.863Z
cmstkgeas00vj20u1thucfaxa,prompt,"Passage: A line graph tracks the monthly unemployment rate (%) in a province over twelve months. The plotted values are: Jan=8.4%, Feb=8.1%, Mar=7.6%, Apr=7.2%, May=6.8%, Jun=7.1%, Jul=7.6%, Aug=8.3%, Sep=8.9%, Oct=9.2%, Nov=8.7%, Dec=8.1%. Based on the line graph, which of the following CORRECTLY describes the overall trend pattern from January to December?","A line graph tracks the monthly unemployment rate (%) in a province over twelve months. The plotted values are: Jan=8.4%, Feb=8.1%, Mar=7.6%, Apr=7.2%, May=6.8%, Jun=7.1%, Jul=7.6%, Aug=8.3%, Sep=8.9%, Oct=9.2%, Nov=8.7%, Dec=8.1%. Based on the line graph, which of the following CORRECTLY describes the overall trend pattern from January to December?","STRIPPED_PASSAGE_PREFIX",true,2026-08-19T09:28:28.972Z
cmstkgeas00vi20u19pxdhy58,prompt,"Passage: A bar graph shows the percentage of households with access to safe drinking water, electricity, and internet connectivity for four barangays. The data shows: Barangay Uno: Water=91%, Electricity=87%, Internet=43%. Barangay Dos: Water=84%, Electricity=94%, Internet=62%. Barangay Tres: Water=78%, Electricity=82%, Internet=38%. Barangay Cuatro: Water=96%, Electricity=91%, Internet=71%. Each barangay has the following household counts: Uno=1,240; Dos=987; Tres=1,456; Cuatro=823. Based on the bar graph and household counts, which barangay has the LARGEST ABSOLUTE number of households WITHOUT internet connectivity?","A bar graph shows the percentage of households with access to safe drinking water, electricity, and internet connectivity for four barangays. The data shows: Barangay Uno: Water=91%, Electricity=87%, Internet=43%. Barangay Dos: Water=84%, Electricity=94%, Internet=62%. Barangay Tres: Water=78%, Electricity=82%, Internet=38%. Barangay Cuatro: Water=96%, Electricity=91%, Internet=71%. Each barangay has the following household counts: Uno=1,240; Dos=987; Tres=1,456; Cuatro=823. Based on the bar graph and household counts, which barangay has the LARGEST ABSOLUTE number of households WITHOUT internet connectivity?","STRIPPED_PASSAGE_PREFIX",true,2026-08-19T09:28:29.076Z
cmstkgeas00vf20u15b22ye3h,prompt,"Passage: A bar graph shows the annual budget utilization rates (%) of six government departments for FY 2023. Department values: Finance=92.4%, Health=88.7%, Education=95.1%, Agriculture=79.3%, Environment=84.6%, Justice=91.8%. The total budget allocations (PHP billions) are: Finance=18.4, Health=34.7, Education=89.2, Agriculture=22.6, Environment=11.3, Justice=14.8. Based on the bar graph and allocation data, which department had the LARGEST AMOUNT of UNSPENT budget in absolute terms?","A bar graph shows the annual budget utilization rates (%) of six government departments for FY 2023. Department values: Finance=92.4%, Health=88.7%, Education=95.1%, Agriculture=79.3%, Environment=84.6%, Justice=91.8%. The total budget allocations (PHP billions) are: Finance=18.4, Health=34.7, Education=89.2, Agriculture=22.6, Environment=11.3, Justice=14.8. Based on the bar graph and allocation data, which department had the LARGEST AMOUNT of UNSPENT budget in absolute terms?","STRIPPED_PASSAGE_PREFIX",true,2026-08-19T09:28:29.178Z
cmstkgeas00ve20u1uov25pwr,prompt,"Passage: A double bar graph compares the number of tourism arrivals (domestic vs. international) for a tourist destination over five months. The data shows: January: Domestic=12,400, International=3,800. February: Domestic=14,200, International=5,100. March: Domestic=18,700, International=7,400. April: Domestic=16,300, International=6,200. May: Domestic=11,800, International=4,600. Based on the bar graph, in which month was the RATIO of International to Domestic tourists the HIGHEST?","A double bar graph compares the number of tourism arrivals (domestic vs. international) for a tourist destination over five months. The data shows: January: Domestic=12,400, International=3,800. February: Domestic=14,200, International=5,100. March: Domestic=18,700, International=7,400. April: Domestic=16,300, International=6,200. May: Domestic=11,800, International=4,600. Based on the bar graph, in which month was the RATIO of International to Domestic tourists the HIGHEST?","STRIPPED_PASSAGE_PREFIX",true,2026-08-19T09:28:29.282Z
cmstkgear00vb20u157pbkqze,prompt,"Passage: A horizontal bar graph shows the number of public school teachers by subject area in a school division. The bar values are: Mathematics=487, Science=412, English=524, Filipino=398, Social Studies=341, MAPEH=276, TLE=189. Based on the bar graph, if the school division aims to increase total teacher count by exactly 15% over current levels, how many ADDITIONAL teachers must be hired?","A horizontal bar graph shows the number of public school teachers by subject area in a school division. The bar values are: Mathematics=487, Science=412, English=524, Filipino=398, Social Studies=341, MAPEH=276, TLE=189. Based on the bar graph, if the school division aims to increase total teacher count by exactly 15% over current levels, how many ADDITIONAL teachers must be hired?","STRIPPED_PASSAGE_PREFIX",true,2026-08-19T09:28:29.386Z
cmstkgear00va20u15evgc91i,prompt,"Passage: A comparative bar graph shows the average monthly income of government employees by employment status and sex (male vs. female) for a regional office. The bars display: Regular-Male: PHP 38,400; Regular-Female: PHP 36,200; Casual-Male: PHP 22,800; Casual-Female: PHP 21,600; Contractual-Male: PHP 19,400; Contractual-Female: PHP 18,100. Based on the bar graph, what is the AVERAGE income gap between male and female employees across all three employment statuses?","A comparative bar graph shows the average monthly income of government employees by employment status and sex (male vs. female) for a regional office. The bars display: Regular-Male: PHP 38,400; Regular-Female: PHP 36,200; Casual-Male: PHP 22,800; Casual-Female: PHP 21,600; Contractual-Male: PHP 19,400; Contractual-Female: PHP 18,100. Based on the bar graph, what is the AVERAGE income gap between male and female employees across all three employment statuses?","STRIPPED_PASSAGE_PREFIX",true,2026-08-19T09:28:29.491Z
cmstkgear00v620u1c5mgasy9,prompt,"Passage: The following table shows a municipality's revenue collections by source for two fiscal years. | Revenue Source | FY 2022 (PHP M) | FY 2023 (PHP M) | Change (PHP M) | % Change | |---|---|---|---|---| | Real Property Tax | 42.8 | 51.6 | +8.8 | +20.6% | | Business Tax | 31.4 | 38.2 | +6.8 | +21.7% | | Fees and Charges | 12.7 | 11.9 | -0.8 | -6.3% | | IRA Share | 187.3 | 203.4 | +16.1 | +8.6% | | Grants | 5.6 | 8.9 | +3.3 | +58.9% | | TOTAL | 279.8 | 314.0 | +34.2 | +12.2% | Based on the table, which revenue source contributed the MOST to the overall absolute increase in total revenue from FY 2022 to FY 2023?","The following table shows a municipality's revenue collections by source for two fiscal years. | Revenue Source | FY 2022 (PHP M) | FY 2023 (PHP M) | Change (PHP M) | % Change | |---|---|---|---|---| | Real Property Tax | 42.8 | 51.6 | +8.8 | +20.6% | | Business Tax | 31.4 | 38.2 | +6.8 | +21.7% | | Fees and Charges | 12.7 | 11.9 | -0.8 | -6.3% | | IRA Share | 187.3 | 203.4 | +16.1 | +8.6% | | Grants | 5.6 | 8.9 | +3.3 | +58.9% | | TOTAL | 279.8 | 314.0 | +34.2 | +12.2% | Based on the table, which revenue source contributed the MOST to the overall absolute increase in total revenue from FY 2022 to FY 2023?","STRIPPED_PASSAGE_PREFIX",true,2026-08-19T09:28:29.594Z
cmstkgear00v820u16hmv3suh,prompt,"Passage: The following cross-tabulation shows the distribution of 1,200 civil service examination candidates by age group and preparation method. | Age Group | Self-Study | Review Center | Online Course | No Preparation | TOTAL | |---|---|---|---|---|---| | 18-25 | 142 | 213 | 87 | 34 | 476 | | 26-35 | 187 | 198 | 143 | 52 | 580 | | 36-45 | 78 | 89 | 64 | 48 | 279 | | 46+ | 23 | 34 | 18 | 44 | 119 | | Wait—let me use GRAND TOTAL: does 476+580+279+119 = 1,454? No. Recalculating: 476+580 = 1,056 + 279 = 1,335 + 119 = 1,454. But premise says 1,200 candidates. The numbers in the table must be revised to equal 1,200 total. Using adjusted values: | Age Group | Self-Study | Review Center | Online Course | No Prep | TOTAL | | 18-25 | 120 | 180 | 72 | 28 | 400 | | 26-35 | 156 | 164 | 118 | 42 | 480 | | 36-45 | 64 | 72 | 54 | 40 | 230 | | 46+ | 20 | 28 | 16 | 26 | 90 | | TOTAL | 360 | 444 | 260 | 136 | 1,200 | Based on the adjusted table, which AGE GROUP has the HIGHEST proportion of candidates who used a REVIEW CENTER relative to their own age group total?","The following cross-tabulation shows the distribution of 1,200 civil service examination candidates by age group and preparation method. | Age Group | Self-Study | Review Center | Online Course | No Preparation | TOTAL | |---|---|---|---|---|---| | 18-25 | 142 | 213 | 87 | 34 | 476 | | 26-35 | 187 | 198 | 143 | 52 | 580 | | 36-45 | 78 | 89 | 64 | 48 | 279 | | 46+ | 23 | 34 | 18 | 44 | 119 | | Wait—let me use GRAND TOTAL: does 476+580+279+119 = 1,454? No. Recalculating: 476+580 = 1,056 + 279 = 1,335 + 119 = 1,454. But premise says 1,200 candidates. The numbers in the table must be revised to equal 1,200 total. Using adjusted values: | Age Group | Self-Study | Review Center | Online Course | No Prep | TOTAL | | 18-25 | 120 | 180 | 72 | 28 | 400 | | 26-35 | 156 | 164 | 118 | 42 | 480 | | 36-45 | 64 | 72 | 54 | 40 | 230 | | 46+ | 20 | 28 | 16 | 26 | 90 | | TOTAL | 360 | 444 | 260 | 136 | 1,200 | Based on the adjusted table, which AGE GROUP has the HIGHEST proportion of candidates who used a REVIEW CENTER relative to their own age group total?","STRIPPED_PASSAGE_PREFIX",true,2026-08-19T09:28:29.702Z
cmstkgear00v720u1vpt21x7w,prompt,"Passage: The following table shows the number of disciplinary cases filed, resolved, and pending at a government agency's internal affairs unit over six months. | Month | Filed | Resolved | Pending (End of Month) | |---|---|---|---| | January | 23 | 18 | 47 | | February | 19 | 22 | 44 | | March | 31 | 27 | 48 | | April | 14 | 31 | 31 | | May | 26 | 19 | 38 | | June | 18 | 24 | 32 | Note: Pending (End of Month) = Pending (Start of Month) + Filed - Resolved. Based on the table, what was the OPENING PENDING BALANCE at the START of January?","The following table shows the number of disciplinary cases filed, resolved, and pending at a government agency's internal affairs unit over six months. | Month | Filed | Resolved | Pending (End of Month) | |---|---|---|---| | January | 23 | 18 | 47 | | February | 19 | 22 | 44 | | March | 31 | 27 | 48 | | April | 14 | 31 | 31 | | May | 26 | 19 | 38 | | June | 18 | 24 | 32 | Note: Pending (End of Month) = Pending (Start of Month) + Filed - Resolved. Based on the table, what was the OPENING PENDING BALANCE at the START of January?","STRIPPED_PASSAGE_PREFIX",true,2026-08-19T09:28:29.806Z
cmstkgear00v220u1cy2kxmyp,prompt,"Passage: The following table shows enrollment data across five state universities for academic year 2022-2023, broken down by college level. | University | Freshman | Sophomore | Junior | Senior | Graduate | TOTAL | |---|---|---|---|---|---|---| | Arellano SU | 3,241 | 2,876 | 2,543 | 2,189 | 412 | 11,261 | | Bonifacio SU | 4,812 | 4,103 | 3,678 | 3,221 | 687 | 16,501 | | Calderon SU | 2,156 | 1,987 | 1,834 | 1,701 | 298 | 7,976 | | Datu SU | 5,634 | 4,987 | 4,412 | 3,876 | 923 | 19,832 | | Emilio SU | 1,843 | 1,612 | 1,438 | 1,287 | 187 | 6,367 | | TOTAL | 17,686 | 15,565 | 13,905 | 12,274 | 2,507 | 61,937 | Which university has the HIGHEST graduate student enrollment as a percentage of its total enrollment?","The following table shows enrollment data across five state universities for academic year 2022-2023, broken down by college level. | University | Freshman | Sophomore | Junior | Senior | Graduate | TOTAL | |---|---|---|---|---|---|---| | Arellano SU | 3,241 | 2,876 | 2,543 | 2,189 | 412 | 11,261 | | Bonifacio SU | 4,812 | 4,103 | 3,678 | 3,221 | 687 | 16,501 | | Calderon SU | 2,156 | 1,987 | 1,834 | 1,701 | 298 | 7,976 | | Datu SU | 5,634 | 4,987 | 4,412 | 3,876 | 923 | 19,832 | | Emilio SU | 1,843 | 1,612 | 1,438 | 1,287 | 187 | 6,367 | | TOTAL | 17,686 | 15,565 | 13,905 | 12,274 | 2,507 | 61,937 | Which university has the HIGHEST graduate student enrollment as a percentage of its total enrollment?","STRIPPED_PASSAGE_PREFIX",true,2026-08-19T09:28:29.937Z
cmstkgear00v420u14w8pe41d,prompt,"Passage: A barangay health center maintained the following table of patient consultations by disease category and quarter. | Disease Category | Q1 | Q2 | Q3 | Q4 | Annual | |---|---|---|---|---|---| | Respiratory | 843 | 912 | 784 | 1,021 | 3,560 | | Gastrointestinal | 412 | 387 | 446 | 398 | 1,643 | | Cardiovascular | 187 | 193 | 201 | 218 | 799 | | Dermatological | 234 | 198 | 276 | 243 | 951 | | Other | 321 | 289 | 334 | 287 | 1,231 | | TOTAL | 1,997 | 1,979 | 2,041 | 2,167 | 8,184 | Based on the table, which SINGLE QUARTER had the HIGHEST share of Respiratory consultations out of ALL consultations in that quarter?","A barangay health center maintained the following table of patient consultations by disease category and quarter. | Disease Category | Q1 | Q2 | Q3 | Q4 | Annual | |---|---|---|---|---|---| | Respiratory | 843 | 912 | 784 | 1,021 | 3,560 | | Gastrointestinal | 412 | 387 | 446 | 398 | 1,643 | | Cardiovascular | 187 | 193 | 201 | 218 | 799 | | Dermatological | 234 | 198 | 276 | 243 | 951 | | Other | 321 | 289 | 334 | 287 | 1,231 | | TOTAL | 1,997 | 1,979 | 2,041 | 2,167 | 8,184 | Based on the table, which SINGLE QUARTER had the HIGHEST share of Respiratory consultations out of ALL consultations in that quarter?","STRIPPED_PASSAGE_PREFIX",true,2026-08-19T09:28:30.043Z
cmstkgear00v320u1ql1a1zai,prompt,"Passage: The following table shows the number of civil service employees by agency and salary grade (SG) band for a regional government office. | Agency | SG 1-10 | SG 11-18 | SG 19-24 | SG 25-30 | Total | |---|---|---|---|---|---| | Agency A | 142 | 87 | 34 | 12 | 275 | | Agency B | 89 | 124 | 67 | 23 | 303 | | Agency C | 213 | 96 | 28 | 8 | 345 | | Agency D | 67 | 112 | 84 | 31 | 294 | | Agency E | 176 | 83 | 41 | 15 | 315 | | TOTAL | 687 | 502 | 254 | 89 | 1,532 | Which agency has the HIGHEST proportion of senior employees (SG 19-30, combining SG 19-24 and SG 25-30)?","The following table shows the number of civil service employees by agency and salary grade (SG) band for a regional government office. | Agency | SG 1-10 | SG 11-18 | SG 19-24 | SG 25-30 | Total | |---|---|---|---|---|---| | Agency A | 142 | 87 | 34 | 12 | 275 | | Agency B | 89 | 124 | 67 | 23 | 303 | | Agency C | 213 | 96 | 28 | 8 | 345 | | Agency D | 67 | 112 | 84 | 31 | 294 | | Agency E | 176 | 83 | 41 | 15 | 315 | | TOTAL | 687 | 502 | 254 | 89 | 1,532 | Which agency has the HIGHEST proportion of senior employees (SG 19-30, combining SG 19-24 and SG 25-30)?","STRIPPED_PASSAGE_PREFIX",true,2026-08-19T09:28:30.148Z
cmstkgear00uy20u1bd491vnq,prompt,"Passage: A legislative oversight committee is reviewing the performance of six government agencies against three key performance indicators (KPIs) from last year's Annual Report: (1) Target Achievement Rate (TAR, higher = better), (2) Budget Utilization Rate (BUR, closer to 100% = better; both under- and over-utilization are penalized), (3) Citizen Satisfaction Score (CSS, higher = better, max 10). Agency data: Agency Alpha: TAR=94%, BUR=98%, CSS=8.4. Agency Beta: TAR=87%, BUR=105%, CSS=7.9. Agency Gamma: TAR=91%, BUR=96%, CSS=8.8. Agency Δ: TAR=96%, BUR=101%, CSS=8.1. Agency Epsilon: TAR=89%, BUR=93%, CSS=8.6. Agency Zeta: TAR=83%, BUR=88%, CSS=7.5. Which agency is MOST LIKELY to be commended by the oversight committee for exemplary overall performance?","A legislative oversight committee is reviewing the performance of six government agencies against three key performance indicators (KPIs) from last year's Annual Report: (1) Target Achievement Rate (TAR, higher = better), (2) Budget Utilization Rate (BUR, closer to 100% = better; both under- and over-utilization are penalized), (3) Citizen Satisfaction Score (CSS, higher = better, max 10). Agency data: Agency Alpha: TAR=94%, BUR=98%, CSS=8.4. Agency Beta: TAR=87%, BUR=105%, CSS=7.9. Agency Gamma: TAR=91%, BUR=96%, CSS=8.8. Agency Δ: TAR=96%, BUR=101%, CSS=8.1. Agency Epsilon: TAR=89%, BUR=93%, CSS=8.6. Agency Zeta: TAR=83%, BUR=88%, CSS=7.5. Which agency is MOST LIKELY to be commended by the oversight committee for exemplary overall performance?","STRIPPED_PASSAGE_PREFIX",true,2026-08-19T09:28:30.280Z
cmstkgear00v020u1b5dhdaue,prompt,"Passage: The following table shows the number of civil service examination passers by region for two examination periods. | Region | April Exam | October Exam | Total | |---|---|---|---| | NCR | 4,218 | 3,891 | 8,109 | | CAR | 612 | 548 | 1,160 | | Region I | 1,843 | 1,672 | 3,515 | | Region II | 987 | 1,104 | 2,091 | | Region III | 2,156 | 2,034 | 4,190 | | Region IV-A | 3,412 | 3,187 | 6,599 | | TOTAL | 13,228 | 12,436 | 25,664 | Which region had the HIGHEST proportion of passers in the October exam relative to its own annual total?","The following table shows the number of civil service examination passers by region for two examination periods. | Region | April Exam | October Exam | Total | |---|---|---|---| | NCR | 4,218 | 3,891 | 8,109 | | CAR | 612 | 548 | 1,160 | | Region I | 1,843 | 1,672 | 3,515 | | Region II | 987 | 1,104 | 2,091 | | Region III | 2,156 | 2,034 | 4,190 | | Region IV-A | 3,412 | 3,187 | 6,599 | | TOTAL | 13,228 | 12,436 | 25,664 | Which region had the HIGHEST proportion of passers in the October exam relative to its own annual total?","STRIPPED_PASSAGE_PREFIX",true,2026-08-19T09:28:30.394Z
cmstkgear00uz20u17cutfkjz,prompt,"Passage: The following table shows the annual rice production (in metric tons) of five provinces over four years. | Province | 2020 | 2021 | 2022 | 2023 | |---|---|---|---|---| | Aguinaldo | 48,200 | 51,400 | 53,100 | 55,800 | | Bonifacio | 62,500 | 60,100 | 58,700 | 61,300 | | Calderon | 35,800 | 38,200 | 41,500 | 44,900 | | Dagohoy | 71,200 | 73,600 | 74,800 | 76,200 | | Emilio | 29,400 | 31,800 | 33,600 | 35,100 | Based on the table, which province showed the LARGEST absolute increase in rice production from 2020 to 2023?","The following table shows the annual rice production (in metric tons) of five provinces over four years. | Province | 2020 | 2021 | 2022 | 2023 | |---|---|---|---|---| | Aguinaldo | 48,200 | 51,400 | 53,100 | 55,800 | | Bonifacio | 62,500 | 60,100 | 58,700 | 61,300 | | Calderon | 35,800 | 38,200 | 41,500 | 44,900 | | Dagohoy | 71,200 | 73,600 | 74,800 | 76,200 | | Emilio | 29,400 | 31,800 | 33,600 | 35,100 | Based on the table, which province showed the LARGEST absolute increase in rice production from 2020 to 2023?","STRIPPED_PASSAGE_PREFIX",true,2026-08-19T09:28:30.499Z
cmstkgear00uw20u1rz3p0ipt,prompt,"Passage: An anti-poverty program officer is reviewing household survey data from five communities to determine which location should be selected for the pilot deployment of a new livelihood support center. Selection indicators: (1) Poverty rate (highest = highest priority), (2) Distance to nearest existing government service center in kilometers (farthest = highest priority), (3) Population density (highest density = highest priority to maximize impact per center). Community data: Sitio Ambon: Poverty rate 68%, Distance 12 km, Population density 420 per km². Sitio Bagong: Poverty rate 72%, Distance 8 km, Population density 850 per km². Sitio Caaway: Poverty rate 55%, Distance 18 km, Population density 310 per km². Sitio Dalisay: Poverty rate 79%, Distance 6 km, Population density 920 per km². Sitio Emong: Poverty rate 63%, Distance 14 km, Population density 560 per km². Which community is MOST LIKELY to be selected for the pilot center?","An anti-poverty program officer is reviewing household survey data from five communities to determine which location should be selected for the pilot deployment of a new livelihood support center. Selection indicators: (1) Poverty rate (highest = highest priority), (2) Distance to nearest existing government service center in kilometers (farthest = highest priority), (3) Population density (highest density = highest priority to maximize impact per center). Community data: Sitio Ambon: Poverty rate 68%, Distance 12 km, Population density 420 per km². Sitio Bagong: Poverty rate 72%, Distance 8 km, Population density 850 per km². Sitio Caaway: Poverty rate 55%, Distance 18 km, Population density 310 per km². Sitio Dalisay: Poverty rate 79%, Distance 6 km, Population density 920 per km². Sitio Emong: Poverty rate 63%, Distance 14 km, Population density 560 per km². Which community is MOST LIKELY to be selected for the pilot center?","STRIPPED_PASSAGE_PREFIX",true,2026-08-19T09:28:30.607Z
cmstkgear00ur20u1mlejgka1,prompt,"Passage: A civil service commission regional office is reviewing the promotion eligibility of five employees who have all met the minimum service requirement: Employee Faustino: Performance ratings for the last 3 periods = Outstanding, Outstanding, Very Satisfactory. No pending administrative cases. Employee Generoso: Ratings = Outstanding, Very Satisfactory, Satisfactory. One pending administrative case. Employee Herrera: Ratings = Very Satisfactory, Very Satisfactory, Very Satisfactory. No pending cases. Employee Ilagan: Ratings = Outstanding, Outstanding, Outstanding. One pending administrative case under review. Employee Jacinto: Ratings = Outstanding, Outstanding, Very Satisfactory. No pending administrative cases. The commission's promotion policy prioritizes: (1) Highest overall performance ratings, (2) Absence of pending cases, then (3) Consistency of ratings. Which employee is MOST LIKELY to be recommended for promotion FIRST?","A civil service commission regional office is reviewing the promotion eligibility of five employees who have all met the minimum service requirement: Employee Faustino: Performance ratings for the last 3 periods = Outstanding, Outstanding, Very Satisfactory. No pending administrative cases. Employee Generoso: Ratings = Outstanding, Very Satisfactory, Satisfactory. One pending administrative case. Employee Herrera: Ratings = Very Satisfactory, Very Satisfactory, Very Satisfactory. No pending cases. Employee Ilagan: Ratings = Outstanding, Outstanding, Outstanding. One pending administrative case under review. Employee Jacinto: Ratings = Outstanding, Outstanding, Very Satisfactory. No pending administrative cases. The commission's promotion policy prioritizes: (1) Highest overall performance ratings, (2) Absence of pending cases, then (3) Consistency of ratings. Which employee is MOST LIKELY to be recommended for promotion FIRST?","STRIPPED_PASSAGE_PREFIX",true,2026-08-19T09:28:30.715Z
cmstkgear00uq20u1gi0nobbk,prompt,"Passage: A disease surveillance unit is monitoring four barangays in a municipality for a waterborne illness outbreak. The following data was collected over the first 10 days of surveillance: Barangay A: 12 reported cases, 2 identified water sources, community notified on Day 3. Barangay B: 47 reported cases, 1 water source, community not yet notified as of Day 10. Barangay C: 8 reported cases, 3 identified water sources, community notified on Day 2. Barangay D: 23 reported cases, 1 water source, community notified on Day 7. The unit must identify which barangay requires the most urgent intervention. Which barangay is MOST LIKELY to require the MOST urgent additional intervention?","A disease surveillance unit is monitoring four barangays in a municipality for a waterborne illness outbreak. The following data was collected over the first 10 days of surveillance: Barangay A: 12 reported cases, 2 identified water sources, community notified on Day 3. Barangay B: 47 reported cases, 1 water source, community not yet notified as of Day 10. Barangay C: 8 reported cases, 3 identified water sources, community notified on Day 2. Barangay D: 23 reported cases, 1 water source, community notified on Day 7. The unit must identify which barangay requires the most urgent intervention. Which barangay is MOST LIKELY to require the MOST urgent additional intervention?","STRIPPED_PASSAGE_PREFIX",true,2026-08-19T09:28:30.826Z
cmstkgear00um20u105zdj852,prompt,"Passage: A judicial selection council applies the following criteria in screening nominees for appointment to a specialized court: Criterion A: All nominees must have at least 15 years of law practice experience. Criterion B: Nominees with prior disciplinary sanctions from the Integrated Bar must undergo a mandatory secondary review. Criterion C: Nominees must not have any pending criminal charges in any court in the Philippines. Criterion D: Age at appointment must not exceed 70 years. Which of the following CANNOT BE TRUE about an approved judicial appointment?","A judicial selection council applies the following criteria in screening nominees for appointment to a specialized court: Criterion A: All nominees must have at least 15 years of law practice experience. Criterion B: Nominees with prior disciplinary sanctions from the Integrated Bar must undergo a mandatory secondary review. Criterion C: Nominees must not have any pending criminal charges in any court in the Philippines. Criterion D: Age at appointment must not exceed 70 years. Which of the following CANNOT BE TRUE about an approved judicial appointment?","STRIPPED_PASSAGE_PREFIX",true,2026-08-19T09:28:30.936Z
cmstkgear00un20u1l0j6vjor,prompt,"Passage: An environmental agency regulates pollution emissions with the following standards: Standard X: All industrial facilities must maintain particulate matter (PM) emissions at or below 150 µg/m³. Standard Y: Facilities exceeding 150 µg/m³ but not exceeding 200 µg/m³ are placed on a 90-day compliance improvement program. Standard Z: Facilities exceeding 200 µg/m³ are subject to immediate closure order. Standard W: Facilities under a compliance improvement program (CIP) continue operations during the program period. Which of the following CANNOT BE TRUE under these standards?","An environmental agency regulates pollution emissions with the following standards: Standard X: All industrial facilities must maintain particulate matter (PM) emissions at or below 150 µg/m³. Standard Y: Facilities exceeding 150 µg/m³ but not exceeding 200 µg/m³ are placed on a 90-day compliance improvement program. Standard Z: Facilities exceeding 200 µg/m³ are subject to immediate closure order. Standard W: Facilities under a compliance improvement program (CIP) continue operations during the program period. Which of the following CANNOT BE TRUE under these standards?","STRIPPED_PASSAGE_PREFIX",true,2026-08-19T09:28:31.040Z
cmstkgear00uo20u1ouhotihf,prompt,"Passage: A government employee benefits plan defines retirement eligibility as follows: Rule α: An employee is eligible for full retirement benefits upon reaching age 60 with at least 30 years of government service. Rule β: An employee may opt for early retirement at age 55 with at least 25 years of service, receiving reduced benefits. Rule γ: Compulsory retirement occurs at age 65 regardless of service length. Rule δ: An employee who retires with fewer than 15 years of government service receives only the employee's personal share of retirement contributions, with no government matching. Which of the following CANNOT BE TRUE under these retirement rules?","A government employee benefits plan defines retirement eligibility as follows: Rule α: An employee is eligible for full retirement benefits upon reaching age 60 with at least 30 years of government service. Rule β: An employee may opt for early retirement at age 55 with at least 25 years of service, receiving reduced benefits. Rule γ: Compulsory retirement occurs at age 65 regardless of service length. Rule δ: An employee who retires with fewer than 15 years of government service receives only the employee's personal share of retirement contributions, with no government matching. Which of the following CANNOT BE TRUE under these retirement rules?","STRIPPED_PASSAGE_PREFIX",true,2026-08-19T09:28:31.147Z
cmstkgear00uk20u1p2lqhva4,prompt,"Passage: An official election law provides the following candidacy requirements for a local government position: Requirement I: The candidate must be a registered voter in the locality where they seek election. Requirement II: The candidate must be at least 18 years of age on Election Day. Requirement III: The candidate must have resided in the locality for at least one year immediately before Election Day. Requirement IV: A candidate who holds another elected position must resign from that position at least six months before filing a certificate of candidacy. Which of the following CANNOT BE TRUE about a validly filed candidacy?","An official election law provides the following candidacy requirements for a local government position: Requirement I: The candidate must be a registered voter in the locality where they seek election. Requirement II: The candidate must be at least 18 years of age on Election Day. Requirement III: The candidate must have resided in the locality for at least one year immediately before Election Day. Requirement IV: A candidate who holds another elected position must resign from that position at least six months before filing a certificate of candidacy. Which of the following CANNOT BE TRUE about a validly filed candidacy?","STRIPPED_PASSAGE_PREFIX",true,2026-08-19T09:28:31.255Z
cmstkgeas00wg20u1sllk122b,prompt,"Passage: A 6-year temperature anomaly dataset (departure from historical average, in °C) is recorded: Year 1=+0.4; Year 2=+0.6; Year 3=+0.3; Year 4=+0.8; Year 5=+1.1; Year 6=+1.4. An environmental scientist is asked to interpret the trend. Which conclusion is MOST SUPPORTED by the six-year trend data?","A 6-year temperature anomaly dataset (departure from historical average, in °C) is recorded: Year 1=+0.4; Year 2=+0.6; Year 3=+0.3; Year 4=+0.8; Year 5=+1.1; Year 6=+1.4. An environmental scientist is asked to interpret the trend. Which conclusion is MOST SUPPORTED by the six-year trend data?","STRIPPED_PASSAGE_PREFIX",true,2026-08-19T09:28:31.360Z
cmstkgeat00x620u1kvo23qzr,prompt,"Passage: A data center maintains server infrastructure with the following ratios: For every 1 physical server, the facility supports 12 virtual machines. Each virtual machine handles an average of 8 active user sessions. The data center currently has 84 physical servers. Based on these compound ratios, what is the TOTAL NUMBER OF ACTIVE USER SESSIONS the data center can support?","A data center maintains server infrastructure with the following ratios: For every 1 physical server, the facility supports 12 virtual machines. Each virtual machine handles an average of 8 active user sessions. The data center currently has 84 physical servers. Based on these compound ratios, what is the TOTAL NUMBER OF ACTIVE USER SESSIONS the data center can support?","STRIPPED_PASSAGE_PREFIX",true,2026-08-19T09:28:31.468Z
cmstkgeat00x820u1v47a194n,prompt,"Passage: A government agency's monthly overtime expenses (PHP thousands) for eight months are: Jan=42.8, Feb=38.4, Mar=51.2, Apr=47.6, May=39.1, Jun=44.3, Jul=53.7, Aug=48.9. The finance officer needs to calculate the WEIGHTED AVERAGE monthly overtime expense, where months Jan-Apr carry a weight of 1.5 (peak season) and months May-Aug carry a weight of 1.0 (off-peak). What is the WEIGHTED AVERAGE?","A government agency's monthly overtime expenses (PHP thousands) for eight months are: Jan=42.8, Feb=38.4, Mar=51.2, Apr=47.6, May=39.1, Jun=44.3, Jul=53.7, Aug=48.9. The finance officer needs to calculate the WEIGHTED AVERAGE monthly overtime expense, where months Jan-Apr carry a weight of 1.5 (peak season) and months May-Aug carry a weight of 1.0 (off-peak). What is the WEIGHTED AVERAGE?","STRIPPED_PASSAGE_PREFIX",true,2026-08-19T09:28:31.575Z
cmstkgeat00x720u1c8l25k9t,prompt,"Passage: A civil service review center tracks the pretest scores of 8 examinees: 72, 85, 68, 91, 76, 83, 79, 88. The center director needs to compute the ARITHMETIC MEAN, MEDIAN, and MODE of the scores to analyze class performance. Which of the following correctly states all three measures?","A civil service review center tracks the pretest scores of 8 examinees: 72, 85, 68, 91, 76, 83, 79, 88. The center director needs to compute the ARITHMETIC MEAN, MEDIAN, and MODE of the scores to analyze class performance. Which of the following correctly states all three measures?","STRIPPED_PASSAGE_PREFIX",true,2026-08-19T09:28:31.679Z
cmstkgeat00x220u15xwvcwgn,prompt,"Passage: A government procurement office compares the cost-efficiency of two competing bids for a supply contract. Bid A: PHP 2.4 million for 6,000 units. Bid B: PHP 3.1 million for 8,200 units. The office must select the bid with the LOWER COST PER UNIT. Which bid should be selected, and what is the difference in cost per unit?","A government procurement office compares the cost-efficiency of two competing bids for a supply contract. Bid A: PHP 2.4 million for 6,000 units. Bid B: PHP 3.1 million for 8,200 units. The office must select the bid with the LOWER COST PER UNIT. Which bid should be selected, and what is the difference in cost per unit?","STRIPPED_PASSAGE_PREFIX",true,2026-08-19T09:28:31.800Z
cmstkgeat00x420u1oarycszm,prompt,"Passage: A school district data shows: Total students = 84,200. Teachers = 2,106. Classrooms = 1,684. The district's standard requires a student-teacher ratio ≤ 40:1 and a student-classroom ratio ≤ 50:1. Based on the data, which standard(s) does the district CURRENTLY MEET?","A school district data shows: Total students = 84,200. Teachers = 2,106. Classrooms = 1,684. The district's standard requires a student-teacher ratio ≤ 40:1 and a student-classroom ratio ≤ 50:1. Based on the data, which standard(s) does the district CURRENTLY MEET?","STRIPPED_PASSAGE_PREFIX",true,2026-08-19T09:28:31.919Z
cmstkgeat00x320u1fdsuxaer,prompt,"Passage: A city's annual report provides the following demographic and economic data: Total population = 1,247,800. Labor force = 623,400. Employed = 581,600. Unemployed = 41,800. Based on this data, calculate the UNEMPLOYMENT RATE and the LABOR FORCE PARTICIPATION RATE (LFPR).","A city's annual report provides the following demographic and economic data: Total population = 1,247,800. Labor force = 623,400. Employed = 581,600. Unemployed = 41,800. Based on this data, calculate the UNEMPLOYMENT RATE and the LABOR FORCE PARTICIPATION RATE (LFPR).","STRIPPED_PASSAGE_PREFIX",true,2026-08-19T09:28:32.024Z
cmstkgeat00wy20u1bzgyvqfv,prompt,"Passage: A provincial government allocates its PHP 1.2 billion annual budget across four departments in the following ratio: Education:Health:Infrastructure:Administration = 5:3:4:2. Based on this allocation ratio, how much does the Infrastructure Department receive?","A provincial government allocates its PHP 1.2 billion annual budget across four departments in the following ratio: Education:Health:Infrastructure:Administration = 5:3:4:2. Based on this allocation ratio, how much does the Infrastructure Department receive?","STRIPPED_PASSAGE_PREFIX",true,2026-08-19T09:28:32.129Z
cmstkgeat00x020u1kc02he9l,prompt,"Passage: A laboratory test kit manufacturer supplies kits in the following proportions to three types of clients: Government hospitals receive 3 parts, private clinics receive 5 parts, and research institutes receive 2 parts of each production batch. A batch of 12,000 kits was recently produced. Based on the allocation ratio, how many kits does EACH TYPE of client receive, and which client type receives the MOST?","A laboratory test kit manufacturer supplies kits in the following proportions to three types of clients: Government hospitals receive 3 parts, private clinics receive 5 parts, and research institutes receive 2 parts of each production batch. A batch of 12,000 kits was recently produced. Based on the allocation ratio, how many kits does EACH TYPE of client receive, and which client type receives the MOST?","STRIPPED_PASSAGE_PREFIX",true,2026-08-19T09:28:32.250Z
cmstkgeat00wz20u1w7vg9oef,prompt,"Passage: A municipal utility company serves 28,400 water connection subscribers with 340 field technicians. The standard for water utility staffing requires 1 technician per 80 subscribers. The utility manager is evaluating staffing adequacy. How many ADDITIONAL technicians are needed to meet the standard?","A municipal utility company serves 28,400 water connection subscribers with 340 field technicians. The standard for water utility staffing requires 1 technician per 80 subscribers. The utility manager is evaluating staffing adequacy. How many ADDITIONAL technicians are needed to meet the standard?","STRIPPED_PASSAGE_PREFIX",true,2026-08-19T09:28:32.352Z
cmstkgeas00wt20u1c2i6x4au,prompt,"Passage: A government agency's annual performance report shows target vs. actual achievements: Goal 1: Target=500 beneficiaries, Actual=543. Goal 2: Target=80% satisfaction, Actual=76.4%. Goal 3: Target=PHP 12M budget utilization, Actual=PHP 13.8M utilized. Goal 4: Target=120 projects completed, Actual=114. For each goal, the percent change between target and actual represents the variance. Which goal showed the LARGEST ABSOLUTE PERCENTAGE VARIANCE from its target?","A government agency's annual performance report shows target vs. actual achievements: Goal 1: Target=500 beneficiaries, Actual=543. Goal 2: Target=80% satisfaction, Actual=76.4%. Goal 3: Target=PHP 12M budget utilization, Actual=PHP 13.8M utilized. Goal 4: Target=120 projects completed, Actual=114. For each goal, the percent change between target and actual represents the variance. Which goal showed the LARGEST ABSOLUTE PERCENTAGE VARIANCE from its target?","STRIPPED_PASSAGE_PREFIX",true,2026-08-19T09:28:32.457Z
cmstkgeas00wv20u1ruzxzp0e,prompt,"Passage: A city collected the following quarterly tax revenues in a fiscal year: Q1=PHP 28.4M; Q2=PHP 32.1M; Q3=PHP 29.7M; Q4=PHP 38.6M. The city treasurer wants to calculate: (A) the quarter-over-quarter percentage changes, and (B) identify the quarter that showed the LARGEST ABSOLUTE DECLINE from the preceding quarter. Which answer is CORRECT for both (A) and (B)?","A city collected the following quarterly tax revenues in a fiscal year: Q1=PHP 28.4M; Q2=PHP 32.1M; Q3=PHP 29.7M; Q4=PHP 38.6M. The city treasurer wants to calculate: (A) the quarter-over-quarter percentage changes, and (B) identify the quarter that showed the LARGEST ABSOLUTE DECLINE from the preceding quarter. Which answer is CORRECT for both (A) and (B)?","STRIPPED_PASSAGE_PREFIX",true,2026-08-19T09:28:32.563Z
cmstkgeas00wu20u15gmy92kl,prompt,"Passage: A regional economic zone reported the following annual foreign direct investment (FDI) figures (PHP billions): Year 1=24.8; Year 2=28.3; Year 3=31.9; Year 4=36.4; Year 5=41.6. An analyst claims: 'FDI in Year 5 is approximately 67.7% higher than in Year 1.' Is this claim CORRECT, and what is the PRECISE PERCENTAGE INCREASE?","A regional economic zone reported the following annual foreign direct investment (FDI) figures (PHP billions): Year 1=24.8; Year 2=28.3; Year 3=31.9; Year 4=36.4; Year 5=41.6. An analyst claims: 'FDI in Year 5 is approximately 67.7% higher than in Year 1.' Is this claim CORRECT, and what is the PRECISE PERCENTAGE INCREASE?","STRIPPED_PASSAGE_PREFIX",true,2026-08-19T09:28:32.665Z
cmstkgeas00wq20u1x54a3apo,prompt,"Passage: The following table shows a government agency's procurement expenditures (PHP millions) over three years. Year 1: Goods=12.4, Services=8.7, Infrastructure=34.2. Total=55.3. Year 2: Goods=13.8, Services=9.4, Infrastructure=38.6. Total=61.8. Year 3: Goods=15.1, Services=11.2, Infrastructure=42.8. Total=69.1. Based on this data, which procurement category showed the LARGEST PERCENTAGE INCREASE from Year 1 to Year 3?","The following table shows a government agency's procurement expenditures (PHP millions) over three years. Year 1: Goods=12.4, Services=8.7, Infrastructure=34.2. Total=55.3. Year 2: Goods=13.8, Services=9.4, Infrastructure=38.6. Total=61.8. Year 3: Goods=15.1, Services=11.2, Infrastructure=42.8. Total=69.1. Based on this data, which procurement category showed the LARGEST PERCENTAGE INCREASE from Year 1 to Year 3?","STRIPPED_PASSAGE_PREFIX",true,2026-08-19T09:28:32.769Z
cmstkgeas00ws20u1u5y2n90x,prompt,"Passage: A local government's tax collection report shows the following revenue figures for three quarters. Quarter 1=PHP 34.8 million; Quarter 2=PHP 38.4 million; Quarter 3=PHP 41.7 million. A finance officer projects Quarter 4 revenue using the average quarterly growth rate from the first three quarters. What is the PROJECTED Quarter 4 revenue?","A local government's tax collection report shows the following revenue figures for three quarters. Quarter 1=PHP 34.8 million; Quarter 2=PHP 38.4 million; Quarter 3=PHP 41.7 million. A finance officer projects Quarter 4 revenue using the average quarterly growth rate from the first three quarters. What is the PROJECTED Quarter 4 revenue?","STRIPPED_PASSAGE_PREFIX",true,2026-08-19T09:28:32.874Z
cmstkgeas00wl20u1ityl1bcq,prompt,"Passage: Monthly electricity consumption (kWh, in millions) for a province over 12 months: Jan=842; Feb=817; Mar=789; Apr=761; May=736; Jun=724; Jul=738; Aug=754; Sep=771; Oct=788; Nov=812; Dec=841. Based on the trend data, which of the following CORRECTLY identifies the INFLECTION POINTS and overall pattern?","Monthly electricity consumption (kWh, in millions) for a province over 12 months: Jan=842; Feb=817; Mar=789; Apr=761; May=736; Jun=724; Jul=738; Aug=754; Sep=771; Oct=788; Nov=812; Dec=841. Based on the trend data, which of the following CORRECTLY identifies the INFLECTION POINTS and overall pattern?","STRIPPED_PASSAGE_PREFIX",true,2026-08-19T09:28:32.998Z
cmstkgeas00wo20u154cd64cs,prompt,"Passage: An audit report shows the following year-over-year changes in a department's budget: Year 2 vs Year 1: +8.4%. Year 3 vs Year 2: +12.6%. Year 4 vs Year 3: -4.2%. Year 5 vs Year 4: +15.3%. The Year 1 budget was PHP 120 million. Based on this data, what is the APPROXIMATE budget in Year 5?","An audit report shows the following year-over-year changes in a department's budget: Year 2 vs Year 1: +8.4%. Year 3 vs Year 2: +12.6%. Year 4 vs Year 3: -4.2%. Year 5 vs Year 4: +15.3%. The Year 1 budget was PHP 120 million. Based on this data, what is the APPROXIMATE budget in Year 5?","STRIPPED_PASSAGE_PREFIX",true,2026-08-19T09:28:33.106Z
cmstkgeas00wm20u1lptzaghe,prompt,"Passage: A provincial poverty incidence trend over 10 years shows the following data points: Year 1=38.4%; Year 2=36.1%; Year 3=34.7%; Year 4=33.2%; Year 5=31.8%; Year 6=30.4%; Year 7=29.1%; Year 8=27.6%; Year 9=26.3%; Year 10=25.1%. A development economist is asked to evaluate the trend. Which of the following is BEST supported by the trend?","A provincial poverty incidence trend over 10 years shows the following data points: Year 1=38.4%; Year 2=36.1%; Year 3=34.7%; Year 4=33.2%; Year 5=31.8%; Year 6=30.4%; Year 7=29.1%; Year 8=27.6%; Year 9=26.3%; Year 10=25.1%. A development economist is asked to evaluate the trend. Which of the following is BEST supported by the trend?","STRIPPED_PASSAGE_PREFIX",true,2026-08-19T09:28:33.209Z
cmstkgeas00wj20u1lugfykyu,prompt,"Passage: A 5-year trend shows the number of annual traffic accidents on a national highway: Year 1=1,247; Year 2=1,183; Year 3=1,098; Year 4=1,042; Year 5=987. Road safety engineers need to project when accidents could fall below 900 if the current trend continues. Based on the trend data, in which year would accidents MOST LIKELY fall below 900?","A 5-year trend shows the number of annual traffic accidents on a national highway: Year 1=1,247; Year 2=1,183; Year 3=1,098; Year 4=1,042; Year 5=987. Road safety engineers need to project when accidents could fall below 900 if the current trend continues. Based on the trend data, in which year would accidents MOST LIKELY fall below 900?","STRIPPED_PASSAGE_PREFIX",true,2026-08-19T09:28:33.313Z
cmstkgeas00we20u1t2745j9z,prompt,"Passage: Enrollment data for a university shows the following annual figures over seven years: Year 1=18,420; Year 2=19,140; Year 3=19,870; Year 4=21,320; Year 5=20,840; Year 6=21,760; Year 7=22,480. An education analyst is asked to characterize the enrollment trend for planning purposes. Which characterization is MOST ACCURATE?","Enrollment data for a university shows the following annual figures over seven years: Year 1=18,420; Year 2=19,140; Year 3=19,870; Year 4=21,320; Year 5=20,840; Year 6=21,760; Year 7=22,480. An education analyst is asked to characterize the enrollment trend for planning purposes. Which characterization is MOST ACCURATE?","STRIPPED_PASSAGE_PREFIX",true,2026-08-19T09:28:33.416Z
cmstkgeas00wf20u1m7ruafte,prompt,"Passage: A municipal revenue trend report presents the following annual data (PHP millions): Year 1=42.8; Year 2=45.3; Year 3=48.7; Year 4=52.1; Year 5=55.9; Year 6=60.4; Year 7=65.2; Year 8=70.8; Year 9=76.9; Year 10=83.4. Based on the trend, which statement about the GROWTH PATTERN is most accurate?","A municipal revenue trend report presents the following annual data (PHP millions): Year 1=42.8; Year 2=45.3; Year 3=48.7; Year 4=52.1; Year 5=55.9; Year 6=60.4; Year 7=65.2; Year 8=70.8; Year 9=76.9; Year 10=83.4. Based on the trend, which statement about the GROWTH PATTERN is most accurate?","STRIPPED_PASSAGE_PREFIX",true,2026-08-19T09:28:33.539Z
cmstkgeat00xa20u1cxd6yb16,prompt,"Passage: An HR performance report shows the average quarterly performance rating (out of 100) for 5 employees over 4 quarters. Employee A: Q1=84, Q2=87, Q3=82, Q4=90. Annual avg=85.75. Employee B: Q1=76, Q2=79, Q3=81, Q4=83. Annual avg=79.75. Employee C: Q1=91, Q2=88, Q3=94, Q4=89. Annual avg=90.5. Employee D: Q1=72, Q2=74, Q3=71, Q4=78. Annual avg=73.75. Employee E: Q1=88, Q2=85, Q3=87, Q4=92. Annual avg=88.0. The department average is computed as the average of all five employees' annual averages. Based on this data, which employees performed ABOVE the department average?","An HR performance report shows the average quarterly performance rating (out of 100) for 5 employees over 4 quarters. Employee A: Q1=84, Q2=87, Q3=82, Q4=90. Annual avg=85.75. Employee B: Q1=76, Q2=79, Q3=81, Q4=83. Annual avg=79.75. Employee C: Q1=91, Q2=88, Q3=94, Q4=89. Annual avg=90.5. Employee D: Q1=72, Q2=74, Q3=71, Q4=78. Annual avg=73.75. Employee E: Q1=88, Q2=85, Q3=87, Q4=92. Annual avg=88.0. The department average is computed as the average of all five employees' annual averages. Based on this data, which employees performed ABOVE the department average?","STRIPPED_PASSAGE_PREFIX",true,2026-08-19T09:28:33.659Z
cmstkgeat00xb20u19yonixw0,prompt,"Passage: A regional economic survey reports annual household income data for three income groups in a province. Low-income households (3,200 families): Average income = PHP 84,200/year. Middle-income households (1,800 families): Average income = PHP 246,800/year. High-income households (420 families): Average income = PHP 1,240,000/year. Based on this data, what is the OVERALL PROVINCIAL AVERAGE HOUSEHOLD INCOME (weighted by number of families)?","A regional economic survey reports annual household income data for three income groups in a province. Low-income households (3,200 families): Average income = PHP 84,200/year. Middle-income households (1,800 families): Average income = PHP 246,800/year. High-income households (420 families): Average income = PHP 1,240,000/year. Based on this data, what is the OVERALL PROVINCIAL AVERAGE HOUSEHOLD INCOME (weighted by number of families)?","STRIPPED_PASSAGE_PREFIX",true,2026-08-19T09:28:33.864Z
cmstkgeas00wk20u10nl2wzwt,prompt,"Passage: Annual public school teacher vacancy data over six years shows: Year 1=12,400; Year 2=14,800; Year 3=17,600; Year 4=21,200; Year 5=25,400; Year 6=30,400. The Department of Education is studying whether the vacancy trend is linear or exponential. Based on the trend data, which characterization is MOST ACCURATE, and what does this imply for future planning?","Annual public school teacher vacancy data over six years shows: Year 1=12,400; Year 2=14,800; Year 3=17,600; Year 4=21,200; Year 5=25,400; Year 6=30,400. The Department of Education is studying whether the vacancy trend is linear or exponential. Based on the trend data, which characterization is MOST ACCURATE, and what does this imply for future planning?","STRIPPED_PASSAGE_PREFIX",true,2026-08-19T09:28:33.971Z
cmstkgeas00ww20u12esqvsge,prompt,"Passage: A national agency's annual report shows staff headcount data over four years: Year 1=1,240; Year 2=1,187; Year 3=1,143; Year 4=1,098. An HR officer calculates that the agency has been reducing its workforce and wants to know the OVERALL PERCENTAGE REDUCTION from Year 1 to Year 4, and the AVERAGE ANNUAL PERCENTAGE REDUCTION rate. Which of the following is CORRECT?","A national agency's annual report shows staff headcount data over four years: Year 1=1,240; Year 2=1,187; Year 3=1,143; Year 4=1,098. An HR officer calculates that the agency has been reducing its workforce and wants to know the OVERALL PERCENTAGE REDUCTION from Year 1 to Year 4, and the AVERAGE ANNUAL PERCENTAGE REDUCTION rate. Which of the following is CORRECT?","STRIPPED_PASSAGE_PREFIX",true,2026-08-19T09:28:34.075Z
cmstkgeas00wn20u140dqmr7g,prompt,"Passage: The following data shows the annual budget of a government agency over five years: Year 1=PHP 84 million; Year 2=PHP 97.44 million; Year 3=PHP 112.93 million; Year 4=PHP 130.84 million; Year 5=PHP 151.61 million. Based on this data, what is the approximate COMPOUND ANNUAL GROWTH RATE (CAGR) of the agency's budget from Year 1 to Year 5?","The following data shows the annual budget of a government agency over five years: Year 1=PHP 84 million; Year 2=PHP 97.44 million; Year 3=PHP 112.93 million; Year 4=PHP 130.84 million; Year 5=PHP 151.61 million. Based on this data, what is the approximate COMPOUND ANNUAL GROWTH RATE (CAGR) of the agency's budget from Year 1 to Year 5?","STRIPPED_PASSAGE_PREFIX",true,2026-08-19T09:28:34.179Z
cmstkgear00v920u1kjgvxvna,prompt,"Passage: A bar graph shows the number of government-sponsored housing units completed in five provinces over two years. The bars show the following values: Province Alpha: Year 1 = 1,240 units, Year 2 = 1,580 units. Province Beta: Year 1 = 890 units, Year 2 = 940 units. Province Gamma: Year 1 = 2,130 units, Year 2 = 1,870 units. Province Δ: Year 1 = 670 units, Year 2 = 1,120 units. Province Epsilon: Year 1 = 1,450 units, Year 2 = 1,450 units. Based on this bar graph data, which province showed BOTH the largest percentage INCREASE from Year 1 to Year 2 AND had a Year 2 total exceeding 1,000 units?","A bar graph shows the number of government-sponsored housing units completed in five provinces over two years. The bars show the following values: Province Alpha: Year 1 = 1,240 units, Year 2 = 1,580 units. Province Beta: Year 1 = 890 units, Year 2 = 940 units. Province Gamma: Year 1 = 2,130 units, Year 2 = 1,870 units. Province Δ: Year 1 = 670 units, Year 2 = 1,120 units. Province Epsilon: Year 1 = 1,450 units, Year 2 = 1,450 units. Based on this bar graph data, which province showed BOTH the largest percentage INCREASE from Year 1 to Year 2 AND had a Year 2 total exceeding 1,000 units?","STRIPPED_PASSAGE_PREFIX",true,2026-08-19T09:28:34.286Z
cmstkgear00uv20u1q4ivy4bq,prompt,"Passage: A regional court is reviewing five pending civil cases for resolution prioritization under a case disposition program. Each case has been assessed on: (1) Filing date (oldest = highest priority), (2) Nature (cases involving minors are elevated), (3) Complexity (simple = higher priority, complex = lower priority). Case data: Case A: Filed January 2019, involves a minor, simple case. Case B: Filed March 2017, does not involve a minor, complex case. Case C: Filed August 2018, involves a minor, complex case. Case D: Filed June 2015, does not involve a minor, simple case. Case E: Filed November 2020, involves a minor, simple case. Which case is MOST LIKELY to be prioritized for the earliest resolution?","A regional court is reviewing five pending civil cases for resolution prioritization under a case disposition program. Each case has been assessed on: (1) Filing date (oldest = highest priority), (2) Nature (cases involving minors are elevated), (3) Complexity (simple = higher priority, complex = lower priority). Case data: Case A: Filed January 2019, involves a minor, simple case. Case B: Filed March 2017, does not involve a minor, complex case. Case C: Filed August 2018, involves a minor, complex case. Case D: Filed June 2015, does not involve a minor, simple case. Case E: Filed November 2020, involves a minor, simple case. Which case is MOST LIKELY to be prioritized for the earliest resolution?","STRIPPED_PASSAGE_PREFIX",true,2026-08-19T09:28:34.395Z
cmstkgear00vc20u1kjis9vpy,prompt,"Passage: A grouped bar graph shows the quarterly budget allocation vs. actual spending (in PHP millions) for a regional agency across four quarters. The data values are: Q1: Allocated=24.5, Actual=21.3. Q2: Allocated=26.8, Actual=28.4. Q3: Allocated=29.1, Actual=27.6. Q4: Allocated=31.6, Actual=34.2. Based on the bar graph data, in which quarters did ACTUAL spending EXCEED the quarterly ALLOCATION, and what was the combined excess amount?","A grouped bar graph shows the quarterly budget allocation vs. actual spending (in PHP millions) for a regional agency across four quarters. The data values are: Q1: Allocated=24.5, Actual=21.3. Q2: Allocated=26.8, Actual=28.4. Q3: Allocated=29.1, Actual=27.6. Q4: Allocated=31.6, Actual=34.2. Based on the bar graph data, in which quarters did ACTUAL spending EXCEED the quarterly ALLOCATION, and what was the combined excess amount?","STRIPPED_PASSAGE_PREFIX",true,2026-08-19T09:28:34.503Z
cmstkgear00ul20u1wrrcgvio,prompt,"Passage: An audit team examining a local government unit's financial records has identified the following conditions: Condition 1: All disbursement vouchers must bear the signature of the accounting officer before payment is released. Condition 2: Emergency disbursements may be made by the treasurer without the accounting officer's prior signature, subject to post-audit within 72 hours. Condition 3: Disbursements for personal services (salaries) are automatically approved if the payroll has been certified by the Human Resources Office. Condition 4: No single disbursement may exceed the LGU's total cash balance at the time of payment. Which of the following CANNOT BE TRUE about a validly processed disbursement?","An audit team examining a local government unit's financial records has identified the following conditions: Condition 1: All disbursement vouchers must bear the signature of the accounting officer before payment is released. Condition 2: Emergency disbursements may be made by the treasurer without the accounting officer's prior signature, subject to post-audit within 72 hours. Condition 3: Disbursements for personal services (salaries) are automatically approved if the payroll has been certified by the Human Resources Office. Condition 4: No single disbursement may exceed the LGU's total cash balance at the time of payment. Which of the following CANNOT BE TRUE about a validly processed disbursement?","STRIPPED_PASSAGE_PREFIX",true,2026-08-19T09:28:34.611Z
cmstkgeas00wx20u1pno3cws1,prompt,"Passage: A government hospital has 840 inpatient beds and serves 12,600 patients annually. The regional health office standard requires a minimum bed-to-patient ratio of 1:14 (one bed per 14 annual patients). Based on this data, does the hospital MEET the standard, and what is its ACTUAL bed-to-patient ratio?","A government hospital has 840 inpatient beds and serves 12,600 patients annually. The regional health office standard requires a minimum bed-to-patient ratio of 1:14 (one bed per 14 annual patients). Based on this data, does the hospital MEET the standard, and what is its ACTUAL bed-to-patient ratio?","STRIPPED_PASSAGE_PREFIX",true,2026-08-19T09:28:34.736Z
cmstkgeas00vl20u1gdn1e8db,prompt,"Passage: A line graph displays the annual number of reported dengue cases in a city from 2017 to 2023. The data points are: 2017=3,412; 2018=4,187; 2019=6,823; 2020=2,341; 2021=1,876; 2022=2,654; 2023=3,891. Based on the line graph, between which two consecutive years was the STEEPEST DECLINE in reported cases?","A line graph displays the annual number of reported dengue cases in a city from 2017 to 2023. The data points are: 2017=3,412; 2018=4,187; 2019=6,823; 2020=2,341; 2021=1,876; 2022=2,654; 2023=3,891. Based on the line graph, between which two consecutive years was the STEEPEST DECLINE in reported cases?","STRIPPED_PASSAGE_PREFIX",true,2026-08-19T09:28:34.841Z
cmstkgear00v120u12gamvw4j,prompt,"Passage: The following table presents a government agency's quarterly expenditure breakdown (in PHP millions) by category for FY 2023. | Category | Q1 | Q2 | Q3 | Q4 | Annual Total | |---|---|---|---|---|---| | Personnel Services | 28.4 | 29.1 | 28.8 | 31.2 | 117.5 | | MOOE | 12.6 | 14.3 | 16.7 | 18.9 | 62.5 | | Capital Outlay | 4.2 | 8.6 | 15.3 | 22.8 | 50.9 | | Financial Expenses | 0.8 | 0.9 | 0.7 | 0.6 | 3.0 | | TOTAL | 46.0 | 52.9 | 61.5 | 73.5 | 233.9 | Which expenditure category showed the MOST CONSISTENT quarterly spending pattern (least variation across quarters)?","The following table presents a government agency's quarterly expenditure breakdown (in PHP millions) by category for FY 2023. | Category | Q1 | Q2 | Q3 | Q4 | Annual Total | |---|---|---|---|---|---| | Personnel Services | 28.4 | 29.1 | 28.8 | 31.2 | 117.5 | | MOOE | 12.6 | 14.3 | 16.7 | 18.9 | 62.5 | | Capital Outlay | 4.2 | 8.6 | 15.3 | 22.8 | 50.9 | | Financial Expenses | 0.8 | 0.9 | 0.7 | 0.6 | 3.0 | | TOTAL | 46.0 | 52.9 | 61.5 | 73.5 | 233.9 | Which expenditure category showed the MOST CONSISTENT quarterly spending pattern (least variation across quarters)?","STRIPPED_PASSAGE_PREFIX",true,2026-08-19T09:28:34.947Z
cmstkgear00uu20u1ggnrrq4y,prompt,"Passage: A national agency is reviewing five policy proposals submitted for the next legislative agenda. Each proposal has been scored by an independent technical panel on three dimensions: (1) Policy Impact (scale 1–10), (2) Political Feasibility (scale 1–10), (3) Implementation Cost (scale 1–10, where 10 = lowest cost = most favorable). Scores: Proposal UNA: Impact=9, Feasibility=6, Cost=5. Composite=20. Proposal DALAWA: Impact=7, Feasibility=8, Cost=9. Composite=24. Proposal TATLO: Impact=8, Feasibility=9, Cost=6. Composite=23. Proposal APAT: Impact=6, Feasibility=7, Cost=8. Composite=21. Proposal LIMA: Impact=5, Feasibility=5, Cost=7. Composite=17. The agency director is reviewing which proposal to champion as the lead legislative priority. Which proposal is the agency director MOST LIKELY to champion?","A national agency is reviewing five policy proposals submitted for the next legislative agenda. Each proposal has been scored by an independent technical panel on three dimensions: (1) Policy Impact (scale 1–10), (2) Political Feasibility (scale 1–10), (3) Implementation Cost (scale 1–10, where 10 = lowest cost = most favorable). Scores: Proposal UNA: Impact=9, Feasibility=6, Cost=5. Composite=20. Proposal DALAWA: Impact=7, Feasibility=8, Cost=9. Composite=24. Proposal TATLO: Impact=8, Feasibility=9, Cost=6. Composite=23. Proposal APAT: Impact=6, Feasibility=7, Cost=8. Composite=21. Proposal LIMA: Impact=5, Feasibility=5, Cost=7. Composite=17. The agency director is reviewing which proposal to champion as the lead legislative priority. Which proposal is the agency director MOST LIKELY to champion?","STRIPPED_PASSAGE_PREFIX",true,2026-08-19T09:28:35.055Z
cmstkgeas00vp20u1no2w9r79,prompt,"Passage: A line graph shows the weekly production output (units) of an assembly line over 10 weeks. The values are: Week 1=1,240; Week 2=1,380; Week 3=1,510; Week 4=1,290; Week 5=1,460; Week 6=1,620; Week 7=1,780; Week 8=1,590; Week 9=1,840; Week 10=2,010. Based on the line graph, what is the MOVING AVERAGE of production for Weeks 6, 7, and 8?","A line graph shows the weekly production output (units) of an assembly line over 10 weeks. The values are: Week 1=1,240; Week 2=1,380; Week 3=1,510; Week 4=1,290; Week 5=1,460; Week 6=1,620; Week 7=1,780; Week 8=1,590; Week 9=1,840; Week 10=2,010. Based on the line graph, what is the MOVING AVERAGE of production for Weeks 6, 7, and 8?","STRIPPED_PASSAGE_PREFIX",true,2026-08-19T09:28:35.162Z
cmstkgeas00vk20u1xrnpxjzx,prompt,"Passage: A multi-line graph shows the monthly sales performance (in PHP millions) of three product lines over six months. Line data: Product A: Jan=4.2, Feb=4.8, Mar=5.4, Apr=5.1, May=5.7, Jun=6.3. Product B: Jan=7.8, Feb=7.2, Mar=6.6, Apr=6.9, May=6.3, Jun=5.7. Product C: Jan=3.1, Feb=3.4, Mar=3.2, Apr=3.8, May=3.6, Jun=4.1. Based on the multi-line graph, at what month do the lines for Product A and Product B INTERSECT (i.e., reach equal sales)?","A multi-line graph shows the monthly sales performance (in PHP millions) of three product lines over six months. Line data: Product A: Jan=4.2, Feb=4.8, Mar=5.4, Apr=5.1, May=5.7, Jun=6.3. Product B: Jan=7.8, Feb=7.2, Mar=6.6, Apr=6.9, May=6.3, Jun=5.7. Product C: Jan=3.1, Feb=3.4, Mar=3.2, Apr=3.8, May=3.6, Jun=4.1. Based on the multi-line graph, at what month do the lines for Product A and Product B INTERSECT (i.e., reach equal sales)?","STRIPPED_PASSAGE_PREFIX",true,2026-08-19T09:28:35.266Z
cmstkgear00vd20u1bifbl0cy,prompt,"Passage: A stacked bar graph shows the composition of local government revenue by source for three municipalities in a province. Each bar totals to 100% with these proportions: Municipality Uno: Real Property Tax=38%, Business Tax=27%, Fees=15%, IRA=20%. Municipality Dos: Real Property Tax=22%, Business Tax=19%, Fees=12%, IRA=47%. Municipality Tres: Real Property Tax=31%, Business Tax=24%, Fees=18%, IRA=27%. Additionally, the total annual revenues are: Uno=PHP 84.2M, Dos=PHP 67.5M, Tres=PHP 91.8M. Based on the stacked bar graph and total revenues, which municipality collected the HIGHEST ABSOLUTE amount from Business Tax?","A stacked bar graph shows the composition of local government revenue by source for three municipalities in a province. Each bar totals to 100% with these proportions: Municipality Uno: Real Property Tax=38%, Business Tax=27%, Fees=15%, IRA=20%. Municipality Dos: Real Property Tax=22%, Business Tax=19%, Fees=12%, IRA=47%. Municipality Tres: Real Property Tax=31%, Business Tax=24%, Fees=18%, IRA=27%. Additionally, the total annual revenues are: Uno=PHP 84.2M, Dos=PHP 67.5M, Tres=PHP 91.8M. Based on the stacked bar graph and total revenues, which municipality collected the HIGHEST ABSOLUTE amount from Business Tax?","STRIPPED_PASSAGE_PREFIX",true,2026-08-19T09:28:35.372Z
cmstkgeas00vo20u1h0gmz260,prompt,"Passage: A line graph presents the annual yield per hectare (metric tons/ha) of three rice varieties over five crop years. Variety X: Y1=4.2, Y2=4.6, Y3=5.1, Y4=5.0, Y5=5.4. Variety Y: Y1=5.8, Y2=5.6, Y3=5.3, Y4=5.1, Y5=4.9. Variety Z: Y1=3.6, Y2=4.1, Y3=4.7, Y4=5.2, Y5=5.7. Based on the line graph, which variety showed the MOST CONSISTENT IMPROVEMENT across all five years without any single-year decline?","A line graph presents the annual yield per hectare (metric tons/ha) of three rice varieties over five crop years. Variety X: Y1=4.2, Y2=4.6, Y3=5.1, Y4=5.0, Y5=5.4. Variety Y: Y1=5.8, Y2=5.6, Y3=5.3, Y4=5.1, Y5=4.9. Variety Z: Y1=3.6, Y2=4.1, Y3=4.7, Y4=5.2, Y5=5.7. Based on the line graph, which variety showed the MOST CONSISTENT IMPROVEMENT across all five years without any single-year decline?","STRIPPED_PASSAGE_PREFIX",true,2026-08-19T09:28:35.477Z
cmstkgeas00wp20u1pmurkf0u,prompt,"Passage: A hospital performance report shows the following patient satisfaction scores over three assessment periods: Period 1=72.4%; Period 2=79.6%; Period 3=84.3%. An administrator wants to know both the ABSOLUTE and PERCENTAGE CHANGE from Period 1 to Period 3. Which correctly states BOTH figures?","A hospital performance report shows the following patient satisfaction scores over three assessment periods: Period 1=72.4%; Period 2=79.6%; Period 3=84.3%. An administrator wants to know both the ABSOLUTE and PERCENTAGE CHANGE from Period 1 to Period 3. Which correctly states BOTH figures?","STRIPPED_PASSAGE_PREFIX",true,2026-08-19T09:28:35.585Z
cmstkgeas00vt20u1pc70dybg,prompt,"Passage: A pie chart shows the distribution of a provincial government's annual budget of PHP 2.4 billion across six expenditure sectors. The sector percentages are: Education=34%, Health=18%, Infrastructure=22%, Agriculture=11%, Social Welfare=9%, Administration=6%. Based on the pie chart, what is the ABSOLUTE AMOUNT allocated to the combined Health and Social Welfare sectors?","A pie chart shows the distribution of a provincial government's annual budget of PHP 2.4 billion across six expenditure sectors. The sector percentages are: Education=34%, Health=18%, Infrastructure=22%, Agriculture=11%, Social Welfare=9%, Administration=6%. Based on the pie chart, what is the ABSOLUTE AMOUNT allocated to the combined Health and Social Welfare sectors?","STRIPPED_PASSAGE_PREFIX",true,2026-08-19T09:28:35.698Z
cmstkgear00v520u1uy9f2ef3,prompt,"Passage: The following table compares the land area (in hectares) and population for five municipalities in a province, and includes the population density (persons per km²) column which has one missing value. | Municipality | Land Area (km²) | Population | Pop. Density (per km²) | |---|---|---|---| | Bayan A | 142.6 | 38,420 | 269.4 | | Bayan B | 87.3 | 31,650 | 362.5 | | Bayan C | 213.8 | 54,210 | ? | | Bayan D | 95.4 | 29,870 | 313.1 | | Bayan E | 178.2 | 43,560 | 244.4 | Based on the data, what is the CORRECT population density for Bayan C (rounded to one decimal place), and which municipality has the HIGHEST population density?","The following table compares the land area (in hectares) and population for five municipalities in a province, and includes the population density (persons per km²) column which has one missing value. | Municipality | Land Area (km²) | Population | Pop. Density (per km²) | |---|---|---|---| | Bayan A | 142.6 | 38,420 | 269.4 | | Bayan B | 87.3 | 31,650 | 362.5 | | Bayan C | 213.8 | 54,210 | ? | | Bayan D | 95.4 | 29,870 | 313.1 | | Bayan E | 178.2 | 43,560 | 244.4 | Based on the data, what is the CORRECT population density for Bayan C (rounded to one decimal place), and which municipality has the HIGHEST population density?","STRIPPED_PASSAGE_PREFIX",true,2026-08-19T09:28:35.807Z
cmstkgear00ut20u1feppk9jr,prompt,"Passage: A procurement review committee is evaluating five suppliers for a medical equipment contract based on bid evaluation criteria: Criterion 1: Technical Specification Compliance (pass/fail). Criterion 2: Financial Proposal (lowest bid preferred). Criterion 3: Delivery Timeline (shortest preferred). Bid data: Supplier Perez: Technical = PASS, Bid = PHP 4.2M, Delivery = 45 days. Supplier Quijano: Technical = FAIL, Bid = PHP 3.8M, Delivery = 30 days. Supplier Ramos: Technical = PASS, Bid = PHP 4.6M, Delivery = 25 days. Supplier Santos: Technical = PASS, Bid = PHP 3.9M, Delivery = 50 days. Supplier Tanaka: Technical = PASS, Bid = PHP 4.1M, Delivery = 40 days. Which supplier is MOST LIKELY to be recommended for the contract award?","A procurement review committee is evaluating five suppliers for a medical equipment contract based on bid evaluation criteria: Criterion 1: Technical Specification Compliance (pass/fail). Criterion 2: Financial Proposal (lowest bid preferred). Criterion 3: Delivery Timeline (shortest preferred). Bid data: Supplier Perez: Technical = PASS, Bid = PHP 4.2M, Delivery = 45 days. Supplier Quijano: Technical = FAIL, Bid = PHP 3.8M, Delivery = 30 days. Supplier Ramos: Technical = PASS, Bid = PHP 4.6M, Delivery = 25 days. Supplier Santos: Technical = PASS, Bid = PHP 3.9M, Delivery = 50 days. Supplier Tanaka: Technical = PASS, Bid = PHP 4.1M, Delivery = 40 days. Which supplier is MOST LIKELY to be recommended for the contract award?","STRIPPED_PASSAGE_PREFIX",true,2026-08-19T09:28:35.914Z
cmstkgeat00x520u1gtdqwyvk,prompt,"Passage: A municipal government's social services budget is distributed among four programs in the ratio 7:4:3:2. The total social services budget is PHP 64 million. The program receiving the SECOND-LARGEST share uses its funds for senior citizen benefits. How much does the senior citizen benefits program receive?","A municipal government's social services budget is distributed among four programs in the ratio 7:4:3:2. The total social services budget is PHP 64 million. The program receiving the SECOND-LARGEST share uses its funds for senior citizen benefits. How much does the senior citizen benefits program receive?","STRIPPED_PASSAGE_PREFIX",true,2026-08-19T09:28:36.016Z
cmstkgeas00wr20u1m21sb712,prompt,"Passage: A news report states that the number of registered nurses in the Philippines grew from 487,000 in 2018 to 624,000 in 2023. The report claims this represents 'nearly a 30% increase.' Based on the data, is the claim accurate, and what is the PRECISE PERCENTAGE INCREASE?","A news report states that the number of registered nurses in the Philippines grew from 487,000 in 2018 to 624,000 in 2023. The report claims this represents 'nearly a 30% increase.' Based on the data, is the claim accurate, and what is the PRECISE PERCENTAGE INCREASE?","STRIPPED_PASSAGE_PREFIX",true,2026-08-19T09:28:36.121Z
cmstkgeas00vh20u1xjcymtx5,prompt,"Passage: A bar graph presents the number of infrastructure projects completed by type across three regions. Data: Region A: Roads=14, Bridges=6, School Buildings=23, Health Centers=11, Water Systems=18. Region B: Roads=19, Bridges=4, School Buildings=17, Health Centers=14, Water Systems=12. Region C: Roads=11, Bridges=8, School Buildings=28, Health Centers=9, Water Systems=21. Based on the bar graph, which project TYPE accounted for the LARGEST share of TOTAL completed projects across all three regions combined?","A bar graph presents the number of infrastructure projects completed by type across three regions. Data: Region A: Roads=14, Bridges=6, School Buildings=23, Health Centers=11, Water Systems=18. Region B: Roads=19, Bridges=4, School Buildings=17, Health Centers=14, Water Systems=12. Region C: Roads=11, Bridges=8, School Buildings=28, Health Centers=9, Water Systems=21. Based on the bar graph, which project TYPE accounted for the LARGEST share of TOTAL completed projects across all three regions combined?","STRIPPED_PASSAGE_PREFIX",true,2026-08-19T09:28:36.226Z
cmstkgeas00wh20u1ucgzwg0c,prompt,"Passage: Monthly foreign tourist arrivals (in thousands) to a destination over a 12-month period are as follows: Jan=42.1, Feb=48.7, Mar=54.3, Apr=61.8, May=58.4, Jun=52.1, Jul=48.6, Aug=51.3, Sep=55.7, Oct=62.4, Nov=68.9, Dec=74.2. Based on the trend data, which BEST describes the seasonal pattern?","Monthly foreign tourist arrivals (in thousands) to a destination over a 12-month period are as follows: Jan=42.1, Feb=48.7, Mar=54.3, Apr=61.8, May=58.4, Jun=52.1, Jul=48.6, Aug=51.3, Sep=55.7, Oct=62.4, Nov=68.9, Dec=74.2. Based on the trend data, which BEST describes the seasonal pattern?","STRIPPED_PASSAGE_PREFIX",true,2026-08-19T09:28:36.331Z
cmstkgeas00wd20u1efwfa581,prompt,"Passage: A 10-year trend dataset shows annual government health expenditure (PHP billions) from 2014 to 2023: 2014=87.4, 2015=94.2, 2016=103.8, 2017=118.6, 2018=127.3, 2019=141.7, 2020=186.4, 2021=172.3, 2022=189.8, 2023=204.6. Based on the trend data, which BEST describes the dominant trend pattern over the full 10-year period?","A 10-year trend dataset shows annual government health expenditure (PHP billions) from 2014 to 2023: 2014=87.4, 2015=94.2, 2016=103.8, 2017=118.6, 2018=127.3, 2019=141.7, 2020=186.4, 2021=172.3, 2022=189.8, 2023=204.6. Based on the trend data, which BEST describes the dominant trend pattern over the full 10-year period?","STRIPPED_PASSAGE_PREFIX",true,2026-08-19T09:28:36.435Z
cmstkgeat00x120u1hpg8vfpe,prompt,"Passage: A regional agricultural office publishes the following data on farmland use: Total farmland = 184,000 hectares. Land under crops = 112,400 ha. Land under livestock = 46,000 ha. Idle/fallow land = 25,600 ha. Based on this data, what is the SIMPLIFIED RATIO of Crops:Livestock:Idle land (in lowest whole number terms)?","A regional agricultural office publishes the following data on farmland use: Total farmland = 184,000 hectares. Land under crops = 112,400 ha. Land under livestock = 46,000 ha. Idle/fallow land = 25,600 ha. Based on this data, what is the SIMPLIFIED RATIO of Crops:Livestock:Idle land (in lowest whole number terms)?","STRIPPED_PASSAGE_PREFIX",true,2026-08-19T09:28:36.540Z
cmstkgeas00w920u13xefgijv,prompt,"Passage: A staffing comparison report shows the number of employees by gender and position level across three government agencies. Agency X: Director-Male=3, Director-Female=1, Manager-Male=8, Manager-Female=5, Staff-Male=42, Staff-Female=58. Agency Y: Director-Male=2, Director-Female=2, Manager-Male=11, Manager-Female=7, Staff-Male=61, Staff-Female=47. Agency Z: Director-Male=4, Director-Female=2, Manager-Male=9, Manager-Female=9, Staff-Male=38, Staff-Female=62. Based on the data comparison, which agency has the HIGHEST PROPORTION of female employees at the DIRECTOR LEVEL?","A staffing comparison report shows the number of employees by gender and position level across three government agencies. Agency X: Director-Male=3, Director-Female=1, Manager-Male=8, Manager-Female=5, Staff-Male=42, Staff-Female=58. Agency Y: Director-Male=2, Director-Female=2, Manager-Male=11, Manager-Female=7, Staff-Male=61, Staff-Female=47. Agency Z: Director-Male=4, Director-Female=2, Manager-Male=9, Manager-Female=9, Staff-Male=38, Staff-Female=62. Based on the data comparison, which agency has the HIGHEST PROPORTION of female employees at the DIRECTOR LEVEL?","STRIPPED_PASSAGE_PREFIX",true,2026-08-19T09:28:36.646Z
cmstkgear00ux20u1698anc7u,prompt,"Passage: A national disaster preparedness office is assessing five provinces for priority resource pre-positioning of emergency supplies before the approaching typhoon season. The risk assessment is based on: (1) Historical typhoon landfall frequency in the last 10 years (higher = priority), (2) Percentage of population in high-risk coastal zones (higher = priority), (3) Hospital bed-to-population ratio (lower ratio = higher need = priority). Assessment data: Province Uno: Typhoon frequency=8, Coastal population=62%, Hospital ratio=2.1 per 1,000. Province Dos: Typhoon frequency=5, Coastal population=45%, Hospital ratio=1.8 per 1,000. Province Tres: Typhoon frequency=11, Coastal population=71%, Hospital ratio=3.2 per 1,000. Province Kuwatro: Typhoon frequency=9, Coastal population=58%, Hospital ratio=1.5 per 1,000. Province Singko: Typhoon frequency=7, Coastal population=83%, Hospital ratio=2.6 per 1,000. Which province is MOST LIKELY to receive the first priority pre-positioning of emergency supplies?","A national disaster preparedness office is assessing five provinces for priority resource pre-positioning of emergency supplies before the approaching typhoon season. The risk assessment is based on: (1) Historical typhoon landfall frequency in the last 10 years (higher = priority), (2) Percentage of population in high-risk coastal zones (higher = priority), (3) Hospital bed-to-population ratio (lower ratio = higher need = priority). Assessment data: Province Uno: Typhoon frequency=8, Coastal population=62%, Hospital ratio=2.1 per 1,000. Province Dos: Typhoon frequency=5, Coastal population=45%, Hospital ratio=1.8 per 1,000. Province Tres: Typhoon frequency=11, Coastal population=71%, Hospital ratio=3.2 per 1,000. Province Kuwatro: Typhoon frequency=9, Coastal population=58%, Hospital ratio=1.5 per 1,000. Province Singko: Typhoon frequency=7, Coastal population=83%, Hospital ratio=2.6 per 1,000. Which province is MOST LIKELY to receive the first priority pre-positioning of emergency supplies?","STRIPPED_PASSAGE_PREFIX",true,2026-08-19T09:28:36.755Z
cmstkgeas00vx20u1lkvmhxx1,prompt,"Passage: A pie chart displays the percentage distribution of 1,860 civil service exam passers by educational attainment: Bachelor's Degree=58%, Master's Degree=19%, Vocational/Technical=13%, High School Graduate=7%, Others=3%. Based on the pie chart, how many passers hold EITHER a Bachelor's Degree OR a Master's Degree?","A pie chart displays the percentage distribution of 1,860 civil service exam passers by educational attainment: Bachelor's Degree=58%, Master's Degree=19%, Vocational/Technical=13%, High School Graduate=7%, Others=3%. Based on the pie chart, how many passers hold EITHER a Bachelor's Degree OR a Master's Degree?","STRIPPED_PASSAGE_PREFIX",true,2026-08-19T09:28:36.858Z
cmstkgear00us20u1mw9e4is2,prompt,"Passage: A social welfare agency is prioritizing which of five families should receive immediate assistance under a limited emergency fund with the following indicators: Family Kadulug: 7 members, monthly income PHP 4,200, no current assistance from any program. Family Labanon: 4 members, monthly income PHP 8,500, recipient of a Pantawid Pamilya food subsidy. Family Manalang: 9 members, monthly income PHP 3,100, no current assistance. Family Natividad: 6 members, monthly income PHP 6,800, recipient of a barangay livelihood grant. Family Oliveros: 5 members, monthly income PHP 2,600, no current assistance. Priority criteria: (1) Lowest per capita income, (2) Largest household size, (3) No current government assistance. Which family is MOST LIKELY to be prioritized first for emergency assistance?","A social welfare agency is prioritizing which of five families should receive immediate assistance under a limited emergency fund with the following indicators: Family Kadulug: 7 members, monthly income PHP 4,200, no current assistance from any program. Family Labanon: 4 members, monthly income PHP 8,500, recipient of a Pantawid Pamilya food subsidy. Family Manalang: 9 members, monthly income PHP 3,100, no current assistance. Family Natividad: 6 members, monthly income PHP 6,800, recipient of a barangay livelihood grant. Family Oliveros: 5 members, monthly income PHP 2,600, no current assistance. Priority criteria: (1) Lowest per capita income, (2) Largest household size, (3) No current government assistance. Which family is MOST LIKELY to be prioritized first for emergency assistance?","STRIPPED_PASSAGE_PREFIX",true,2026-08-19T09:28:36.964Z
cmstkgeas00w520u19xivzqgj,prompt,"Passage: A regional economic report presents the following comparative data on average household income and expenditure (PHP per month) across four income quintiles. | Income Quintile | Avg. Income | Avg. Expenditure | Savings (Income-Expenditure) | |---|---|---|---| | Bottom 20% | 4,820 | 5,340 | -520 | | Second 20% | 9,460 | 8,910 | +550 | | Middle 20% | 16,780 | 14,320 | +2,460 | | Fourth 20% | 28,340 | 22,610 | +5,730 | | Top 20% | 72,400 | 48,200 | +24,200 | Based on the data comparison, which quintile has the HIGHEST savings rate (Savings as a percentage of Income)?","A regional economic report presents the following comparative data on average household income and expenditure (PHP per month) across four income quintiles. | Income Quintile | Avg. Income | Avg. Expenditure | Savings (Income-Expenditure) | |---|---|---|---| | Bottom 20% | 4,820 | 5,340 | -520 | | Second 20% | 9,460 | 8,910 | +550 | | Middle 20% | 16,780 | 14,320 | +2,460 | | Fourth 20% | 28,340 | 22,610 | +5,730 | | Top 20% | 72,400 | 48,200 | +24,200 | Based on the data comparison, which quintile has the HIGHEST savings rate (Savings as a percentage of Income)?","STRIPPED_PASSAGE_PREFIX",true,2026-08-19T09:28:37.071Z
cmstkgeas00w120u1qdbckl6b,prompt,"Passage: A pie chart displays the distribution of patients by disease category in a regional hospital for one year. Total patients = 24,600. Disease proportions: Respiratory=31%, Cardiovascular=22%, Gastrointestinal=18%, Neurological=12%, Orthopedic=9%, Others=8%. Based on the pie chart, if the hospital aims to REDUCE Respiratory cases by 20% next year (while total patients remain at 24,600), what percentage of total patients will Respiratory cases represent in Year 2?","A pie chart displays the distribution of patients by disease category in a regional hospital for one year. Total patients = 24,600. Disease proportions: Respiratory=31%, Cardiovascular=22%, Gastrointestinal=18%, Neurological=12%, Orthopedic=9%, Others=8%. Based on the pie chart, if the hospital aims to REDUCE Respiratory cases by 20% next year (while total patients remain at 24,600), what percentage of total patients will Respiratory cases represent in Year 2?","STRIPPED_PASSAGE_PREFIX",true,2026-08-19T09:28:37.196Z
cmstkgeas00vn20u1erq7975c,prompt,"Passage: A line graph tracks the monthly budget disbursement rate (% of annual budget released per month) for a government agency over one fiscal year. Values: Jan=3.2%, Feb=4.1%, Mar=6.8%, Apr=5.4%, May=7.3%, Jun=8.6%, Jul=7.9%, Aug=9.4%, Sep=8.7%, Oct=10.2%, Nov=12.8%, Dec=15.6%. Based on the line graph, which statement is CORRECTLY supported by the data?","A line graph tracks the monthly budget disbursement rate (% of annual budget released per month) for a government agency over one fiscal year. Values: Jan=3.2%, Feb=4.1%, Mar=6.8%, Apr=5.4%, May=7.3%, Jun=8.6%, Jul=7.9%, Aug=9.4%, Sep=8.7%, Oct=10.2%, Nov=12.8%, Dec=15.6%. Based on the line graph, which statement is CORRECTLY supported by the data?","STRIPPED_PASSAGE_PREFIX",true,2026-08-19T09:28:37.301Z
cmstkgeat00x920u1n92ze1dp,prompt,"Passage: A regional office monitored the average daily temperature (°C) for six cities over a month: City A=31.4, City B=28.7, City C=33.2, City D=29.8, City E=34.1, City F=27.6. The national weather bureau defines a 'heat watch day' as any day when a city's average temperature exceeds the national mean of all recorded cities by more than 2°C. Based on the six-city data, which cities would be placed under a 'heat watch' classification?","A regional office monitored the average daily temperature (°C) for six cities over a month: City A=31.4, City B=28.7, City C=33.2, City D=29.8, City E=34.1, City F=27.6. The national weather bureau defines a 'heat watch day' as any day when a city's average temperature exceeds the national mean of all recorded cities by more than 2°C. Based on the six-city data, which cities would be placed under a 'heat watch' classification?","STRIPPED_PASSAGE_PREFIX",true,2026-08-19T09:28:37.405Z
cmstkgear00up20u1rlswqo23,prompt,"Passage: A Public Sector Innovation Office is evaluating five proposed digital transformation projects for priority funding. The evaluation panel scored each project on three criteria: (1) Citizen Impact (maximum 40 points), (2) Technical Feasibility (maximum 30 points), and (3) Cost Efficiency (maximum 30 points). Project scores are as follows: Project Alpha: Citizen Impact = 38, Technical Feasibility = 22, Cost Efficiency = 18. Total = 78. Project Beta: Citizen Impact = 30, Technical Feasibility = 28, Cost Efficiency = 26. Total = 84. Project Gamma: Citizen Impact = 35, Technical Feasibility = 25, Cost Efficiency = 20. Total = 80. Project Δ: Citizen Impact = 28, Technical Feasibility = 27, Cost Efficiency = 25. Total = 80. Project Epsilon: Citizen Impact = 32, Technical Feasibility = 18, Cost Efficiency = 24. Total = 74. Only the top two projects by total score will receive priority funding. Which project is MOST LIKELY to face deferment and will require a supplemental review to qualify for alternative funding?","A Public Sector Innovation Office is evaluating five proposed digital transformation projects for priority funding. The evaluation panel scored each project on three criteria: (1) Citizen Impact (maximum 40 points), (2) Technical Feasibility (maximum 30 points), and (3) Cost Efficiency (maximum 30 points). Project scores are as follows: Project Alpha: Citizen Impact = 38, Technical Feasibility = 22, Cost Efficiency = 18. Total = 78. Project Beta: Citizen Impact = 30, Technical Feasibility = 28, Cost Efficiency = 26. Total = 84. Project Gamma: Citizen Impact = 35, Technical Feasibility = 25, Cost Efficiency = 20. Total = 80. Project Δ: Citizen Impact = 28, Technical Feasibility = 27, Cost Efficiency = 25. Total = 80. Project Epsilon: Citizen Impact = 32, Technical Feasibility = 18, Cost Efficiency = 24. Total = 74. Only the top two projects by total score will receive priority funding. Which project is MOST LIKELY to face deferment and will require a supplemental review to qualify for alternative funding?","STRIPPED_PASSAGE_PREFIX",true,2026-08-19T09:28:37.511Z
cmstkgeas00vg20u1tok7bhcc,prompt,"Passage: A bar graph shows the number of public health workers by cadre and province for a regional health office. The data shows: Province 1: Physicians=42, Nurses=187, Midwives=234, BHWs=1,204. Province 2: Physicians=38, Nurses=164, Midwives=198, BHWs=987. Province 3: Physicians=51, Nurses=212, Midwives=267, BHWs=1,456. Province 4: Physicians=29, Nurses=143, Midwives=176, BHWs=823. Regional populations: Province 1=486,200; Province 2=412,800; Province 3=621,400; Province 4=347,600. Based on the bar graph and population data, which province has the HIGHEST physician-to-population ratio?","A bar graph shows the number of public health workers by cadre and province for a regional health office. The data shows: Province 1: Physicians=42, Nurses=187, Midwives=234, BHWs=1,204. Province 2: Physicians=38, Nurses=164, Midwives=198, BHWs=987. Province 3: Physicians=51, Nurses=212, Midwives=267, BHWs=1,456. Province 4: Physicians=29, Nurses=143, Midwives=176, BHWs=823. Regional populations: Province 1=486,200; Province 2=412,800; Province 3=621,400; Province 4=347,600. Based on the bar graph and population data, which province has the HIGHEST physician-to-population ratio?","STRIPPED_PASSAGE_PREFIX",true,2026-08-19T09:28:37.622Z
cmstkgeie00zk20u10ml02lfl,prompt,"Passage: A department of agriculture officer wants to determine which of two rice farming cooperatives, Coop Alpha or Coop Beta, achieved a HIGHER crop yield per hectare in the last harvest season.
Given the following two statements:
Statement (1): Coop Alpha harvested a total of 15,000 metric tons of palay, which was 25% more than Coop Beta's total harvest.
Statement (2): Coop Alpha cultivated 3,000 hectares of farmland, which was 50% more land area than Coop Beta cultivated.
Is the data sufficient to determine which cooperative had the higher crop yield per hectare?","A department of agriculture officer wants to determine which of two rice farming cooperatives, Coop Alpha or Coop Beta, achieved a HIGHER crop yield per hectare in the last harvest season.
Given the following two statements:
Statement (1): Coop Alpha harvested a total of 15,000 metric tons of palay, which was 25% more than Coop Beta's total harvest.
Statement (2): Coop Alpha cultivated 3,000 hectares of farmland, which was 50% more land area than Coop Beta cultivated.
Is the data sufficient to determine which cooperative had the higher crop yield per hectare?","STRIPPED_PASSAGE_PREFIX",true,2026-08-19T09:28:37.730Z
cmstkgeie00ye20u1uyfqcyms,prompt,"Passage: A state energy commission monitors the quarterly generation output (in Gigawatt-hours, GWh) of a newly commissioned solar power facility: Q1=120.0, Q2=156.0, Q3=171.6, Q4=137.28. What was the percentage GROWTH between Q1 and Q2, and what was the percentage DECLINE between Q3 and Q4?","A state energy commission monitors the quarterly generation output (in Gigawatt-hours, GWh) of a newly commissioned solar power facility: Q1=120.0, Q2=156.0, Q3=171.6, Q4=137.28. What was the percentage GROWTH between Q1 and Q2, and what was the percentage DECLINE between Q3 and Q4?","STRIPPED_PASSAGE_PREFIX",true,2026-08-19T09:28:37.849Z
cmstkgeie00yw20u1nq7vz7fv,prompt,"Passage: A national transport agency report includes two graphical displays: (1) A bar chart showing total annual vehicular registrations across four administrative regions (Region A=450,000; Region B=300,000; Region C=250,000; Region D=200,000; Total=1,200,000); and (2) A pie chart showing the fuel-type composition of registered vehicles in Region A (Gasoline=50%, Diesel=35%, Electric/Hybrid=10%, LPG/Other=5%). How many registered vehicles in Region A are powered by DIESEL or ELECTRIC/HYBRID engines combined?","A national transport agency report includes two graphical displays: (1) A bar chart showing total annual vehicular registrations across four administrative regions (Region A=450,000; Region B=300,000; Region C=250,000; Region D=200,000; Total=1,200,000); and (2) A pie chart showing the fuel-type composition of registered vehicles in Region A (Gasoline=50%, Diesel=35%, Electric/Hybrid=10%, LPG/Other=5%). How many registered vehicles in Region A are powered by DIESEL or ELECTRIC/HYBRID engines combined?","STRIPPED_PASSAGE_PREFIX",true,2026-08-19T09:28:37.968Z
cmstkgeie00yy20u1er2r07iq,prompt,"Passage: A public health bureau presents two displays: (1) A multi-line graph showing the quarterly number of reported dengue cases in a city across two years (Year 1: Q1=1,200, Q2=1,800, Q3=3,000, Q4=2,000; Year 2: Q1=900, Q2=1,500, Q3=2,400, Q4=1,200); and (2) A pie chart showing the age distribution of cases in Year 2 (Children under 10=45%, Youth 10-19=30%, Adults 20-59=20%, Seniors 60+=5%). How many reported dengue cases in Year 2 involved INDIVIDUALS AGED 19 AND BELOW?","A public health bureau presents two displays: (1) A multi-line graph showing the quarterly number of reported dengue cases in a city across two years (Year 1: Q1=1,200, Q2=1,800, Q3=3,000, Q4=2,000; Year 2: Q1=900, Q2=1,500, Q3=2,400, Q4=1,200); and (2) A pie chart showing the age distribution of cases in Year 2 (Children under 10=45%, Youth 10-19=30%, Adults 20-59=20%, Seniors 60+=5%). How many reported dengue cases in Year 2 involved INDIVIDUALS AGED 19 AND BELOW?","STRIPPED_PASSAGE_PREFIX",true,2026-08-19T09:28:38.073Z
cmstkgeie00ya20u1eftxwjtw,prompt,"Passage: A national scholarship commission tracks disbursement amounts (in PHP thousands) across three scholarship categories over four school quarters: Category A (Full Academic): Q1=12,500, Q2=13,200, Q3=14,100, Q4=15,000. Category B (Merit-Assistance): Q1=8,400, Q2=8,900, Q3=9,500, Q4=10,200. Category C (Special Talent): Q1=4,100, Q2=4,300, Q3=4,700, Q4=5,100. What is the TOTAL disbursement across ALL three categories for the SECOND HALF of the school year (Q3 and Q4 combined)?","A national scholarship commission tracks disbursement amounts (in PHP thousands) across three scholarship categories over four school quarters: Category A (Full Academic): Q1=12,500, Q2=13,200, Q3=14,100, Q4=15,000. Category B (Merit-Assistance): Q1=8,400, Q2=8,900, Q3=9,500, Q4=10,200. Category C (Special Talent): Q1=4,100, Q2=4,300, Q3=4,700, Q4=5,100. What is the TOTAL disbursement across ALL three categories for the SECOND HALF of the school year (Q3 and Q4 combined)?","STRIPPED_PASSAGE_PREFIX",true,2026-08-19T09:28:38.179Z
cmstkgeid00y520u1rrahkzt8,prompt,"Passage: An environmental management bureau monitors solid waste generation (in metric tons per day, MTD) across five commercial zones: Zone A produces 42.5 MTD of biodegradable, 28.3 MTD of recyclable, and 14.2 MTD of residual waste. Zone B produces 51.0 MTD of biodegradable, 34.6 MTD of recyclable, and 18.4 MTD of residual waste. Zone C produces 38.2 MTD of biodegradable, 22.1 MTD of recyclable, and 11.7 MTD of residual waste. Zone D produces 64.8 MTD of biodegradable, 41.5 MTD of recyclable, and 23.7 MTD of residual waste. Zone E produces 29.5 MTD of biodegradable, 19.4 MTD of recyclable, and 9.6 MTD of residual waste. What is the TOTAL amount of RECYCLABLE and RESIDUAL waste generated daily across all five commercial zones?","An environmental management bureau monitors solid waste generation (in metric tons per day, MTD) across five commercial zones: Zone A produces 42.5 MTD of biodegradable, 28.3 MTD of recyclable, and 14.2 MTD of residual waste. Zone B produces 51.0 MTD of biodegradable, 34.6 MTD of recyclable, and 18.4 MTD of residual waste. Zone C produces 38.2 MTD of biodegradable, 22.1 MTD of recyclable, and 11.7 MTD of residual waste. Zone D produces 64.8 MTD of biodegradable, 41.5 MTD of recyclable, and 23.7 MTD of residual waste. Zone E produces 29.5 MTD of biodegradable, 19.4 MTD of recyclable, and 9.6 MTD of residual waste. What is the TOTAL amount of RECYCLABLE and RESIDUAL waste generated daily across all five commercial zones?","STRIPPED_PASSAGE_PREFIX",true,2026-08-19T09:28:38.285Z
cmstkgeie00z720u17klbsl0r,prompt,"Passage: A scatter plot analyzes the relationship between Average Daily Class Size (x-axis, ranging from 25 to 60 students) and National Achievement Test (NAT) Passing Rate (y-axis, ranging from 40% to 95%) across 50 public high schools in a division. The trendline exhibits a downward slope with an R-squared value of 0.78. Schools with class sizes between 25 and 35 average an 88% passing rate, while schools with class sizes above 50 average a 52% passing rate. Which conclusion can be MOST VALIDLY inferred from this graph?","A scatter plot analyzes the relationship between Average Daily Class Size (x-axis, ranging from 25 to 60 students) and National Achievement Test (NAT) Passing Rate (y-axis, ranging from 40% to 95%) across 50 public high schools in a division. The trendline exhibits a downward slope with an R-squared value of 0.78. Schools with class sizes between 25 and 35 average an 88% passing rate, while schools with class sizes above 50 average a 52% passing rate. Which conclusion can be MOST VALIDLY inferred from this graph?","STRIPPED_PASSAGE_PREFIX",true,2026-08-19T09:28:38.391Z
cmstkgeid00xd20u1g3cq86f3,prompt,"Passage: Monthly consumer expenditure data (PHP thousands) for a household over 12 months: Jan=28.4, Feb=26.1, Mar=29.7, Apr=31.2, May=27.8, Jun=32.4, Jul=34.1, Aug=29.3, Sep=28.6, Oct=31.8, Nov=35.2, Dec=42.6. The household's financial advisor wants to compare the SIMPLE ANNUAL AVERAGE with the SECOND-HALF AVERAGE (July-December) to assess year-end spending acceleration. Which is CORRECT?","Monthly consumer expenditure data (PHP thousands) for a household over 12 months: Jan=28.4, Feb=26.1, Mar=29.7, Apr=31.2, May=27.8, Jun=32.4, Jul=34.1, Aug=29.3, Sep=28.6, Oct=31.8, Nov=35.2, Dec=42.6. The household's financial advisor wants to compare the SIMPLE ANNUAL AVERAGE with the SECOND-HALF AVERAGE (July-December) to assess year-end spending acceleration. Which is CORRECT?","STRIPPED_PASSAGE_PREFIX",true,2026-08-19T09:28:38.498Z
cmstkgeid00xn20u1oto5mzpt,prompt,"Passage: A regional disaster risk office rates 6 barangays on a vulnerability index (scale 0-100, higher = more vulnerable) across three dimensions: Flood Risk, Landslide Risk, and Typhoon Exposure. | Barangay | Flood | Landslide | Typhoon | |---|---|---|---| | Bagong Silang | 78 | 42 | 84 | | Catmon | 61 | 87 | 73 | | Daang Hari | 54 | 34 | 91 | | Emilio | 83 | 56 | 68 | | Fatima | 69 | 78 | 82 | | Grandview | 92 | 45 | 77 | Based on the data, which BARANGAY has the HIGHEST MAXIMUM DIMENSION SCORE (i.e., the highest score on its worst-performing dimension), and which barangay has the LOWEST MAXIMUM DIMENSION SCORE?","A regional disaster risk office rates 6 barangays on a vulnerability index (scale 0-100, higher = more vulnerable) across three dimensions: Flood Risk, Landslide Risk, and Typhoon Exposure. | Barangay | Flood | Landslide | Typhoon | |---|---|---|---| | Bagong Silang | 78 | 42 | 84 | | Catmon | 61 | 87 | 73 | | Daang Hari | 54 | 34 | 91 | | Emilio | 83 | 56 | 68 | | Fatima | 69 | 78 | 82 | | Grandview | 92 | 45 | 77 | Based on the data, which BARANGAY has the HIGHEST MAXIMUM DIMENSION SCORE (i.e., the highest score on its worst-performing dimension), and which barangay has the LOWEST MAXIMUM DIMENSION SCORE?","STRIPPED_PASSAGE_PREFIX",true,2026-08-19T09:28:38.606Z
cmstkgeie00yj20u1fto68ata,prompt,"Passage: A national telecommunications regulator tracks the quarterly percentage decline in traditional fixed-line voice subscribers over one year: Q1= -4.0%, Q2= -5.0%, Q3= -6.0%, Q4= -8.0%. If the subscriber base stood at exactly 2,000,000 at the beginning of Q1, what was the TOTAL subscriber count remaining at the end of Q4 after all four successive quarterly declines?","A national telecommunications regulator tracks the quarterly percentage decline in traditional fixed-line voice subscribers over one year: Q1= -4.0%, Q2= -5.0%, Q3= -6.0%, Q4= -8.0%. If the subscriber base stood at exactly 2,000,000 at the beginning of Q1, what was the TOTAL subscriber count remaining at the end of Q4 after all four successive quarterly declines?","STRIPPED_PASSAGE_PREFIX",true,2026-08-19T09:28:38.711Z
cmstkgeie00z420u1v2hrfkfl,prompt,"Passage: A regional labor department reviews employment data: (1) A pie chart showing the distribution of the 500,000-person labor force across four economic sectors (Services=52%, Agriculture=24%, Industry=18%, Public Administration=6%); and (2) A line graph showing the underemployment rate within each sector (Services=12.0%, Agriculture=20.0%, Industry=15.0%, Public Administration=5.0%). How many workers in the AGRICULTURE sector are UNDEREMPLOYED?","A regional labor department reviews employment data: (1) A pie chart showing the distribution of the 500,000-person labor force across four economic sectors (Services=52%, Agriculture=24%, Industry=18%, Public Administration=6%); and (2) A line graph showing the underemployment rate within each sector (Services=12.0%, Agriculture=20.0%, Industry=15.0%, Public Administration=5.0%). How many workers in the AGRICULTURE sector are UNDEREMPLOYED?","STRIPPED_PASSAGE_PREFIX",true,2026-08-19T09:28:38.818Z
cmstkgeie00zc20u1y96kh81h,prompt,"Passage: A demographic chart shows the age pyramid and labor force participation rate (LFPR) of a province across three censuses (2000, 2010, 2020):
- 2000: Youth (0-14) = 38%; Working Age (15-64) = 57%; Elderly (65+) = 5%; LFPR = 61%
- 2010: Youth (0-14) = 32%; Working Age (15-64) = 62%; Elderly (65+) = 6%; LFPR = 65%
- 2020: Youth (0-14) = 26%; Working Age (15-64) = 66%; Elderly (65+) = 8%; LFPR = 69%
Which demographic trend and economic implication can be MOST REASONABLY inferred from the data?","A demographic chart shows the age pyramid and labor force participation rate (LFPR) of a province across three censuses (2000, 2010, 2020):
- 2000: Youth (0-14) = 38%; Working Age (15-64) = 57%; Elderly (65+) = 5%; LFPR = 61%
- 2010: Youth (0-14) = 32%; Working Age (15-64) = 62%; Elderly (65+) = 6%; LFPR = 65%
- 2020: Youth (0-14) = 26%; Working Age (15-64) = 66%; Elderly (65+) = 8%; LFPR = 69%
Which demographic trend and economic implication can be MOST REASONABLY inferred from the data?","STRIPPED_PASSAGE_PREFIX",true,2026-08-19T09:28:38.925Z
cmstkgeif00zu20u1gggwd5l9,prompt,"Passage: A national tax bureau audits a corporate taxpayer's declared taxable income across three business divisions:
- Division Alpha: Gross Revenue = PHP 80M; Allowable Business Deductions = 40% of Revenue.
- Division Beta: Gross Revenue = PHP 120M; Allowable Business Deductions = 55% of Revenue.
- Division Gamma: Gross Revenue = PHP 60M; Allowable Business Deductions = 30% of Revenue.
- Corporate Income Tax Rate = 25% on net taxable income.
- Tax Credits (Prepaid Withholding Taxes): Division Alpha = PHP 2.5M; Division Beta = PHP 3.2M; Division Gamma = PHP 1.8M.
What is the FINAL NET TAX PAYABLE (Tax Due minus Total Tax Credits) owed to the government?","A national tax bureau audits a corporate taxpayer's declared taxable income across three business divisions:
- Division Alpha: Gross Revenue = PHP 80M; Allowable Business Deductions = 40% of Revenue.
- Division Beta: Gross Revenue = PHP 120M; Allowable Business Deductions = 55% of Revenue.
- Division Gamma: Gross Revenue = PHP 60M; Allowable Business Deductions = 30% of Revenue.
- Corporate Income Tax Rate = 25% on net taxable income.
- Tax Credits (Prepaid Withholding Taxes): Division Alpha = PHP 2.5M; Division Beta = PHP 3.2M; Division Gamma = PHP 1.8M.
What is the FINAL NET TAX PAYABLE (Tax Due minus Total Tax Credits) owed to the government?","STRIPPED_PASSAGE_PREFIX",true,2026-08-19T09:28:39.032Z
cmstkgeif00zw20u1itraiabd,prompt,"Passage: A disaster logistics center prepares relief bundles containing three items: Canned Goods (cost: PHP 25/can), Rice (cost: PHP 40/kg), and Hygiene Kits (cost: PHP 120/kit).
- Total Available Procurement Budget = PHP 18,000,000.
- Each relief bundle is standardized to contain: 8 cans of canned goods, 5 kg of rice, and 2 hygiene kits.
- Packaging, Warehouse Assembly, and Logistics Transport Cost = PHP 60 per assembled bundle.
How many complete relief bundles can be fully procured, assembled, and transported within the total available budget?","A disaster logistics center prepares relief bundles containing three items: Canned Goods (cost: PHP 25/can), Rice (cost: PHP 40/kg), and Hygiene Kits (cost: PHP 120/kit).
- Total Available Procurement Budget = PHP 18,000,000.
- Each relief bundle is standardized to contain: 8 cans of canned goods, 5 kg of rice, and 2 hygiene kits.
- Packaging, Warehouse Assembly, and Logistics Transport Cost = PHP 60 per assembled bundle.
How many complete relief bundles can be fully procured, assembled, and transported within the total available budget?","STRIPPED_PASSAGE_PREFIX",true,2026-08-19T09:28:39.137Z
cmstkgeie00zp20u1sft3zh30,prompt,"Passage: A regional maritime officer needs to determine whether Port Alpha handled MORE cargo tonnage than Port Beta in the first quarter (Q1) of 2024.
Given the following two statements:
Statement (1): In Q1 2024, Port Alpha handled an average of 45,000 metric tons of cargo per month.
Statement (2): In Q1 2024, Port Beta handled a total of 130,000 metric tons of cargo across the entire quarter.
Is the data sufficient to determine which port handled more cargo in Q1 2024?","A regional maritime officer needs to determine whether Port Alpha handled MORE cargo tonnage than Port Beta in the first quarter (Q1) of 2024.
Given the following two statements:
Statement (1): In Q1 2024, Port Alpha handled an average of 45,000 metric tons of cargo per month.
Statement (2): In Q1 2024, Port Beta handled a total of 130,000 metric tons of cargo across the entire quarter.
Is the data sufficient to determine which port handled more cargo in Q1 2024?","STRIPPED_PASSAGE_PREFIX",true,2026-08-19T09:28:39.256Z
cmstkgeie00yf20u1qha6c7df,prompt,"Passage: A department of trade reports the annual export value (in USD billions) of five key commodity groups across two successive fiscal periods (Year 1 and Year 2): Electronics: Y1=42.0, Y2=48.3. Agricultural Products: Y1=15.0, Y2=12.6. Mineral Products: Y1=8.0, Y2=9.6. Garments & Textiles: Y1=6.0, Y2=5.1. Automotive Parts: Y1=4.0, Y2=4.9. Which commodity group experienced the HIGHEST PERCENTAGE GROWTH, and which group experienced the STEEPEST PERCENTAGE DECLINE?","A department of trade reports the annual export value (in USD billions) of five key commodity groups across two successive fiscal periods (Year 1 and Year 2): Electronics: Y1=42.0, Y2=48.3. Agricultural Products: Y1=15.0, Y2=12.6. Mineral Products: Y1=8.0, Y2=9.6. Garments & Textiles: Y1=6.0, Y2=5.1. Automotive Parts: Y1=4.0, Y2=4.9. Which commodity group experienced the HIGHEST PERCENTAGE GROWTH, and which group experienced the STEEPEST PERCENTAGE DECLINE?","STRIPPED_PASSAGE_PREFIX",true,2026-08-19T09:28:39.362Z
cmstkgeie00yx20u1pk62qy7z,prompt,"Passage: An economic development report presents two visual datasets: (1) A line graph depicting annual rice production (in metric tons, MT) for a province from 2020 to 2023 (2020=400,000; 2021=440,000; 2022=480,000; 2023=500,000); and (2) A stacked bar chart showing the allocation of 2023 production among three utilization channels (Local Provincial Consumption=60%, Inter-Provincial Commercial Trade=30%, National Buffer Stock Reserve=10%). What is the difference in metric tons between the volume allocated to Local Provincial Consumption and the volume allocated to Inter-Provincial Commercial Trade in 2023?","An economic development report presents two visual datasets: (1) A line graph depicting annual rice production (in metric tons, MT) for a province from 2020 to 2023 (2020=400,000; 2021=440,000; 2022=480,000; 2023=500,000); and (2) A stacked bar chart showing the allocation of 2023 production among three utilization channels (Local Provincial Consumption=60%, Inter-Provincial Commercial Trade=30%, National Buffer Stock Reserve=10%). What is the difference in metric tons between the volume allocated to Local Provincial Consumption and the volume allocated to Inter-Provincial Commercial Trade in 2023?","STRIPPED_PASSAGE_PREFIX",true,2026-08-19T09:28:39.469Z
cmstkgeie00zq20u1yd6nnf8t,prompt,"Passage: A regional electrification authority oversees power supply across four island municipalities. The operational data for 2023 is summarized below:
- Total Households: Mun 1 = 15,000; Mun 2 = 20,000; Mun 3 = 12,000; Mun 4 = 18,000.
- Electrification Coverage Rate (% of households connected): Mun 1 = 80%; Mun 2 = 75%; Mun 3 = 90%; Mun 4 = 65%.
- Average Monthly Power Consumption per connected household: Mun 1 = 180 kWh; Mun 2 = 150 kWh; Mun 3 = 200 kWh; Mun 4 = 120 kWh.
- Generation Cost: PHP 8.50 per kWh across all municipalities.
If a universal government subsidy covers 25% of the annual electricity generation cost for all connected households across the four municipalities, what is the TOTAL ANNUAL GOVERNMENT SUBSIDY disbursed in 2023?","A regional electrification authority oversees power supply across four island municipalities. The operational data for 2023 is summarized below:
- Total Households: Mun 1 = 15,000; Mun 2 = 20,000; Mun 3 = 12,000; Mun 4 = 18,000.
- Electrification Coverage Rate (% of households connected): Mun 1 = 80%; Mun 2 = 75%; Mun 3 = 90%; Mun 4 = 65%.
- Average Monthly Power Consumption per connected household: Mun 1 = 180 kWh; Mun 2 = 150 kWh; Mun 3 = 200 kWh; Mun 4 = 120 kWh.
- Generation Cost: PHP 8.50 per kWh across all municipalities.
If a universal government subsidy covers 25% of the annual electricity generation cost for all connected households across the four municipalities, what is the TOTAL ANNUAL GOVERNMENT SUBSIDY disbursed in 2023?","STRIPPED_PASSAGE_PREFIX",true,2026-08-19T09:28:39.577Z
cmstkgeid00xv20u1hsxcqdz5,prompt,"Passage: An environmental monitoring report records the water quality index (WQI) at a river monitoring station over 8 consecutive measurement periods: 68, 72, 65, 74, 81, 77, 84, 79. A researcher wants to calculate the differences between each consecutive measurement to analyze WQI variability. Which of the following correctly states ALL consecutive differences (Period 2 minus Period 1, Period 3 minus Period 2, etc.)?","An environmental monitoring report records the water quality index (WQI) at a river monitoring station over 8 consecutive measurement periods: 68, 72, 65, 74, 81, 77, 84, 79. A researcher wants to calculate the differences between each consecutive measurement to analyze WQI variability. Which of the following correctly states ALL consecutive differences (Period 2 minus Period 1, Period 3 minus Period 2, etc.)?","STRIPPED_PASSAGE_PREFIX",true,2026-08-19T09:28:39.681Z
cmstkgeie00z220u145elohhr,prompt,"Passage: A national disaster management portal shows: (1) A line graph tracking cumulative emergency food pack releases over four consecutive relief operations (Op 1=25,000; Op 2=55,000; Op 3=95,000; Op 4=140,000); and (2) A pie chart showing the procurement source breakdown of packs released in Op 3 specifically (National Government Warehouse=50%, Local LGU Counterpart=30%, International Donors=20%). How many food packs were released SPECIFICALLY DURING OPERATION 3 from LOCAL LGU COUNTERPARTS?","A national disaster management portal shows: (1) A line graph tracking cumulative emergency food pack releases over four consecutive relief operations (Op 1=25,000; Op 2=55,000; Op 3=95,000; Op 4=140,000); and (2) A pie chart showing the procurement source breakdown of packs released in Op 3 specifically (National Government Warehouse=50%, Local LGU Counterpart=30%, International Donors=20%). How many food packs were released SPECIFICALLY DURING OPERATION 3 from LOCAL LGU COUNTERPARTS?","STRIPPED_PASSAGE_PREFIX",true,2026-08-19T09:28:39.805Z
cmstkgeie00zs20u19qk69fuu,prompt,"Passage: A public hospital blood bank tracks donations, screening rejections, component preparation, and shelf-life expiration:
- Total Volunteer Donors Screened = 5,000 individuals.
- Pre-Donation Medical Deferral Rate = 12% (deferred donors do not donate).
- Post-Collection Infectious Disease Screening Failure Rate = 5% of collected blood units (failed units are discarded).
- Each qualified unit of whole blood (450 mL) is fractionated into three components: 1 unit of Packed Red Blood Cells (PRBC), 1 unit of Fresh Frozen Plasma (FFP), and 1 unit of Platelet Concentrate.
- Shelf-Life Expiration Waste: 4% of PRBC units, 8% of FFP units, and 20% of Platelet units expire before transfusion.
How many TOTAL USABLE UNITS of blood components (PRBC + FFP + Platelets combined) are successfully transfused to patients?","A public hospital blood bank tracks donations, screening rejections, component preparation, and shelf-life expiration:
- Total Volunteer Donors Screened = 5,000 individuals.
- Pre-Donation Medical Deferral Rate = 12% (deferred donors do not donate).
- Post-Collection Infectious Disease Screening Failure Rate = 5% of collected blood units (failed units are discarded).
- Each qualified unit of whole blood (450 mL) is fractionated into three components: 1 unit of Packed Red Blood Cells (PRBC), 1 unit of Fresh Frozen Plasma (FFP), and 1 unit of Platelet Concentrate.
- Shelf-Life Expiration Waste: 4% of PRBC units, 8% of FFP units, and 20% of Platelet units expire before transfusion.
How many TOTAL USABLE UNITS of blood components (PRBC + FFP + Platelets combined) are successfully transfused to patients?","STRIPPED_PASSAGE_PREFIX",true,2026-08-19T09:28:39.946Z
cmstkgeie00zn20u1pksrlnqv,prompt,"Passage: A disaster risk officer needs to know the MEDIAN number of evacuation centers activated across seven municipalities during a storm: Municipality A=8, B=12, C=15, D=6, E=19, F=10, G=x (where x is an unknown positive integer).
Given the following two statements:
Statement (1): Municipality G activated more evacuation centers than Municipality B (x > 12).
Statement (2): Municipality G activated fewer evacuation centers than Municipality E (x < 19).
Is the data sufficient to determine the EXACT MEDIAN of the seven municipalities?","A disaster risk officer needs to know the MEDIAN number of evacuation centers activated across seven municipalities during a storm: Municipality A=8, B=12, C=15, D=6, E=19, F=10, G=x (where x is an unknown positive integer).
Given the following two statements:
Statement (1): Municipality G activated more evacuation centers than Municipality B (x > 12).
Statement (2): Municipality G activated fewer evacuation centers than Municipality E (x < 19).
Is the data sufficient to determine the EXACT MEDIAN of the seven municipalities?","STRIPPED_PASSAGE_PREFIX",true,2026-08-19T09:28:40.077Z
cmstkgeid00xx20u1eyy2sf4q,prompt,"Passage: A population health study compares blood pressure readings (systolic, in mmHg) of two patient groups: Group A (on medication): 118, 124, 121, 116, 129, 122, 117, 125. Group B (no medication): 138, 142, 145, 139, 151, 143, 137, 148. Based on the data, what is the DIFFERENCE between the GROUP MEANS, and what is the difference between the RESPECTIVE RANGES (Group B range minus Group A range)?","A population health study compares blood pressure readings (systolic, in mmHg) of two patient groups: Group A (on medication): 118, 124, 121, 116, 129, 122, 117, 125. Group B (no medication): 138, 142, 145, 139, 151, 143, 137, 148. Based on the data, what is the DIFFERENCE between the GROUP MEANS, and what is the difference between the RESPECTIVE RANGES (Group B range minus Group A range)?","STRIPPED_PASSAGE_PREFIX",true,2026-08-19T09:28:40.184Z
cmstkgeif00zy20u1fi3tqji5,prompt,"Passage: A civil service scholarship fund allocates financial assistance:
- Total Annual Grant Fund = PHP 24,000,000.
- Distribution: 50% allocated to College Scholars, 30% to Senior High Scholars, and 20% to Technical-Vocational Scholars.
- Individual Annual Stipends: College = PHP 40,000/year; Senior High = PHP 15,000/year; Tech-Voc = PHP 20,000/year.
- Program Administrative Overhead = 5% deducted from each category's budget before distributing stipends to students.
What is the TOTAL NUMBER OF SCHOLARS supported across all three categories combined?","A civil service scholarship fund allocates financial assistance:
- Total Annual Grant Fund = PHP 24,000,000.
- Distribution: 50% allocated to College Scholars, 30% to Senior High Scholars, and 20% to Technical-Vocational Scholars.
- Individual Annual Stipends: College = PHP 40,000/year; Senior High = PHP 15,000/year; Tech-Voc = PHP 20,000/year.
- Program Administrative Overhead = 5% deducted from each category's budget before distributing stipends to students.
What is the TOTAL NUMBER OF SCHOLARS supported across all three categories combined?","STRIPPED_PASSAGE_PREFIX",true,2026-08-19T09:28:40.289Z
cmstkgeie00z520u19s1kwn05,prompt,"Passage: A city water district dashboard includes: (1) A bar chart showing monthly water production (in million liters, ML) for the first four months of the year (Jan=450, Feb=420, Mar=480, Apr=500; Total = 1,850 ML); and (2) A line graph showing the Non-Revenue Water (NRW / water loss) percentage for each month (Jan=24.0%, Feb=25.0%, Mar=20.0%, Apr=18.0%). In which month was the volume of BILLED (revenue-generating) water the HIGHEST, and what was that billed volume?","A city water district dashboard includes: (1) A bar chart showing monthly water production (in million liters, ML) for the first four months of the year (Jan=450, Feb=420, Mar=480, Apr=500; Total = 1,850 ML); and (2) A line graph showing the Non-Revenue Water (NRW / water loss) percentage for each month (Jan=24.0%, Feb=25.0%, Mar=20.0%, Apr=18.0%). In which month was the volume of BILLED (revenue-generating) water the HIGHEST, and what was that billed volume?","STRIPPED_PASSAGE_PREFIX",true,2026-08-19T09:28:40.411Z
cmstkgeie00yq20u1e4rd08l2,prompt,"Passage: A local governance office rates five municipalities on four governance pillars (each scored out of 100) and lists their population (in thousands):
| Municipality | Fiscal Transparency (25%) | Disaster Preparedness (25%) | Social Services (30%) | Environmental Management (20%) | Population (k) |
| Mun 1 | 88 | 76 | 90 | 82 | 65 |
| Mun 2 | 92 | 84 | 85 | 90 | 120 |
| Mun 3 | 78 | 90 | 80 | 88 | 45 |
| Mun 4 | 96 | 88 | 92 | 85 | 80 |
| Mun 5 | 84 | 80 | 88 | 75 | 110 |
Which municipality achieved the HIGHEST overall weighted governance score?","A local governance office rates five municipalities on four governance pillars (each scored out of 100) and lists their population (in thousands):
| Municipality | Fiscal Transparency (25%) | Disaster Preparedness (25%) | Social Services (30%) | Environmental Management (20%) | Population (k) |
| Mun 1 | 88 | 76 | 90 | 82 | 65 |
| Mun 2 | 92 | 84 | 85 | 90 | 120 |
| Mun 3 | 78 | 90 | 80 | 88 | 45 |
| Mun 4 | 96 | 88 | 92 | 85 | 80 |
| Mun 5 | 84 | 80 | 88 | 75 | 110 |
Which municipality achieved the HIGHEST overall weighted governance score?","STRIPPED_PASSAGE_PREFIX",true,2026-08-19T09:28:40.519Z
cmstkgeie00yb20u1823v3ztl,prompt,"Passage: A regional board of investments tracks the annual net foreign direct investments (FDI, in USD millions) into four special economic zones over a four-year period: Zone 1: 2020=145.0, 2021=162.4, 2022=181.8, 2023=203.6. Zone 2: 2020=210.0, 2021=195.3, 2022=181.6, 2023=168.9. Zone 3: 2020=85.0, 2021=98.6, 2022=114.4, 2023=132.7. Zone 4: 2020=320.0, 2021=310.4, 2022=315.2, 2023=305.8. Which zone demonstrated the HIGHEST COMPOUND ANNUAL GROWTH RATE (CAGR) from 2020 to 2023, and which zone experienced a MONOTONIC DECLINE over the same period?","A regional board of investments tracks the annual net foreign direct investments (FDI, in USD millions) into four special economic zones over a four-year period: Zone 1: 2020=145.0, 2021=162.4, 2022=181.8, 2023=203.6. Zone 2: 2020=210.0, 2021=195.3, 2022=181.6, 2023=168.9. Zone 3: 2020=85.0, 2021=98.6, 2022=114.4, 2023=132.7. Zone 4: 2020=320.0, 2021=310.4, 2022=315.2, 2023=305.8. Which zone demonstrated the HIGHEST COMPOUND ANNUAL GROWTH RATE (CAGR) from 2020 to 2023, and which zone experienced a MONOTONIC DECLINE over the same period?","STRIPPED_PASSAGE_PREFIX",true,2026-08-19T09:28:40.630Z
cmstkgeid00xo20u1wlay7jrb,prompt,"Passage: A city's monthly rainfall data (millimeters) for a 12-month period is: Jan=12.4, Feb=18.7, Mar=34.2, Apr=87.6, May=142.3, Jun=198.4, Jul=241.8, Aug=287.3, Sep=213.6, Oct=124.7, Nov=54.2, Dec=22.1. The city engineer needs to know: (A) the month with MAXIMUM rainfall, (B) the month with MINIMUM rainfall, and (C) the RANGE (max minus min). Which answer is correct?","A city's monthly rainfall data (millimeters) for a 12-month period is: Jan=12.4, Feb=18.7, Mar=34.2, Apr=87.6, May=142.3, Jun=198.4, Jul=241.8, Aug=287.3, Sep=213.6, Oct=124.7, Nov=54.2, Dec=22.1. The city engineer needs to know: (A) the month with MAXIMUM rainfall, (B) the month with MINIMUM rainfall, and (C) the RANGE (max minus min). Which answer is correct?","STRIPPED_PASSAGE_PREFIX",true,2026-08-19T09:28:40.736Z
cmstkgeie00zl20u1g75gmq3d,prompt,"Passage: A financial analyst needs to determine the TOTAL annual revenue of a state-owned utility company in 2023.
Given the following two statements:
Statement (1): In 2023, the utility's commercial sector revenue was PHP 450 million, representing exactly 30% of its total annual revenue.
Statement (2): The utility's 2023 total revenue was 15% higher than its 2022 total revenue.
Is the data sufficient to find the 2023 total revenue?","A financial analyst needs to determine the TOTAL annual revenue of a state-owned utility company in 2023.
Given the following two statements:
Statement (1): In 2023, the utility's commercial sector revenue was PHP 450 million, representing exactly 30% of its total annual revenue.
Statement (2): The utility's 2023 total revenue was 15% higher than its 2022 total revenue.
Is the data sufficient to find the 2023 total revenue?","STRIPPED_PASSAGE_PREFIX",true,2026-08-19T09:28:40.841Z
cmstkgeie00zd20u1p0cz9mbx,prompt,"Passage: A line chart plots the Customer Satisfaction Index (CSI, scale 1-100) of a frontline government licensing agency before and after implementing a fully digital online application portal in Month 6:
- Months 1-5 (Manual In-Person System): M1=62.0, M2=60.5, M3=61.8, M4=59.0, M5=60.2 (Avg ≈ 60.7)
- Month 6 (Digital Launch & System Transition): M6=52.4 (sharp dip)
- Months 7-12 (Post-Digital Stabilization): M7=68.0, M8=76.5, M9=84.2, M10=88.6, M11=91.0, M12=92.5
Which inference regarding the DIGITAL TRANSFORMATION IMPACT is MOST ACCURATE?","A line chart plots the Customer Satisfaction Index (CSI, scale 1-100) of a frontline government licensing agency before and after implementing a fully digital online application portal in Month 6:
- Months 1-5 (Manual In-Person System): M1=62.0, M2=60.5, M3=61.8, M4=59.0, M5=60.2 (Avg ≈ 60.7)
- Month 6 (Digital Launch & System Transition): M6=52.4 (sharp dip)
- Months 7-12 (Post-Digital Stabilization): M7=68.0, M8=76.5, M9=84.2, M10=88.6, M11=91.0, M12=92.5
Which inference regarding the DIGITAL TRANSFORMATION IMPACT is MOST ACCURATE?","STRIPPED_PASSAGE_PREFIX",true,2026-08-19T09:28:40.947Z
cmstkgeid00xl20u1uxr3mjbe,prompt,"Passage: A national procurement report tracks unit prices (PHP per unit) submitted by five suppliers for 4 items. | Item | Supplier 1 | Supplier 2 | Supplier 3 | Supplier 4 | Supplier 5 | |---|---|---|---|---|---| | Item A | 284 | 312 | 267 | 298 | 341 | | Item B | 1,240 | 1,187 | 1,312 | 1,204 | 1,163 | | Item C | 48 | 52 | 45 | 56 | 43 | | Item D | 3,410 | 3,287 | 3,512 | 3,198 | 3,624 | For each item, the procurement office selects the LOWEST BID. What is the TOTAL COST per unit if one unit of each item is purchased from the lowest bidder for that item?","A national procurement report tracks unit prices (PHP per unit) submitted by five suppliers for 4 items. | Item | Supplier 1 | Supplier 2 | Supplier 3 | Supplier 4 | Supplier 5 | |---|---|---|---|---|---| | Item A | 284 | 312 | 267 | 298 | 341 | | Item B | 1,240 | 1,187 | 1,312 | 1,204 | 1,163 | | Item C | 48 | 52 | 45 | 56 | 43 | | Item D | 3,410 | 3,287 | 3,512 | 3,198 | 3,624 | For each item, the procurement office selects the LOWEST BID. What is the TOTAL COST per unit if one unit of each item is purchased from the lowest bidder for that item?","STRIPPED_PASSAGE_PREFIX",true,2026-08-19T09:28:41.054Z
cmstkgeid00xt20u1rekkpsmx,prompt,"Passage: A hospital compares the number of patients admitted across four wards over two months: Ward A: Month 1=214, Month 2=231. Ward B: Month 1=187, Month 2=169. Ward C: Month 1=342, Month 2=378. Ward D: Month 1=128, Month 2=145. Based on the data, what is the difference between the TOTAL admissions across all wards in Month 2 versus Month 1 (Month 2 total minus Month 1 total)?","A hospital compares the number of patients admitted across four wards over two months: Ward A: Month 1=214, Month 2=231. Ward B: Month 1=187, Month 2=169. Ward C: Month 1=342, Month 2=378. Ward D: Month 1=128, Month 2=145. Based on the data, what is the difference between the TOTAL admissions across all wards in Month 2 versus Month 1 (Month 2 total minus Month 1 total)?","STRIPPED_PASSAGE_PREFIX",true,2026-08-19T09:28:41.184Z
cmstkgeie00ym20u1wzaovcnh,prompt,"Passage: A provincial treasury tracks local revenue collection across four categories from Year 1 to Year 2: Category A grew from PHP 50M to PHP 65M. Category B grew from PHP 80M to PHP 92M. Category C declined from PHP 40M to PHP 34M. Category D declined from PHP 60M to PHP 51M. What was the NET PERCENTAGE CHANGE in total local revenue collections across all four categories combined from Year 1 to Year 2?","A provincial treasury tracks local revenue collection across four categories from Year 1 to Year 2: Category A grew from PHP 50M to PHP 65M. Category B grew from PHP 80M to PHP 92M. Category C declined from PHP 40M to PHP 34M. Category D declined from PHP 60M to PHP 51M. What was the NET PERCENTAGE CHANGE in total local revenue collections across all four categories combined from Year 1 to Year 2?","STRIPPED_PASSAGE_PREFIX",true,2026-08-19T09:28:41.291Z
cmstkgeie00za20u1kemsm1x7,prompt,"Passage: A multi-line graph plots quarterly business registrations (Line 1) and commercial loan interest rates (Line 2) in a metropolitan region over eight quarters:
- Q1: Registrations = 4,200; Interest Rate = 4.5%
- Q2: Registrations = 4,500; Interest Rate = 4.2%
- Q3: Registrations = 4,800; Interest Rate = 3.8%
- Q4: Registrations = 5,400; Interest Rate = 3.5%
- Q5: Registrations = 5,100; Interest Rate = 4.0%
- Q6: Registrations = 4,600; Interest Rate = 4.8%
- Q7: Registrations = 4,000; Interest Rate = 5.5%
- Q8: Registrations = 3,600; Interest Rate = 6.2%
What logical inference is STRONGLY SUPPORTED by the co-movement of these two time series?","A multi-line graph plots quarterly business registrations (Line 1) and commercial loan interest rates (Line 2) in a metropolitan region over eight quarters:
- Q1: Registrations = 4,200; Interest Rate = 4.5%
- Q2: Registrations = 4,500; Interest Rate = 4.2%
- Q3: Registrations = 4,800; Interest Rate = 3.8%
- Q4: Registrations = 5,400; Interest Rate = 3.5%
- Q5: Registrations = 5,100; Interest Rate = 4.0%
- Q6: Registrations = 4,600; Interest Rate = 4.8%
- Q7: Registrations = 4,000; Interest Rate = 5.5%
- Q8: Registrations = 3,600; Interest Rate = 6.2%
What logical inference is STRONGLY SUPPORTED by the co-movement of these two time series?","STRIPPED_PASSAGE_PREFIX",true,2026-08-19T09:28:41.423Z
cmstkgeie00zo20u162s6b0hs,prompt,"Passage: A treasury examiner wants to determine the RATIO of full-time permanent employees to contractual employees in a government agency.
Given the following two statements:
Statement (1): The agency employs a total of 1,200 workers, consisting exclusively of permanent, casual, and contractual personnel.
Statement (2): Casual employees make up exactly 20% of the total workforce, and permanent employees outnumber contractual employees by exactly 480 personnel.
Is the data sufficient to find the ratio of permanent to contractual employees?","A treasury examiner wants to determine the RATIO of full-time permanent employees to contractual employees in a government agency.
Given the following two statements:
Statement (1): The agency employs a total of 1,200 workers, consisting exclusively of permanent, casual, and contractual personnel.
Statement (2): Casual employees make up exactly 20% of the total workforce, and permanent employees outnumber contractual employees by exactly 480 personnel.
Is the data sufficient to find the ratio of permanent to contractual employees?","STRIPPED_PASSAGE_PREFIX",true,2026-08-19T09:28:41.549Z
cmstkgeid00xp20u1l10ok1gj,prompt,"Passage: A performance evaluation matrix rates 5 candidates on 4 competencies (scale 1-10). | Candidate | Leadership | Technical | Communication | Problem-Solving | |---|---|---|---|---| | Reyes | 8 | 9 | 7 | 8 | | Santos | 7 | 8 | 9 | 7 | | Torres | 9 | 7 | 8 | 9 | | Umali | 6 | 8 | 7 | 9 | | Villanueva | 8 | 9 | 8 | 7 | Based on the data, which candidate has the HIGHEST MINIMUM COMPETENCY SCORE (i.e., their weakest competency is rated highest), indicating the most well-rounded performer?","A performance evaluation matrix rates 5 candidates on 4 competencies (scale 1-10). | Candidate | Leadership | Technical | Communication | Problem-Solving | |---|---|---|---|---| | Reyes | 8 | 9 | 7 | 8 | | Santos | 7 | 8 | 9 | 7 | | Torres | 9 | 7 | 8 | 9 | | Umali | 6 | 8 | 7 | 9 | | Villanueva | 8 | 9 | 8 | 7 | Based on the data, which candidate has the HIGHEST MINIMUM COMPETENCY SCORE (i.e., their weakest competency is rated highest), indicating the most well-rounded performer?","STRIPPED_PASSAGE_PREFIX",true,2026-08-19T09:28:41.670Z
cmstkgeie00yc20u1x8sqgn26,prompt,"Passage: A public transportation board records the daily passenger volume (in thousands) on a newly opened light rail commuter line during its first six months of operations: Month 1=45.0, Month 2=54.0, Month 3=64.8, Month 4=71.28, Month 5=74.84, Month 6=76.34. An urban transport analyst is assessing whether passenger volume growth is accelerating or decelerating over the six-month horizon. Which statement MOST ACCURATELY characterizes the growth trajectory?","A public transportation board records the daily passenger volume (in thousands) on a newly opened light rail commuter line during its first six months of operations: Month 1=45.0, Month 2=54.0, Month 3=64.8, Month 4=71.28, Month 5=74.84, Month 6=76.34. An urban transport analyst is assessing whether passenger volume growth is accelerating or decelerating over the six-month horizon. Which statement MOST ACCURATELY characterizes the growth trajectory?","STRIPPED_PASSAGE_PREFIX",true,2026-08-19T09:28:41.776Z
cmstkgeie00yu20u105uj90pm,prompt,"Passage: A regional environmental agency compiles air quality and industrial emissions data across five industrial zones:
| Zone | Manufacturing Plants | Total PM2.5 Emitted (tons/yr) | SO2 Emitted (tons/yr) | Environmental Inspectors Assigned | Compliance Rate (%) |
| Zone North | 40 | 320 | 160 | 8 | 85% |
| Zone South | 65 | 585 | 260 | 13 | 78% |
| Zone East | 25 | 175 | 100 | 5 | 92% |
| Zone West | 50 | 450 | 225 | 10 | 80% |
| Zone Central | 80 | 640 | 360 | 16 | 88% |
Which zone had the LOWEST PM2.5 emissions per manufacturing plant, and which zone had the HIGHEST SO2 emissions per manufacturing plant?","A regional environmental agency compiles air quality and industrial emissions data across five industrial zones:
| Zone | Manufacturing Plants | Total PM2.5 Emitted (tons/yr) | SO2 Emitted (tons/yr) | Environmental Inspectors Assigned | Compliance Rate (%) |
| Zone North | 40 | 320 | 160 | 8 | 85% |
| Zone South | 65 | 585 | 260 | 13 | 78% |
| Zone East | 25 | 175 | 100 | 5 | 92% |
| Zone West | 50 | 450 | 225 | 10 | 80% |
| Zone Central | 80 | 640 | 360 | 16 | 88% |
Which zone had the LOWEST PM2.5 emissions per manufacturing plant, and which zone had the HIGHEST SO2 emissions per manufacturing plant?","STRIPPED_PASSAGE_PREFIX",true,2026-08-19T09:28:41.892Z
cmstkgeie00ze20u1h6s4hshg,prompt,"Passage: A bubble chart maps five state universities across three dimensions: (1) Total Annual Budget (x-axis, PHP 100M to PHP 800M); (2) Licensure Examination Overall Passing Rate (y-axis, 40% to 95%); and (3) Graduate Tracer Employment Rate within 6 months (Bubble Size, larger bubble = higher employment rate):
- SUC 1: Budget = PHP 200M; Pass Rate = 85%; Employment Rate = 88% (Large Bubble)
- SUC 2: Budget = PHP 750M; Pass Rate = 88%; Employment Rate = 90% (Large Bubble)
- SUC 3: Budget = PHP 600M; Pass Rate = 55%; Employment Rate = 60% (Small Bubble)
- SUC 4: Budget = PHP 180M; Pass Rate = 50%; Employment Rate = 58% (Small Bubble)
- SUC 5: Budget = PHP 350M; Pass Rate = 82%; Employment Rate = 85% (Large Bubble)
Which conclusion regarding INSTITUTIONAL EFFICIENCY is STRONGLY SUPPORTED by the bubble chart?","A bubble chart maps five state universities across three dimensions: (1) Total Annual Budget (x-axis, PHP 100M to PHP 800M); (2) Licensure Examination Overall Passing Rate (y-axis, 40% to 95%); and (3) Graduate Tracer Employment Rate within 6 months (Bubble Size, larger bubble = higher employment rate):
- SUC 1: Budget = PHP 200M; Pass Rate = 85%; Employment Rate = 88% (Large Bubble)
- SUC 2: Budget = PHP 750M; Pass Rate = 88%; Employment Rate = 90% (Large Bubble)
- SUC 3: Budget = PHP 600M; Pass Rate = 55%; Employment Rate = 60% (Small Bubble)
- SUC 4: Budget = PHP 180M; Pass Rate = 50%; Employment Rate = 58% (Small Bubble)
- SUC 5: Budget = PHP 350M; Pass Rate = 82%; Employment Rate = 85% (Large Bubble)
Which conclusion regarding INSTITUTIONAL EFFICIENCY is STRONGLY SUPPORTED by the bubble chart?","STRIPPED_PASSAGE_PREFIX",true,2026-08-19T09:28:42.004Z
cmstkgeie00zt20u15cpucfy8,prompt,"Passage: A local government unit evaluates the net financial viability of its municipal public transport modern fleet:
- Modern Jeepneys in Fleet = 60 vehicles.
- Operational Days per Year = 300 days per vehicle.
- Daily Trips per Vehicle = 6 round trips (each round trip = 25 km).
- Passenger Capacity per Vehicle = 24 passengers.
- Average Passenger Load Factor = 75% capacity utilized.
- Average Fare per Passenger per Trip = PHP 20.00.
- Operating Expenses: Fuel & Maintenance = PHP 12.00 per km traveled; Driver & Conductor Wages = PHP 1,200 per vehicle per operational day.
What is the ANNUAL NET OPERATING PROFIT generated by the entire 60-vehicle fleet?","A local government unit evaluates the net financial viability of its municipal public transport modern fleet:
- Modern Jeepneys in Fleet = 60 vehicles.
- Operational Days per Year = 300 days per vehicle.
- Daily Trips per Vehicle = 6 round trips (each round trip = 25 km).
- Passenger Capacity per Vehicle = 24 passengers.
- Average Passenger Load Factor = 75% capacity utilized.
- Average Fare per Passenger per Trip = PHP 20.00.
- Operating Expenses: Fuel & Maintenance = PHP 12.00 per km traveled; Driver & Conductor Wages = PHP 1,200 per vehicle per operational day.
What is the ANNUAL NET OPERATING PROFIT generated by the entire 60-vehicle fleet?","STRIPPED_PASSAGE_PREFIX",true,2026-08-19T09:28:42.127Z
cmstkgeie00yg20u1b8pdh8z6,prompt,"Passage: A regional tourism authority monitors hotel room occupancy rates (%) across four resort corridors over four quarters: Corridor Alpha: Q1=72.0, Q2=79.2, Q3=87.12, Q4=95.83. Corridor Beta: Q1=85.0, Q2=76.5, Q3=68.85, Q4=61.97. Corridor Gamma: Q1=60.0, Q2=66.0, Q3=72.6, Q4=79.86. Corridor Δ: Q1=90.0, Q2=81.0, Q3=72.9, Q4=65.61. Based on this quarterly time series, what is the constant quarter-over-quarter percentage CHANGE rate exhibited by Corridor Alpha (growth) and Corridor Beta (decline)?","A regional tourism authority monitors hotel room occupancy rates (%) across four resort corridors over four quarters: Corridor Alpha: Q1=72.0, Q2=79.2, Q3=87.12, Q4=95.83. Corridor Beta: Q1=85.0, Q2=76.5, Q3=68.85, Q4=61.97. Corridor Gamma: Q1=60.0, Q2=66.0, Q3=72.6, Q4=79.86. Corridor Δ: Q1=90.0, Q2=81.0, Q3=72.9, Q4=65.61. Based on this quarterly time series, what is the constant quarter-over-quarter percentage CHANGE rate exhibited by Corridor Alpha (growth) and Corridor Beta (decline)?","STRIPPED_PASSAGE_PREFIX",true,2026-08-19T09:28:42.248Z
cmstkgeid00y120u1xuiae851,prompt,"Passage: A regional development council collates the total capital investments (in PHP millions) across five economic corridors over four quarters: North Corridor: Q1=124.5, Q2=138.2, Q3=145.0, Q4=162.3. South Corridor: Q1=98.4, Q2=105.6, Q3=112.8, Q4=124.2. East Corridor: Q1=210.3, Q2=215.8, Q3=224.5, Q4=239.4. West Corridor: Q1=76.8, Q2=82.4, Q3=89.6, Q4=95.2. Central Corridor: Q1=185.0, Q2=192.5, Q3=204.1, Q4=218.4. What is the GRAND TOTAL of all capital investments across all corridors and all four quarters combined?","A regional development council collates the total capital investments (in PHP millions) across five economic corridors over four quarters: North Corridor: Q1=124.5, Q2=138.2, Q3=145.0, Q4=162.3. South Corridor: Q1=98.4, Q2=105.6, Q3=112.8, Q4=124.2. East Corridor: Q1=210.3, Q2=215.8, Q3=224.5, Q4=239.4. West Corridor: Q1=76.8, Q2=82.4, Q3=89.6, Q4=95.2. Central Corridor: Q1=185.0, Q2=192.5, Q3=204.1, Q4=218.4. What is the GRAND TOTAL of all capital investments across all corridors and all four quarters combined?","STRIPPED_PASSAGE_PREFIX",true,2026-08-19T09:28:42.362Z
cmstkgeif00zx20u1itmfdlgj,prompt,"Passage: A municipal solid waste department evaluates the net operational cost of a composting facility:
- Monthly Biodegradable Waste Processed = 1,200 metric tons (MT).
- Organic Compost Yield = 35% of input waste weight.
- Commercial Compost Selling Price = PHP 3,500 per MT of finished compost.
- Facility Operating Costs: Labor = PHP 450,000/month; Machinery Operation & Fuel = PHP 350,000/month; Packaging & Distribution = PHP 500 per MT of finished compost.
What is the NET MONTHLY PROFIT or LOSS generated by the composting facility?","A municipal solid waste department evaluates the net operational cost of a composting facility:
- Monthly Biodegradable Waste Processed = 1,200 metric tons (MT).
- Organic Compost Yield = 35% of input waste weight.
- Commercial Compost Selling Price = PHP 3,500 per MT of finished compost.
- Facility Operating Costs: Labor = PHP 450,000/month; Machinery Operation & Fuel = PHP 350,000/month; Packaging & Distribution = PHP 500 per MT of finished compost.
What is the NET MONTHLY PROFIT or LOSS generated by the composting facility?","STRIPPED_PASSAGE_PREFIX",true,2026-08-19T09:28:42.487Z
cmstkgeie00zj20u1o0c8blgv,prompt,"Passage: A local health officer wants to find the AVERAGE daily patient consultation count across a 5-day work week (Monday to Friday) at a rural health unit.
Given the following two statements:
Statement (1): The average daily consultation count for Monday, Tuesday, and Wednesday was 42 patients.
Statement (2): The average daily consultation count for Wednesday, Thursday, and Friday was 48 patients.
Is the data sufficient to calculate the 5-day weekly average?","A local health officer wants to find the AVERAGE daily patient consultation count across a 5-day work week (Monday to Friday) at a rural health unit.
Given the following two statements:
Statement (1): The average daily consultation count for Monday, Tuesday, and Wednesday was 42 patients.
Statement (2): The average daily consultation count for Wednesday, Thursday, and Friday was 48 patients.
Is the data sufficient to calculate the 5-day weekly average?","STRIPPED_PASSAGE_PREFIX",true,2026-08-19T09:28:42.599Z
cmstkgeid00xh20u18e6cm7mi,prompt,"Passage: The following table shows monthly power consumption (kWh) for five government buildings over one quarter: Building A: Jan=12,840, Feb=13,210, Mar=14,560. Building B: Jan=8,720, Feb=8,940, Mar=9,180. Building C: Jan=21,340, Feb=20,870, Mar=22,640. Building D: Jan=6,240, Feb=5,890, Mar=6,810. Building E: Jan=15,630, Feb=14,820, Mar=16,240. Based on the data, which building had the HIGHEST SINGLE-MONTH consumption, and what was the LOWEST SINGLE-MONTH consumption across all buildings and months?","The following table shows monthly power consumption (kWh) for five government buildings over one quarter: Building A: Jan=12,840, Feb=13,210, Mar=14,560. Building B: Jan=8,720, Feb=8,940, Mar=9,180. Building C: Jan=21,340, Feb=20,870, Mar=22,640. Building D: Jan=6,240, Feb=5,890, Mar=6,810. Building E: Jan=15,630, Feb=14,820, Mar=16,240. Based on the data, which building had the HIGHEST SINGLE-MONTH consumption, and what was the LOWEST SINGLE-MONTH consumption across all buildings and months?","STRIPPED_PASSAGE_PREFIX",true,2026-08-19T09:28:42.714Z
cmstkgeie00zf20u1qvo3vblt,prompt,"Passage: A dual-axis line graph tracks the inflation rate (left axis, %) and the poverty incidence rate (right axis, %) of a developing region over six years:
- Year 1: Inflation = 2.5%; Poverty = 24.0%
- Year 2: Inflation = 3.0%; Poverty = 23.2%
- Year 3: Inflation = 6.8%; Poverty = 25.8% (Inflation spike)
- Year 4: Inflation = 8.4%; Poverty = 27.5% (Peak inflation)
- Year 5: Inflation = 4.2%; Poverty = 26.0% (Disinflation begins)
- Year 6: Inflation = 2.8%; Poverty = 24.8%
Which inference is BEST SUPPORTED by the observed relationship between inflation spikes and poverty incidence?","A dual-axis line graph tracks the inflation rate (left axis, %) and the poverty incidence rate (right axis, %) of a developing region over six years:
- Year 1: Inflation = 2.5%; Poverty = 24.0%
- Year 2: Inflation = 3.0%; Poverty = 23.2%
- Year 3: Inflation = 6.8%; Poverty = 25.8% (Inflation spike)
- Year 4: Inflation = 8.4%; Poverty = 27.5% (Peak inflation)
- Year 5: Inflation = 4.2%; Poverty = 26.0% (Disinflation begins)
- Year 6: Inflation = 2.8%; Poverty = 24.8%
Which inference is BEST SUPPORTED by the observed relationship between inflation spikes and poverty incidence?","STRIPPED_PASSAGE_PREFIX",true,2026-08-19T09:28:42.826Z
cmstkgeif00zz20u1987o1ar4,prompt,"Passage: A regional reforestation project measures seedling planting, survival rates, and carbon sequestration credits:
- Total Target Reforestation Area = 1,500 hectares.
- Planting Density = 1,200 saplings per hectare.
- Species Composition: 60% Native Hardwoods, 40% Fast-Growing Pioneer Trees.
- Year 3 Sapling Survival Rates: Native Hardwoods = 80%; Pioneer Trees = 70%.
- Carbon Credit Yield at Year 3: Surviving Hardwood = 0.05 tons CO2/tree; Surviving Pioneer = 0.08 tons CO2/tree.
- Carbon Credit Market Value = PHP 1,200 per ton of CO2 sequestered.
What is the TOTAL MONETARY VALUE of the Year 3 carbon credits generated by the surviving forest stand?","A regional reforestation project measures seedling planting, survival rates, and carbon sequestration credits:
- Total Target Reforestation Area = 1,500 hectares.
- Planting Density = 1,200 saplings per hectare.
- Species Composition: 60% Native Hardwoods, 40% Fast-Growing Pioneer Trees.
- Year 3 Sapling Survival Rates: Native Hardwoods = 80%; Pioneer Trees = 70%.
- Carbon Credit Yield at Year 3: Surviving Hardwood = 0.05 tons CO2/tree; Surviving Pioneer = 0.08 tons CO2/tree.
- Carbon Credit Market Value = PHP 1,200 per ton of CO2 sequestered.
What is the TOTAL MONETARY VALUE of the Year 3 carbon credits generated by the surviving forest stand?","STRIPPED_PASSAGE_PREFIX",true,2026-08-19T09:28:42.934Z
cmstkgeif00zv20u1u5e2wure,prompt,"Passage: A regional water utility plans a major reservoir expansion:
- Current Reservoir Capacity = 8,000,000 cubic meters (m³).
- Service Population = 250,000 residents.
- Current Daily Per Capita Water Demand = 160 liters per person per day.
- Projected Population Growth over 5 years = +20%.
- Projected Daily Per Capita Demand after 5 years = 180 liters per person per day.
- Emergency Storage Buffer Mandate: Reservoir capacity must hold at least 150 days of total projected daily water demand.
What is the MINIMUM ADDITIONAL RESERVOIR CAPACITY (in m³) that must be constructed to meet the 5-year mandate? (Note: 1 m³ = 1,000 liters).","A regional water utility plans a major reservoir expansion:
- Current Reservoir Capacity = 8,000,000 cubic meters (m³).
- Service Population = 250,000 residents.
- Current Daily Per Capita Water Demand = 160 liters per person per day.
- Projected Population Growth over 5 years = +20%.
- Projected Daily Per Capita Demand after 5 years = 180 liters per person per day.
- Emergency Storage Buffer Mandate: Reservoir capacity must hold at least 150 days of total projected daily water demand.
What is the MINIMUM ADDITIONAL RESERVOIR CAPACITY (in m³) that must be constructed to meet the 5-year mandate? (Note: 1 m³ = 1,000 liters).","STRIPPED_PASSAGE_PREFIX",true,2026-08-19T09:28:43.072Z
cmstkgeie00zr20u15db40exl,prompt,"Passage: A department of agriculture regional office monitors palay harvest, post-harvest losses, and milling yields:
- Total Farmland Harvested = 25,000 hectares.
- Average Gross Palay Yield = 4.8 metric tons per hectare.
- Post-Harvest Handling & Drying Losses = 15% of gross harvest.
- Milling Recovery Rate (Palay to Milled White Rice) = 65% of net dry palay.
- Retail Selling Price of Milled Rice = PHP 42.00 per kilogram.
What is the TOTAL MARKET VALUE of the resulting milled white rice produced from this harvest?","A department of agriculture regional office monitors palay harvest, post-harvest losses, and milling yields:
- Total Farmland Harvested = 25,000 hectares.
- Average Gross Palay Yield = 4.8 metric tons per hectare.
- Post-Harvest Handling & Drying Losses = 15% of gross harvest.
- Milling Recovery Rate (Palay to Milled White Rice) = 65% of net dry palay.
- Retail Selling Price of Milled Rice = PHP 42.00 per kilogram.
What is the TOTAL MARKET VALUE of the resulting milled white rice produced from this harvest?","STRIPPED_PASSAGE_PREFIX",true,2026-08-19T09:28:43.198Z
cmstkgeie00zm20u1cmr5hrbh,prompt,"Passage: An environmental auditor needs to determine whether Factory Z complied with the statutory limit of emitting NO MORE THAN 50 tons of sulfur dioxide (SO2) in 2023.
Given the following two statements:
Statement (1): In the first half of 2023 (Q1 and Q2), Factory Z emitted an average of 4.2 tons of SO2 per month.
Statement (2): In the second half of 2023 (Q3 and Q4), Factory Z's total SO2 emissions were 15% lower than its first-half total emissions.
Is the data sufficient to determine whether Factory Z stayed within the 50-ton statutory ceiling?","An environmental auditor needs to determine whether Factory Z complied with the statutory limit of emitting NO MORE THAN 50 tons of sulfur dioxide (SO2) in 2023.
Given the following two statements:
Statement (1): In the first half of 2023 (Q1 and Q2), Factory Z emitted an average of 4.2 tons of SO2 per month.
Statement (2): In the second half of 2023 (Q3 and Q4), Factory Z's total SO2 emissions were 15% lower than its first-half total emissions.
Is the data sufficient to determine whether Factory Z stayed within the 50-ton statutory ceiling?","STRIPPED_PASSAGE_PREFIX",true,2026-08-19T09:28:43.305Z
cmstkgeie00zi20u1jisyi6d1,prompt,"Passage: A public works auditor is assessing whether a contractor completed at least 80% of a multi-kilometer road concreting project by the contractual mid-year deadline.
Given the following two statements:
Statement (1): By the mid-year deadline, the contractor had completed 24 kilometers of road concreting.
Statement (2): In the second half of the year, the contractor completed the remaining 6 kilometers to finish 100% of the project.
Is the data sufficient to determine whether the contractor met the 80% completion benchmark by mid-year?","A public works auditor is assessing whether a contractor completed at least 80% of a multi-kilometer road concreting project by the contractual mid-year deadline.
Given the following two statements:
Statement (1): By the mid-year deadline, the contractor had completed 24 kilometers of road concreting.
Statement (2): In the second half of the year, the contractor completed the remaining 6 kilometers to finish 100% of the project.
Is the data sufficient to determine whether the contractor met the 80% completion benchmark by mid-year?","STRIPPED_PASSAGE_PREFIX",true,2026-08-19T09:28:43.416Z
cmstkgeie00zg20u1z5km5rsu,prompt,"Passage: A regional budget director needs to determine whether Municipality X spent MORE money on local infrastructure projects in 2023 than Municipality Y.
Given the following two statements:
Statement (1): In 2023, Municipality X allocated 35% of its total annual budget to infrastructure, while Municipality Y allocated 28% of its total annual budget to infrastructure.
Statement (2): In 2023, Municipality Y's total annual budget was PHP 800 million, while Municipality X's total annual budget was PHP 600 million.
Is the available data SUFFICIENT to answer the director's question?","A regional budget director needs to determine whether Municipality X spent MORE money on local infrastructure projects in 2023 than Municipality Y.
Given the following two statements:
Statement (1): In 2023, Municipality X allocated 35% of its total annual budget to infrastructure, while Municipality Y allocated 28% of its total annual budget to infrastructure.
Statement (2): In 2023, Municipality Y's total annual budget was PHP 800 million, while Municipality X's total annual budget was PHP 600 million.
Is the available data SUFFICIENT to answer the director's question?","STRIPPED_PASSAGE_PREFIX",true,2026-08-19T09:28:43.538Z
cmstkgeie00y720u127dxjnc2,prompt,"Passage: A municipal treasury department collects real property tax (RPT), business tax (BT), and regulatory fees (RF) from four barangays during an annual campaign: Barangay Alpha: RPT=PHP 4.8M, BT=PHP 3.2M, RF=PHP 1.1M. Barangay Bravo: RPT=PHP 6.5M, BT=PHP 5.4M, RF=PHP 1.8M. Barangay Charlie: RPT=PHP 3.9M, BT=PHP 2.8M, RF=PHP 0.9M. Barangay Δ: RPT=PHP 8.2M, BT=PHP 6.7M, RF=PHP 2.4M. What is the TOTAL municipal revenue collected from Business Tax and Regulatory Fees combined across the four barangays?","A municipal treasury department collects real property tax (RPT), business tax (BT), and regulatory fees (RF) from four barangays during an annual campaign: Barangay Alpha: RPT=PHP 4.8M, BT=PHP 3.2M, RF=PHP 1.1M. Barangay Bravo: RPT=PHP 6.5M, BT=PHP 5.4M, RF=PHP 1.8M. Barangay Charlie: RPT=PHP 3.9M, BT=PHP 2.8M, RF=PHP 0.9M. Barangay Δ: RPT=PHP 8.2M, BT=PHP 6.7M, RF=PHP 2.4M. What is the TOTAL municipal revenue collected from Business Tax and Regulatory Fees combined across the four barangays?","STRIPPED_PASSAGE_PREFIX",true,2026-08-19T09:28:43.671Z
cmstkgeie00y820u1uu3qbk7b,prompt,"Passage: A regional electrification administration reports the number of newly energized households across four island municipalities over three phases: Municipality A: Phase 1=1,240, Phase 2=1,580, Phase 3=1,820. Municipality B: Phase 1=980, Phase 2=1,150, Phase 3=1,340. Municipality C: Phase 1=1,650, Phase 2=1,890, Phase 3=2,120. Municipality D: Phase 1=840, Phase 2=960, Phase 3=1,080. If each household connection received a government subsidy of PHP 2,500, what is the GRAND TOTAL government subsidy disbursed across all municipalities and all three phases?","A regional electrification administration reports the number of newly energized households across four island municipalities over three phases: Municipality A: Phase 1=1,240, Phase 2=1,580, Phase 3=1,820. Municipality B: Phase 1=980, Phase 2=1,150, Phase 3=1,340. Municipality C: Phase 1=1,650, Phase 2=1,890, Phase 3=2,120. Municipality D: Phase 1=840, Phase 2=960, Phase 3=1,080. If each household connection received a government subsidy of PHP 2,500, what is the GRAND TOTAL government subsidy disbursed across all municipalities and all three phases?","STRIPPED_PASSAGE_PREFIX",true,2026-08-19T09:28:43.800Z
cmstkgeie00y620u113k6mkhm,prompt,"Passage: A regional labor department reviews registered job vacancies reported by four industry sectors over three quarters: Sector 1 (Manufacturing): Q1=3,450; Q2=3,820; Q3=4,110. Sector 2 (BPO & IT): Q1=6,200; Q2=6,850; Q3=7,400. Sector 3 (Hospitality & Tourism): Q1=2,150; Q2=2,600; Q3=3,100. Sector 4 (Construction): Q1=1,800; Q2=2,250; Q3=2,550. What is the TOTAL number of job vacancies generated across ALL four sectors in Quarter 2 and Quarter 3 combined?","A regional labor department reviews registered job vacancies reported by four industry sectors over three quarters: Sector 1 (Manufacturing): Q1=3,450; Q2=3,820; Q3=4,110. Sector 2 (BPO & IT): Q1=6,200; Q2=6,850; Q3=7,400. Sector 3 (Hospitality & Tourism): Q1=2,150; Q2=2,600; Q3=3,100. Sector 4 (Construction): Q1=1,800; Q2=2,250; Q3=2,550. What is the TOTAL number of job vacancies generated across ALL four sectors in Quarter 2 and Quarter 3 combined?","STRIPPED_PASSAGE_PREFIX",true,2026-08-19T09:28:43.906Z
cmstkgeie00y920u1xnum2uvk,prompt,"Passage: An agricultural research agency measures the volume of hybrid palay seeds distributed (in sacks of 50 kg each) to farmers across five congressional districts in two planting seasons (Wet Season and Dry Season): District 1: Wet=4,200 sacks, Dry=3,800 sacks. District 2: Wet=5,100 sacks, Dry=4,650 sacks. District 3: Wet=3,750 sacks, Dry=3,400 sacks. District 4: Wet=6,300 sacks, Dry=5,900 sacks. District 5: Wet=2,900 sacks, Dry=2,650 sacks. What is the TOTAL METRIC TONNAGE of hybrid seeds distributed across all five districts during BOTH seasons combined? (Note: 1 metric ton = 1,000 kg; 1 sack = 50 kg, so 20 sacks = 1 metric ton).","An agricultural research agency measures the volume of hybrid palay seeds distributed (in sacks of 50 kg each) to farmers across five congressional districts in two planting seasons (Wet Season and Dry Season): District 1: Wet=4,200 sacks, Dry=3,800 sacks. District 2: Wet=5,100 sacks, Dry=4,650 sacks. District 3: Wet=3,750 sacks, Dry=3,400 sacks. District 4: Wet=6,300 sacks, Dry=5,900 sacks. District 5: Wet=2,900 sacks, Dry=2,650 sacks. What is the TOTAL METRIC TONNAGE of hybrid seeds distributed across all five districts during BOTH seasons combined? (Note: 1 metric ton = 1,000 kg; 1 sack = 50 kg, so 20 sacks = 1 metric ton).","STRIPPED_PASSAGE_PREFIX",true,2026-08-19T09:28:44.014Z
cmstkgeie00yd20u1uaikz46b,prompt,"Passage: A municipal health office records the annual incidence of vector-borne disease cases across five administrative sectors over three successive years: Sector A: 2021=450, 2022=360, 2023=270. Sector B: 2021=600, 2022=510, 2023=408. Sector C: 2021=320, 2022=240, 2023=192. Sector D: 2021=800, 2022=680, 2023=544. Sector E: 2021=500, 2022=425, 2023=340. Which sector achieved the LARGEST PERCENTAGE DECLINE in disease incidence between 2021 and 2023?","A municipal health office records the annual incidence of vector-borne disease cases across five administrative sectors over three successive years: Sector A: 2021=450, 2022=360, 2023=270. Sector B: 2021=600, 2022=510, 2023=408. Sector C: 2021=320, 2022=240, 2023=192. Sector D: 2021=800, 2022=680, 2023=544. Sector E: 2021=500, 2022=425, 2023=340. Which sector achieved the LARGEST PERCENTAGE DECLINE in disease incidence between 2021 and 2023?","STRIPPED_PASSAGE_PREFIX",true,2026-08-19T09:28:44.151Z
cmstkgeie00yi20u1f352ccjs,prompt,"Passage: A local government unit measures annual revenue collections from local business taxes across four administrative districts over three years: District 1: 2021=PHP 12.0M, 2022=PHP 14.4M, 2023=PHP 18.0M. District 2: 2021=PHP 20.0M, 2022=PHP 23.0M, 2023=PHP 25.3M. District 3: 2021=PHP 8.0M, 2022=PHP 10.4M, 2023=PHP 13.0M. District 4: 2021=PHP 15.0M, 2022=PHP 16.5M, 2023=PHP 19.8M. Which district achieved the HIGHEST OVERALL PERCENTAGE GROWTH from 2021 to 2023?","A local government unit measures annual revenue collections from local business taxes across four administrative districts over three years: District 1: 2021=PHP 12.0M, 2022=PHP 14.4M, 2023=PHP 18.0M. District 2: 2021=PHP 20.0M, 2022=PHP 23.0M, 2023=PHP 25.3M. District 3: 2021=PHP 8.0M, 2022=PHP 10.4M, 2023=PHP 13.0M. District 4: 2021=PHP 15.0M, 2022=PHP 16.5M, 2023=PHP 19.8M. Which district achieved the HIGHEST OVERALL PERCENTAGE GROWTH from 2021 to 2023?","STRIPPED_PASSAGE_PREFIX",true,2026-08-19T09:28:44.278Z
cmstkgeie00yh20u1ti9kw962,prompt,"Passage: An environmental monitoring station records the annual carbon emissions (in kilotons, kt) from an industrial park over five years: Year 1=500.0, Year 2=450.0, Year 3=405.0, Year 4=364.5, Year 5=328.05. If this constant rate of reduction continues unabated, what will be the PROJECTED emissions in Year 7?","An environmental monitoring station records the annual carbon emissions (in kilotons, kt) from an industrial park over five years: Year 1=500.0, Year 2=450.0, Year 3=405.0, Year 4=364.5, Year 5=328.05. If this constant rate of reduction continues unabated, what will be the PROJECTED emissions in Year 7?","STRIPPED_PASSAGE_PREFIX",true,2026-08-19T09:28:44.500Z
cmstkgeie00yo20u17132mjdl,prompt,"Passage: A civil service research institute analyzes performance data across five administrative units:
| Unit | Staff Count | Cases Processed | On-Time Completion Rate (%) | Error Rate (%) | Budget Utilized (PHP M) |
| Unit V | 30 | 1,800 | 92.0% | 1.5% | 4.5 |
| Unit W | 45 | 3,150 | 88.0% | 2.0% | 7.2 |
| Unit X | 25 | 1,750 | 95.0% | 0.8% | 3.5 |
| Unit Y | 50 | 3,200 | 85.0% | 2.4% | 8.5 |
| Unit Z | 20 | 1,500 | 94.0% | 1.0% | 3.0 |
Which unit achieved the HIGHEST case throughput per staff member, and which unit had the LOWEST cost per case processed?","A civil service research institute analyzes performance data across five administrative units:
| Unit | Staff Count | Cases Processed | On-Time Completion Rate (%) | Error Rate (%) | Budget Utilized (PHP M) |
| Unit V | 30 | 1,800 | 92.0% | 1.5% | 4.5 |
| Unit W | 45 | 3,150 | 88.0% | 2.0% | 7.2 |
| Unit X | 25 | 1,750 | 95.0% | 0.8% | 3.5 |
| Unit Y | 50 | 3,200 | 85.0% | 2.4% | 8.5 |
| Unit Z | 20 | 1,500 | 94.0% | 1.0% | 3.0 |
Which unit achieved the HIGHEST case throughput per staff member, and which unit had the LOWEST cost per case processed?","STRIPPED_PASSAGE_PREFIX",true,2026-08-19T09:28:44.608Z
cmstkgeie00yp20u1jt4axx2d,prompt,"Passage: A department of agriculture evaluates four irrigation development projects:
| Project | Irrigated Area (ha) | Construction Cost (PHP M) | Annual Crop Yield (MT) | Farmer Beneficiaries | Water Efficiency (%) |
| Proj Alpha | 1,200 | 48.0 | 6,000 | 800 | 82% |
| Proj Beta | 1,800 | 63.0 | 9,900 | 1,200 | 88% |
| Proj Gamma | 900 | 31.5 | 4,950 | 600 | 85% |
| Proj Δ | 2,400 | 96.0 | 12,000 | 1,500 | 79% |
Which project achieved the LOWEST construction cost per hectare irrigated, and which achieved the HIGHEST crop yield per hectare?","A department of agriculture evaluates four irrigation development projects:
| Project | Irrigated Area (ha) | Construction Cost (PHP M) | Annual Crop Yield (MT) | Farmer Beneficiaries | Water Efficiency (%) |
| Proj Alpha | 1,200 | 48.0 | 6,000 | 800 | 82% |
| Proj Beta | 1,800 | 63.0 | 9,900 | 1,200 | 88% |
| Proj Gamma | 900 | 31.5 | 4,950 | 600 | 85% |
| Proj Δ | 2,400 | 96.0 | 12,000 | 1,500 | 79% |
Which project achieved the LOWEST construction cost per hectare irrigated, and which achieved the HIGHEST crop yield per hectare?","STRIPPED_PASSAGE_PREFIX",true,2026-08-19T09:28:44.716Z
cmstkgeie00yn20u1i6wccui4,prompt,"Passage: The table below displays the operational metrics of four regional government hospitals for the past calendar year:
| Hospital | Total Inpatients | Number of Beds | Total Doctors | Total Nurses | Annual Operating Budget (PHP M) |
| Hospital A | 18,250 | 250 | 45 | 180 | 125.0 |
| Hospital B | 24,090 | 300 | 60 | 240 | 180.0 |
| Hospital C | 14,600 | 200 | 35 | 140 | 98.0 |
| Hospital D | 32,850 | 450 | 75 | 300 | 245.0 |
Which hospital demonstrated the LOWEST average operating cost per inpatient, and which hospital had the LOWEST doctor-to-bed ratio?","The table below displays the operational metrics of four regional government hospitals for the past calendar year:
| Hospital | Total Inpatients | Number of Beds | Total Doctors | Total Nurses | Annual Operating Budget (PHP M) |
| Hospital A | 18,250 | 250 | 45 | 180 | 125.0 |
| Hospital B | 24,090 | 300 | 60 | 240 | 180.0 |
| Hospital C | 14,600 | 200 | 35 | 140 | 98.0 |
| Hospital D | 32,850 | 450 | 75 | 300 | 245.0 |
Which hospital demonstrated the LOWEST average operating cost per inpatient, and which hospital had the LOWEST doctor-to-bed ratio?","STRIPPED_PASSAGE_PREFIX",true,2026-08-19T09:28:44.823Z
cmstkgeie00ys20u14175y0kk,prompt,"Passage: A national science agency compiles commercialization and patent metrics for five research universities over a three-year evaluation cycle:
| University | Faculty Researchers | R&D Budget (PHP M) | Patents Filed | Spin-off Companies Created | Royalty Revenue (PHP M) |
| Univ 1 | 150 | 120.0 | 45 | 6 | 18.0 |
| Univ 2 | 200 | 180.0 | 60 | 8 | 24.0 |
| Univ 3 | 100 | 75.0 | 35 | 5 | 12.5 |
| Univ 4 | 250 | 225.0 | 70 | 9 | 27.0 |
| Univ 5 | 80 | 60.0 | 32 | 4 | 10.8 |
Which university generated the HIGHEST number of patents filed per 10 researchers, and which had the HIGHEST royalty return on R&D budget (% of R&D budget)?","A national science agency compiles commercialization and patent metrics for five research universities over a three-year evaluation cycle:
| University | Faculty Researchers | R&D Budget (PHP M) | Patents Filed | Spin-off Companies Created | Royalty Revenue (PHP M) |
| Univ 1 | 150 | 120.0 | 45 | 6 | 18.0 |
| Univ 2 | 200 | 180.0 | 60 | 8 | 24.0 |
| Univ 3 | 100 | 75.0 | 35 | 5 | 12.5 |
| Univ 4 | 250 | 225.0 | 70 | 9 | 27.0 |
| Univ 5 | 80 | 60.0 | 32 | 4 | 10.8 |
Which university generated the HIGHEST number of patents filed per 10 researchers, and which had the HIGHEST royalty return on R&D budget (% of R&D budget)?","STRIPPED_PASSAGE_PREFIX",true,2026-08-19T09:28:44.931Z
cmstkgeie00yt20u1xkdlglu6,prompt,"Passage: A public school division audits resource distribution across four district high schools:
| School | Student Enrollment | Total Classrooms | Regular Teachers | Lab Facilities | Annual Operating Fund (PHP M) |
| High School A | 2,400 | 50 | 60 | 4 | 7.2 |
| High School B | 3,600 | 75 | 80 | 6 | 11.7 |
| High School C | 1,800 | 40 | 45 | 3 | 5.4 |
| High School D | 4,200 | 84 | 100 | 7 | 13.44 |
Which school had the BEST student-to-teacher ratio (fewest students per teacher), and which had the LOWEST average classroom occupancy (fewest students per classroom)?","A public school division audits resource distribution across four district high schools:
| School | Student Enrollment | Total Classrooms | Regular Teachers | Lab Facilities | Annual Operating Fund (PHP M) |
| High School A | 2,400 | 50 | 60 | 4 | 7.2 |
| High School B | 3,600 | 75 | 80 | 6 | 11.7 |
| High School C | 1,800 | 40 | 45 | 3 | 5.4 |
| High School D | 4,200 | 84 | 100 | 7 | 13.44 |
Which school had the BEST student-to-teacher ratio (fewest students per teacher), and which had the LOWEST average classroom occupancy (fewest students per classroom)?","STRIPPED_PASSAGE_PREFIX",true,2026-08-19T09:28:45.038Z
cmstkgeie00yr20u1vvtjge3a,prompt,"Passage: An audit report compiles data on five provincial road maintenance districts:
| District | Total Road Length (km) | Annual Maintenance Budget (PHP M) | Personnel Assigned | Heavy Equipment Units | Surface Quality Rating (1-10) |
| Dist A | 180 | 14.4 | 45 | 12 | 8.2 |
| Dist B | 250 | 22.5 | 50 | 15 | 7.9 |
| Dist C | 120 | 10.8 | 30 | 8 | 8.5 |
| Dist D | 320 | 24.0 | 64 | 20 | 7.4 |
| Dist E | 200 | 17.0 | 40 | 10 | 8.0 |
Which district had the HIGHEST budget allocation per kilometer, and which had the HIGHEST heavy equipment density per 100 kilometers of road?","An audit report compiles data on five provincial road maintenance districts:
| District | Total Road Length (km) | Annual Maintenance Budget (PHP M) | Personnel Assigned | Heavy Equipment Units | Surface Quality Rating (1-10) |
| Dist A | 180 | 14.4 | 45 | 12 | 8.2 |
| Dist B | 250 | 22.5 | 50 | 15 | 7.9 |
| Dist C | 120 | 10.8 | 30 | 8 | 8.5 |
| Dist D | 320 | 24.0 | 64 | 20 | 7.4 |
| Dist E | 200 | 17.0 | 40 | 10 | 8.0 |
Which district had the HIGHEST budget allocation per kilometer, and which had the HIGHEST heavy equipment density per 100 kilometers of road?","STRIPPED_PASSAGE_PREFIX",true,2026-08-19T09:28:45.146Z
cmstkgeie00yv20u1hhg1rdka,prompt,"Passage: A regional maritime authority monitors four seaports:
| Port | Cargo Handled (k MT) | Ship Calls | Berthing Capacity | Port Revenue (PHP M) | Operational Expenses (PHP M) |
| Port Pier 1 | 4,500 | 900 | 12 | 180.0 | 108.0 |
| Port Pier 2 | 6,400 | 1,600 | 16 | 240.0 | 168.0 |
| Port Pier 3 | 3,200 | 800 | 8 | 120.0 | 84.0 |
| Port Pier 4 | 8,100 | 1,800 | 20 | 324.0 | 194.4 |
Which port generated the HIGHEST revenue per metric ton of cargo handled, and which achieved the HIGHEST operating profit margin (% of Port Revenue)?","A regional maritime authority monitors four seaports:
| Port | Cargo Handled (k MT) | Ship Calls | Berthing Capacity | Port Revenue (PHP M) | Operational Expenses (PHP M) |
| Port Pier 1 | 4,500 | 900 | 12 | 180.0 | 108.0 |
| Port Pier 2 | 6,400 | 1,600 | 16 | 240.0 | 168.0 |
| Port Pier 3 | 3,200 | 800 | 8 | 120.0 | 84.0 |
| Port Pier 4 | 8,100 | 1,800 | 20 | 324.0 | 194.4 |
Which port generated the HIGHEST revenue per metric ton of cargo handled, and which achieved the HIGHEST operating profit margin (% of Port Revenue)?","STRIPPED_PASSAGE_PREFIX",true,2026-08-19T09:28:45.282Z
cmstkgeie00z020u1as2j0y9f,prompt,"Passage: A university admissions office presents two charts: (1) A bar chart showing total freshman applicants by academic track (STEM=3,500; HUMSS=2,500; ABM=2,000; TVL=1,000; Total Applicants = 9,000); and (2) A grouped bar chart displaying the entrance examination passing rate and subsequent enrollment rate among passers for each track:
| Track | Passing Rate (%) | Enrollment Rate of Passers (%) |
| STEM | 60% | 80% |
| HUMSS | 50% | 70% |
| ABM | 55% | 75% |
| TVL | 40% | 65% |
How many STEM applicants successfully passed the entrance examination AND subsequently enrolled in the university?","A university admissions office presents two charts: (1) A bar chart showing total freshman applicants by academic track (STEM=3,500; HUMSS=2,500; ABM=2,000; TVL=1,000; Total Applicants = 9,000); and (2) A grouped bar chart displaying the entrance examination passing rate and subsequent enrollment rate among passers for each track:
| Track | Passing Rate (%) | Enrollment Rate of Passers (%) |
| STEM | 60% | 80% |
| HUMSS | 50% | 70% |
| ABM | 55% | 75% |
| TVL | 40% | 65% |
How many STEM applicants successfully passed the entrance examination AND subsequently enrolled in the university?","STRIPPED_PASSAGE_PREFIX",true,2026-08-19T09:28:45.416Z
cmstkgeie00z120u1nkhs9knu,prompt,"Passage: A provincial agriculture office displays: (1) A pie chart showing the proportion of total agricultural land devoted to major crops (Rice=45%, Corn=25%, Coconut=15%, Sugarcane=10%, Fruit Trees=5%; Total Agricultural Land = 120,000 hectares); and (2) A bar graph showing the average annual revenue yield per hectare (Rice=PHP 65,000/ha; Corn=PHP 48,000/ha; Coconut=PHP 35,000/ha; Sugarcane=PHP 80,000/ha; Fruit Trees=PHP 110,000/ha). What is the total annual revenue generated from SUGARCANE farming in the province?","A provincial agriculture office displays: (1) A pie chart showing the proportion of total agricultural land devoted to major crops (Rice=45%, Corn=25%, Coconut=15%, Sugarcane=10%, Fruit Trees=5%; Total Agricultural Land = 120,000 hectares); and (2) A bar graph showing the average annual revenue yield per hectare (Rice=PHP 65,000/ha; Corn=PHP 48,000/ha; Coconut=PHP 35,000/ha; Sugarcane=PHP 80,000/ha; Fruit Trees=PHP 110,000/ha). What is the total annual revenue generated from SUGARCANE farming in the province?","STRIPPED_PASSAGE_PREFIX",true,2026-08-19T09:28:45.532Z
cmstkgeie00yz20u17lju1f78,prompt,"Passage: A department of energy dashboard provides: (1) A bar chart showing total electricity generation by source for an island grid (Coal=600 GWh, Natural Gas=400 GWh, Geothermal=300 GWh, Hydro=200 GWh, Solar/Wind=100 GWh; Total Grid Generation = 1,600 GWh); and (2) A line graph showing the transmission and distribution loss rate across four quarters (Q1=8.0%, Q2=7.5%, Q3=7.0%, Q4=6.5%; Annual Average Loss Rate = 7.25%). If Renewable Energy is defined as Geothermal, Hydro, and Solar/Wind, what is the net volume of RENEWABLE electricity delivered to end-users after accounting for the 7.25% average transmission loss?","A department of energy dashboard provides: (1) A bar chart showing total electricity generation by source for an island grid (Coal=600 GWh, Natural Gas=400 GWh, Geothermal=300 GWh, Hydro=200 GWh, Solar/Wind=100 GWh; Total Grid Generation = 1,600 GWh); and (2) A line graph showing the transmission and distribution loss rate across four quarters (Q1=8.0%, Q2=7.5%, Q3=7.0%, Q4=6.5%; Annual Average Loss Rate = 7.25%). If Renewable Energy is defined as Geothermal, Hydro, and Solar/Wind, what is the net volume of RENEWABLE electricity delivered to end-users after accounting for the 7.25% average transmission loss?","STRIPPED_PASSAGE_PREFIX",true,2026-08-19T09:28:45.659Z
cmstkgeie00z320u1fupqyinl,prompt,"Passage: A municipal housing authority reports: (1) A bar chart showing total socialized housing units constructed across three barangays (Barangay X=400 units; Barangay Y=500 units; Barangay Z=300 units; Total = 1,200 units); and (2) A stacked bar chart showing unit occupancy status across the barangays:
| Barangay | Fully Occupied (%) | Partially Occupied (%) | Vacant (%) |
| Barangay X | 75% | 15% | 10% |
| Barangay Y | 80% | 12% | 8% |
| Barangay Z | 60% | 25% | 15% |
What is the TOTAL number of VACANT housing units across all three barangays combined?","A municipal housing authority reports: (1) A bar chart showing total socialized housing units constructed across three barangays (Barangay X=400 units; Barangay Y=500 units; Barangay Z=300 units; Total = 1,200 units); and (2) A stacked bar chart showing unit occupancy status across the barangays:
| Barangay | Fully Occupied (%) | Partially Occupied (%) | Vacant (%) |
| Barangay X | 75% | 15% | 10% |
| Barangay Y | 80% | 12% | 8% |
| Barangay Z | 60% | 25% | 15% |
What is the TOTAL number of VACANT housing units across all three barangays combined?","STRIPPED_PASSAGE_PREFIX",true,2026-08-19T09:28:45.768Z
cmstkgeie00z820u1k4dm648e,prompt,"Passage: A line graph tracks the infant mortality rate (deaths per 1,000 live births) in a province over a ten-year period following the rollout of a Community Maternal Care Program in Year 3:
- Years 1-2 (Pre-program): Year 1=28.5, Year 2=28.2 (Average = 28.35)
- Year 3 (Rollout): 27.8
- Years 4-7 (Phase 1 Expansion): Year 4=24.1, Year 5=21.0, Year 6=18.4, Year 7=16.2
- Years 8-10 (Full Institutionalization): Year 8=14.5, Year 9=13.8, Year 10=13.5
Which inference is BEST SUPPORTED by the trajectory shown in the line graph?","A line graph tracks the infant mortality rate (deaths per 1,000 live births) in a province over a ten-year period following the rollout of a Community Maternal Care Program in Year 3:
- Years 1-2 (Pre-program): Year 1=28.5, Year 2=28.2 (Average = 28.35)
- Year 3 (Rollout): 27.8
- Years 4-7 (Phase 1 Expansion): Year 4=24.1, Year 5=21.0, Year 6=18.4, Year 7=16.2
- Years 8-10 (Full Institutionalization): Year 8=14.5, Year 9=13.8, Year 10=13.5
Which inference is BEST SUPPORTED by the trajectory shown in the line graph?","STRIPPED_PASSAGE_PREFIX",true,2026-08-19T09:28:45.907Z
cmstkgeie00z920u1vzgq3ewd,prompt,"Passage: A comparative bar chart shows annual municipal solid waste generation (tons/year) versus waste diversion/recycling rates (%) across five cities:
- City Alpha: Generation = 120,000 tons; Diversion Rate = 65%
- City Beta: Generation = 250,000 tons; Diversion Rate = 30%
- City Gamma: Generation = 80,000 tons; Diversion Rate = 70%
- City Δ: Generation = 300,000 tons; Diversion Rate = 25%
- City Epsilon: Generation = 150,000 tons; Diversion Rate = 60%
Which inference regarding RESIDUAL WASTE SENT TO LANDFILLS (Generation × [1 - Diversion Rate]) is CORRECT?","A comparative bar chart shows annual municipal solid waste generation (tons/year) versus waste diversion/recycling rates (%) across five cities:
- City Alpha: Generation = 120,000 tons; Diversion Rate = 65%
- City Beta: Generation = 250,000 tons; Diversion Rate = 30%
- City Gamma: Generation = 80,000 tons; Diversion Rate = 70%
- City Δ: Generation = 300,000 tons; Diversion Rate = 25%
- City Epsilon: Generation = 150,000 tons; Diversion Rate = 60%
Which inference regarding RESIDUAL WASTE SENT TO LANDFILLS (Generation × [1 - Diversion Rate]) is CORRECT?","STRIPPED_PASSAGE_PREFIX",true,2026-08-19T09:28:46.015Z
cmstkgeie00z620u1os7a0tmz,prompt,"Passage: A time-series graph plots the municipal budget deficit (Expenditures minus Revenues, in PHP millions) of a city alongside its local economic growth rate (%) over six fiscal years:
- Year 1: Deficit = PHP 45M; Growth = +1.2%
- Year 2: Deficit = PHP 62M; Growth = +0.8%
- Year 3: Deficit = PHP 85M; Growth = -0.5%
- Year 4: Deficit = PHP 50M; Growth = +2.4%
- Year 5: Deficit = PHP 30M; Growth = +4.1%
- Year 6: Deficit = PHP 15M; Growth = +5.5%
Which of the following inferences is STRONGLY SUPPORTED by the graphical relationship between local economic growth and the municipal budget deficit?","A time-series graph plots the municipal budget deficit (Expenditures minus Revenues, in PHP millions) of a city alongside its local economic growth rate (%) over six fiscal years:
- Year 1: Deficit = PHP 45M; Growth = +1.2%
- Year 2: Deficit = PHP 62M; Growth = +0.8%
- Year 3: Deficit = PHP 85M; Growth = -0.5%
- Year 4: Deficit = PHP 50M; Growth = +2.4%
- Year 5: Deficit = PHP 30M; Growth = +4.1%
- Year 6: Deficit = PHP 15M; Growth = +5.5%
Which of the following inferences is STRONGLY SUPPORTED by the graphical relationship between local economic growth and the municipal budget deficit?","STRIPPED_PASSAGE_PREFIX",true,2026-08-19T09:28:46.121Z
cmstkgeie00zb20u1w5vbru2q,prompt,"Passage: A regional climate graph displays monthly average rainfall (bars, in mm) and dengue fever incidence (line, cases per month) over a 12-month calendar cycle:
- Jan-Mar (Dry Season): Rainfall = 25-40 mm/month; Dengue = 120-150 cases/month
- Apr-May (Transition): Rainfall = 85-140 mm/month; Dengue = 180-260 cases/month
- Jun-Aug (Peak Wet): Rainfall = 320-380 mm/month; Dengue = 650-820 cases/month
- Sep-Oct (Post-Peak Wet): Rainfall = 210-260 mm/month; Dengue = 890-950 cases/month (PEAK DENGUE in Sep-Oct)
- Nov-Dec (Cool Dry): Rainfall = 60-90 mm/month; Dengue = 340-420 cases/month
Which inference regarding the EPIDEMIOLOGICAL PATTERN is MOST JUSTIFIED by the data?","A regional climate graph displays monthly average rainfall (bars, in mm) and dengue fever incidence (line, cases per month) over a 12-month calendar cycle:
- Jan-Mar (Dry Season): Rainfall = 25-40 mm/month; Dengue = 120-150 cases/month
- Apr-May (Transition): Rainfall = 85-140 mm/month; Dengue = 180-260 cases/month
- Jun-Aug (Peak Wet): Rainfall = 320-380 mm/month; Dengue = 650-820 cases/month
- Sep-Oct (Post-Peak Wet): Rainfall = 210-260 mm/month; Dengue = 890-950 cases/month (PEAK DENGUE in Sep-Oct)
- Nov-Dec (Cool Dry): Rainfall = 60-90 mm/month; Dengue = 340-420 cases/month
Which inference regarding the EPIDEMIOLOGICAL PATTERN is MOST JUSTIFIED by the data?","STRIPPED_PASSAGE_PREFIX",true,2026-08-19T09:28:46.231Z
cmstkgeie00zh20u1s9oi8vw2,prompt,"Passage: An education supervisor needs to find the exact number of female passers in a regional civil service examination.
Given the following two statements:
Statement (1): A total of 12,000 examinees took the examination, of whom 65% were female and 35% were male.
Statement (2): The overall passing rate for the examination was 25%, and the passing rate among male examinees was 20%.
Is the data sufficient to calculate the EXACT NUMBER of female passers?","An education supervisor needs to find the exact number of female passers in a regional civil service examination.
Given the following two statements:
Statement (1): A total of 12,000 examinees took the examination, of whom 65% were female and 35% were male.
Statement (2): The overall passing rate for the examination was 25%, and the passing rate among male examinees was 20%.
Is the data sufficient to calculate the EXACT NUMBER of female passers?","STRIPPED_PASSAGE_PREFIX",true,2026-08-19T09:28:46.338Z
cmstkgeid00y220u1zixo5sxd,prompt,"Passage: A disaster response agency distributes family food packs (FFPs) across four island provinces following a severe weather disturbance. The breakdown of released packs is as follows: Province W received 14,250 FFPs in Week 1, 18,400 in Week 2, and 9,350 in Week 3. Province X received 22,100 in Week 1, 15,600 in Week 2, and 12,300 in Week 3. Province Y received 8,750 in Week 1, 11,200 in Week 2, and 14,850 in Week 3. Province Z received 19,300 in Week 1, 21,500 in Week 2, and 16,400 in Week 3. What is the TOTAL number of FFPs distributed during Week 2 and Week 3 combined across all four provinces?","A disaster response agency distributes family food packs (FFPs) across four island provinces following a severe weather disturbance. The breakdown of released packs is as follows: Province W received 14,250 FFPs in Week 1, 18,400 in Week 2, and 9,350 in Week 3. Province X received 22,100 in Week 1, 15,600 in Week 2, and 12,300 in Week 3. Province Y received 8,750 in Week 1, 11,200 in Week 2, and 14,850 in Week 3. Province Z received 19,300 in Week 1, 21,500 in Week 2, and 16,400 in Week 3. What is the TOTAL number of FFPs distributed during Week 2 and Week 3 combined across all four provinces?","STRIPPED_PASSAGE_PREFIX",true,2026-08-19T09:28:46.446Z
cmstkgeid00y420u1ibz4128f,prompt,"Passage: A state university system records the total number of graduates across four campuses and three ° clusters for Academic Year 2023-2024: Main Campus: STEM=1,420; Social Sciences=980; Business=1,650. North Campus: STEM=850; Social Sciences=620; Business=1,100. South Campus: STEM=640; Social Sciences=780; Business=920. East Campus: STEM=510; Social Sciences=430; Business=680. What is the TOTAL number of graduates in the Business and STEM clusters COMBINED across all four campuses?","A state university system records the total number of graduates across four campuses and three ° clusters for Academic Year 2023-2024: Main Campus: STEM=1,420; Social Sciences=980; Business=1,650. North Campus: STEM=850; Social Sciences=620; Business=1,100. South Campus: STEM=640; Social Sciences=780; Business=920. East Campus: STEM=510; Social Sciences=430; Business=680. What is the TOTAL number of graduates in the Business and STEM clusters COMBINED across all four campuses?","STRIPPED_PASSAGE_PREFIX",true,2026-08-19T09:28:46.553Z
cmstkgeid00y320u198lli28q,prompt,"Passage: A public works department reports the cumulative length of newly paved national and secondary roads (in kilometers) across three administrative districts over a three-year period: District 1 paved 48.6 km in Year 1, 52.4 km in Year 2, and 61.8 km in Year 3. District 2 paved 39.2 km in Year 1, 44.5 km in Year 2, and 49.3 km in Year 3. District 3 paved 55.1 km in Year 1, 58.7 km in Year 2, and 64.2 km in Year 3. If the national target for the three districts combined was 450.0 km over the three years, what is the TOTAL paved length achieved, and by how much did it exceed or fall short of the target?","A public works department reports the cumulative length of newly paved national and secondary roads (in kilometers) across three administrative districts over a three-year period: District 1 paved 48.6 km in Year 1, 52.4 km in Year 2, and 61.8 km in Year 3. District 2 paved 39.2 km in Year 1, 44.5 km in Year 2, and 49.3 km in Year 3. District 3 paved 55.1 km in Year 1, 58.7 km in Year 2, and 64.2 km in Year 3. If the national target for the three districts combined was 450.0 km over the three years, what is the TOTAL paved length achieved, and by how much did it exceed or fall short of the target?","STRIPPED_PASSAGE_PREFIX",true,2026-08-19T09:28:46.661Z
cmstkgeid00xy20u1uqu37oki,prompt,"Passage: A government agency's annual report shows the following regional office performance scores (out of 100) for two evaluation years: | Region | Year 1 | Year 2 | Difference | |---|---|---|---| | NCR | 82.4 | 87.1 | +4.7 | | CAR | 74.6 | 79.2 | +4.6 | | Region I | 68.3 | 71.8 | +3.5 | | Region II | 71.4 | 76.3 | +4.9 | | Region III | 79.2 | 82.4 | +3.2 | | Region IV | 65.8 | 72.6 | +6.8 | | Region V | 77.1 | 74.3 | -2.8 | Based on the table, which region showed the LARGEST IMPROVEMENT, and which was the ONLY REGION TO DECLINE? What is the DIFFERENCE between the largest improvement and the only decline (in absolute terms)?","A government agency's annual report shows the following regional office performance scores (out of 100) for two evaluation years: | Region | Year 1 | Year 2 | Difference | |---|---|---|---| | NCR | 82.4 | 87.1 | +4.7 | | CAR | 74.6 | 79.2 | +4.6 | | Region I | 68.3 | 71.8 | +3.5 | | Region II | 71.4 | 76.3 | +4.9 | | Region III | 79.2 | 82.4 | +3.2 | | Region IV | 65.8 | 72.6 | +6.8 | | Region V | 77.1 | 74.3 | -2.8 | Based on the table, which region showed the LARGEST IMPROVEMENT, and which was the ONLY REGION TO DECLINE? What is the DIFFERENCE between the largest improvement and the only decline (in absolute terms)?","STRIPPED_PASSAGE_PREFIX",true,2026-08-19T09:28:46.769Z
cmstkgeid00y020u1m8fq95wa,prompt,"Passage: A national procurement office compares bid prices from two competing suppliers for a multi-item contract: | Item | Supplier Alpha (PHP) | Supplier Beta (PHP) | Difference (Alpha-Beta) | |---|---|---|---| | Item 1 | 1,240 | 1,180 | +60 | | Item 2 | 8,400 | 8,720 | -320 | | Item 3 | 342 | 318 | +24 | | Item 4 | 15,600 | 16,200 | -600 | | Item 5 | 2,870 | 2,690 | +180 | | TOTAL | 28,452 | 29,108 | -656 | The office verifies whether to purchase ALL items from a single supplier or mix suppliers per item. If purchasing each item from the LOWER bidder, what is the TOTAL SAVINGS compared to purchasing all items from Supplier ALPHA?","A national procurement office compares bid prices from two competing suppliers for a multi-item contract: | Item | Supplier Alpha (PHP) | Supplier Beta (PHP) | Difference (Alpha-Beta) | |---|---|---|---| | Item 1 | 1,240 | 1,180 | +60 | | Item 2 | 8,400 | 8,720 | -320 | | Item 3 | 342 | 318 | +24 | | Item 4 | 15,600 | 16,200 | -600 | | Item 5 | 2,870 | 2,690 | +180 | | TOTAL | 28,452 | 29,108 | -656 | The office verifies whether to purchase ALL items from a single supplier or mix suppliers per item. If purchasing each item from the LOWER bidder, what is the TOTAL SAVINGS compared to purchasing all items from Supplier ALPHA?","STRIPPED_PASSAGE_PREFIX",true,2026-08-19T09:28:46.880Z
cmstkgeid00xz20u1a5a9gnhz,prompt,"Passage: A city health office monitors the dengue case count before and after a targeted vector control campaign: Before campaign: Barangay A=47, B=38, C=62, D=29, E=54. After campaign: A=31, B=24, C=41, D=19, E=38. Based on the data, what is the TOTAL REDUCTION in cases (before vs. after), and which barangay showed the LARGEST INDIVIDUAL REDUCTION?","A city health office monitors the dengue case count before and after a targeted vector control campaign: Before campaign: Barangay A=47, B=38, C=62, D=29, E=54. After campaign: A=31, B=24, C=41, D=19, E=38. Based on the data, what is the TOTAL REDUCTION in cases (before vs. after), and which barangay showed the LARGEST INDIVIDUAL REDUCTION?","STRIPPED_PASSAGE_PREFIX",true,2026-08-19T09:28:46.985Z
cmstkgeid00xu20u1fr3zdvrz,prompt,"Passage: A social welfare agency tracks monthly cash assistance releases (PHP millions) to beneficiaries over two semesters: Semester 1 (Jan-Jun): 42.8, 41.3, 44.7, 43.2, 45.6, 47.1. Semester 2 (Jul-Dec): 48.3, 51.2, 49.7, 52.4, 54.8, 61.3. Based on the data, what is the DIFFERENCE between the AVERAGE MONTHLY RELEASE in Semester 2 vs. Semester 1?","A social welfare agency tracks monthly cash assistance releases (PHP millions) to beneficiaries over two semesters: Semester 1 (Jan-Jun): 42.8, 41.3, 44.7, 43.2, 45.6, 47.1. Semester 2 (Jul-Dec): 48.3, 51.2, 49.7, 52.4, 54.8, 61.3. Based on the data, what is the DIFFERENCE between the AVERAGE MONTHLY RELEASE in Semester 2 vs. Semester 1?","STRIPPED_PASSAGE_PREFIX",true,2026-08-19T09:28:47.092Z
cmstkgeid00xw20u1cbsqoops,prompt,"Passage: A comparative audit of two departments shows the following budget vs. actual expenditure data (PHP millions): Department X: Budget=84.2, Actual=79.6. Department Y: Budget=67.4, Actual=71.8. The audit committee wants to know: (A) which department has the LARGER ABSOLUTE VARIANCE (actual minus budget), and (B) which department has the LARGER PERCENTAGE VARIANCE relative to its budget. Which is correct?","A comparative audit of two departments shows the following budget vs. actual expenditure data (PHP millions): Department X: Budget=84.2, Actual=79.6. Department Y: Budget=67.4, Actual=71.8. The audit committee wants to know: (A) which department has the LARGER ABSOLUTE VARIANCE (actual minus budget), and (B) which department has the LARGER PERCENTAGE VARIANCE relative to its budget. Which is correct?","STRIPPED_PASSAGE_PREFIX",true,2026-08-19T09:28:47.199Z
cmstkgeid00xq20u1crusk1aq,prompt,"Passage: Five regional offices submitted their quarterly budget utilization data for FY 2023 (% of quarterly budget actually spent): | Region | Q1 | Q2 | Q3 | Q4 | |---|---|---|---|---| | Northern | 72.4 | 81.3 | 88.7 | 94.2 | | Southern | 68.9 | 74.2 | 79.8 | 96.4 | | Eastern | 84.1 | 87.6 | 91.3 | 98.7 | | Western | 78.3 | 82.4 | 85.9 | 93.1 | | Central | 62.4 | 71.8 | 84.3 | 99.2 | The finance office needs to identify: (A) which region-quarter combination has the HIGHEST utilization rate, and (B) which region had the WIDEST QUARTERLY RANGE (max utilization minus min utilization across all four quarters). Which is correct?","Five regional offices submitted their quarterly budget utilization data for FY 2023 (% of quarterly budget actually spent): | Region | Q1 | Q2 | Q3 | Q4 | |---|---|---|---|---| | Northern | 72.4 | 81.3 | 88.7 | 94.2 | | Southern | 68.9 | 74.2 | 79.8 | 96.4 | | Eastern | 84.1 | 87.6 | 91.3 | 98.7 | | Western | 78.3 | 82.4 | 85.9 | 93.1 | | Central | 62.4 | 71.8 | 84.3 | 99.2 | The finance office needs to identify: (A) which region-quarter combination has the HIGHEST utilization rate, and (B) which region had the WIDEST QUARTERLY RANGE (max utilization minus min utilization across all four quarters). Which is correct?","STRIPPED_PASSAGE_PREFIX",true,2026-08-19T09:28:47.306Z
cmstkgeid00xs20u103p6f7q5,prompt,"Passage: A five-year enrollment comparison shows the number of students at two competing universities: University Uno: Y1=18,420; Y2=19,140; Y3=20,870; Y4=21,320; Y5=22,480. University Dos: Y1=24,310; Y2=23,870; Y3=23,140; Y4=22,890; Y5=22,110. Based on the data, in which year was the enrollment DIFFERENCE BETWEEN THE TWO UNIVERSITIES the SMALLEST, and what was that difference?","A five-year enrollment comparison shows the number of students at two competing universities: University Uno: Y1=18,420; Y2=19,140; Y3=20,870; Y4=21,320; Y5=22,480. University Dos: Y1=24,310; Y2=23,870; Y3=23,140; Y4=22,890; Y5=22,110. Based on the data, in which year was the enrollment DIFFERENCE BETWEEN THE TWO UNIVERSITIES the SMALLEST, and what was that difference?","STRIPPED_PASSAGE_PREFIX",true,2026-08-19T09:28:47.412Z
cmstkgeid00xr20u1tih5hgm8,prompt,"Passage: A provincial government's quarterly expenditure report shows the following data (PHP millions): Personnel Services: Q1=28.4, Q2=29.1, Q3=28.8, Q4=31.2. MOOE: Q1=12.6, Q2=14.3, Q3=16.7, Q4=18.9. Capital Outlay: Q1=4.2, Q2=8.6, Q3=15.3, Q4=22.8. Financial Expenses: Q1=0.8, Q2=0.9, Q3=0.7, Q4=0.6. What is the DIFFERENCE between the highest and lowest QUARTERLY TOTAL expenditure across all four quarters?","A provincial government's quarterly expenditure report shows the following data (PHP millions): Personnel Services: Q1=28.4, Q2=29.1, Q3=28.8, Q4=31.2. MOOE: Q1=12.6, Q2=14.3, Q3=16.7, Q4=18.9. Capital Outlay: Q1=4.2, Q2=8.6, Q3=15.3, Q4=22.8. Financial Expenses: Q1=0.8, Q2=0.9, Q3=0.7, Q4=0.6. What is the DIFFERENCE between the highest and lowest QUARTERLY TOTAL expenditure across all four quarters?","STRIPPED_PASSAGE_PREFIX",true,2026-08-19T09:28:47.519Z
cmstkgeid00xm20u1li5vf95j,prompt,"Passage: Annual tourist arrivals (thousands) for a destination are recorded for eight years: Y1=842; Y2=907; Y3=1,234; Y4=1,187; Y5=1,456; Y6=1,312; Y7=1,689; Y8=2,104. The tourism board wants to identify the SINGLE YEAR WITH THE HIGHEST ARRIVALS, the year that showed the LARGEST YEAR-OVER-YEAR INCREASE, and the year with the LARGEST YEAR-OVER-YEAR DECLINE. Which is correct?","Annual tourist arrivals (thousands) for a destination are recorded for eight years: Y1=842; Y2=907; Y3=1,234; Y4=1,187; Y5=1,456; Y6=1,312; Y7=1,689; Y8=2,104. The tourism board wants to identify the SINGLE YEAR WITH THE HIGHEST ARRIVALS, the year that showed the LARGEST YEAR-OVER-YEAR INCREASE, and the year with the LARGEST YEAR-OVER-YEAR DECLINE. Which is correct?","STRIPPED_PASSAGE_PREFIX",true,2026-08-19T09:28:47.625Z
cmstkgeid00xc20u14h3rcz45,prompt,"Passage: A student's final grade in a civil service review course is computed as follows: Written Exam = 40% weight; Oral Exam = 25% weight; Research Paper = 20% weight; Class Participation = 15% weight. A student scored: Written=88; Oral=92; Research=79; Participation=95. What is the student's WEIGHTED FINAL GRADE?","A student's final grade in a civil service review course is computed as follows: Written Exam = 40% weight; Oral Exam = 25% weight; Research Paper = 20% weight; Class Participation = 15% weight. A student scored: Written=88; Oral=92; Research=79; Participation=95. What is the student's WEIGHTED FINAL GRADE?","STRIPPED_PASSAGE_PREFIX",true,2026-08-19T09:28:47.732Z
cmstkgeid00xi20u18x79mhde,prompt,"Passage: A regional office tracks the annual number of resolved public complaints across 6 divisions. Division data for Years 1, 2, and 3: Division Alpha: 1,847; 2,134; 1,968. Division Beta: 2,312; 2,487; 2,641. Division Gamma: 1,124; 987; 1,312. Division Δ: 3,241; 3,189; 3,412. Division Epsilon: 876; 934; 812. Division Zeta: 2,087; 2,213; 2,341. The deputy director needs to identify: (A) which division resolved the MOST complaints across all three years combined, and (B) which single-year performance was the LOWEST across all divisions. Which answer is correct?","A regional office tracks the annual number of resolved public complaints across 6 divisions. Division data for Years 1, 2, and 3: Division Alpha: 1,847; 2,134; 1,968. Division Beta: 2,312; 2,487; 2,641. Division Gamma: 1,124; 987; 1,312. Division Δ: 3,241; 3,189; 3,412. Division Epsilon: 876; 934; 812. Division Zeta: 2,087; 2,213; 2,341. The deputy director needs to identify: (A) which division resolved the MOST complaints across all three years combined, and (B) which single-year performance was the LOWEST across all divisions. Which answer is correct?","STRIPPED_PASSAGE_PREFIX",true,2026-08-19T09:28:47.873Z
cmstkgeid00xk20u1vnws3yub,prompt,"Passage: A government hospital's monthly census data for six departments shows occupancy rates (%) for the first five months of the year: Emergency: Jan=87, Feb=91, Mar=94, Apr=98, May=103. ICU: Jan=72, Feb=78, Mar=84, Apr=89, May=93. Maternity: Jan=64, Feb=68, Mar=71, Apr=69, May=74. Pediatrics: Jan=54, Feb=61, Mar=58, Apr=66, May=62. Surgery: Jan=81, Feb=76, Mar=88, Apr=84, May=91. General Medical: Jan=76, Feb=79, Mar=82, Apr=85, May=88. Which department-month combination represents the OVERALL MAXIMUM occupancy rate, and which represents the MINIMUM?","A government hospital's monthly census data for six departments shows occupancy rates (%) for the first five months of the year: Emergency: Jan=87, Feb=91, Mar=94, Apr=98, May=103. ICU: Jan=72, Feb=78, Mar=84, Apr=89, May=93. Maternity: Jan=64, Feb=68, Mar=71, Apr=69, May=74. Pediatrics: Jan=54, Feb=61, Mar=58, Apr=66, May=62. Surgery: Jan=81, Feb=76, Mar=88, Apr=84, May=91. General Medical: Jan=76, Feb=79, Mar=82, Apr=85, May=88. Which department-month combination represents the OVERALL MAXIMUM occupancy rate, and which represents the MINIMUM?","STRIPPED_PASSAGE_PREFIX",true,2026-08-19T09:28:48.000Z
cmstkgeid00xj20u1yhhfluem,prompt,"Passage: A quality control report shows defect rates (per 1,000 units) for five production lines over four inspection rounds. Line 1: R1=4.2, R2=3.8, R3=5.1, R4=3.4. Line 2: R1=7.8, R2=6.4, R3=8.2, R4=5.9. Line 3: R1=2.1, R2=2.4, R3=1.8, R4=2.7. Line 4: R1=9.4, R2=8.7, R3=10.1, R4=9.8. Line 5: R1=5.3, R2=4.9, R3=6.2, R4=4.7. Based on the data, which production line had the WIDEST DEFECT RATE RANGE (max minus min across all four rounds), and what was that range?","A quality control report shows defect rates (per 1,000 units) for five production lines over four inspection rounds. Line 1: R1=4.2, R2=3.8, R3=5.1, R4=3.4. Line 2: R1=7.8, R2=6.4, R3=8.2, R4=5.9. Line 3: R1=2.1, R2=2.4, R3=1.8, R4=2.7. Line 4: R1=9.4, R2=8.7, R3=10.1, R4=9.8. Line 5: R1=5.3, R2=4.9, R3=6.2, R4=4.7. Based on the data, which production line had the WIDEST DEFECT RATE RANGE (max minus min across all four rounds), and what was that range?","STRIPPED_PASSAGE_PREFIX",true,2026-08-19T09:28:48.111Z
cmstkgeid00xe20u1ezckwvx2,prompt,"Passage: A monitoring team tracked water quality index (WQI) scores at 5 monitoring stations in a river basin: Station 1=72, Station 2=58, Station 3=81, Station 4=64, Station 5=69. The environmental standard classifies the river segment as 'Good' quality if the average WQI across all stations is at least 70. The team also wants to know: if Station 2 (the lowest-scoring station) is upgraded to score 78, would the classification change?","A monitoring team tracked water quality index (WQI) scores at 5 monitoring stations in a river basin: Station 1=72, Station 2=58, Station 3=81, Station 4=64, Station 5=69. The environmental standard classifies the river segment as 'Good' quality if the average WQI across all stations is at least 70. The team also wants to know: if Station 2 (the lowest-scoring station) is upgraded to score 78, would the classification change?","STRIPPED_PASSAGE_PREFIX",true,2026-08-19T09:28:48.217Z
cmstkgeid00xg20u1dck16rn5,prompt,"Passage: A transportation agency collected the following data on daily bus ridership (thousands) across seven routes for a week: Route 1: Mon=8.4, Tue=9.1, Wed=8.7, Thu=9.4, Fri=11.2, Sat=7.3, Sun=6.1. Route 2: Mon=12.3, Tue=11.8, Wed=13.1, Thu=12.7, Fri=14.6, Sat=8.4, Sun=7.2. The agency wants to compare the WEEKDAY AVERAGE (Mon-Fri) vs. WEEKEND AVERAGE (Sat-Sun) for EACH route, and identify which route has the LARGER WEEKDAY-WEEKEND GAP. Which analysis is CORRECT?","A transportation agency collected the following data on daily bus ridership (thousands) across seven routes for a week: Route 1: Mon=8.4, Tue=9.1, Wed=8.7, Thu=9.4, Fri=11.2, Sat=7.3, Sun=6.1. Route 2: Mon=12.3, Tue=11.8, Wed=13.1, Thu=12.7, Fri=14.6, Sat=8.4, Sun=7.2. The agency wants to compare the WEEKDAY AVERAGE (Mon-Fri) vs. WEEKEND AVERAGE (Sat-Sun) for EACH route, and identify which route has the LARGER WEEKDAY-WEEKEND GAP. Which analysis is CORRECT?","STRIPPED_PASSAGE_PREFIX",true,2026-08-19T09:28:48.325Z
cmstkgeid00xf20u10bb4jar8,prompt,"Passage: A public health center recorded the number of prenatal consultations per nurse for the past 6 months: Nurse A=87, Nurse B=94, Nurse C=76, Nurse D=103, Nurse E=88, Nurse F=91. The health center's benchmark is that each nurse should conduct AT LEAST 85 consultations per month on average. Management also wants to know the MEAN and which nurses are BELOW the benchmark. Which of the following correctly identifies both?","A public health center recorded the number of prenatal consultations per nurse for the past 6 months: Nurse A=87, Nurse B=94, Nurse C=76, Nurse D=103, Nurse E=88, Nurse F=91. The health center's benchmark is that each nurse should conduct AT LEAST 85 consultations per month on average. Management also wants to know the MEAN and which nurses are BELOW the benchmark. Which of the following correctly identifies both?","STRIPPED_PASSAGE_PREFIX",true,2026-08-19T09:28:48.452Z
cmstwdq0u00kv04l5t3ureoqt,prompt,"PASSAGE:
In coastal municipalities, mangrove restoration serves as an essential bio-shield against storm surges produced by tropical cyclones. Studies demonstrate that a 100-meter belt of dense mangrove forest can attenuate wave energy by up to 66 percent. Beyond coastal protection, these intertidal ecosystems act as critical carbon sinks and nursery grounds for commercially valuable marine species, thereby bolstering local fisheries.

QUESTION:
According to the passage, by how much can a 100-meter belt of mangroves reduce wave energy?","In coastal municipalities, mangrove restoration serves as an essential bio-shield against storm surges produced by tropical cyclones. Studies demonstrate that a 100-meter belt of dense mangrove forest can attenuate wave energy by up to 66 percent. Beyond coastal protection, these intertidal ecosystems act as critical carbon sinks and nursery grounds for commercially valuable marine species, thereby bolstering local fisheries.

QUESTION:
According to the passage, by how much can a 100-meter belt of mangroves reduce wave energy?","STRIPPED_PASSAGE_PREFIX",true,2026-08-19T09:29:17.616Z
cmstwdq0u00kw04l51smorpgy,prompt,"PASSAGE:
Republic Act No. 6713, or the Code of Conduct and Ethical Standards for Public Officials and Employees, mandates that public servants perform their duties with utmost responsibility, integrity, and efficiency. It is undoubtedly the most inspiring piece of legislation ever enacted in the history of civil administration. The law explicitly requires public officials to respond to letters and requests sent by the public within fifteen working days from receipt.

QUESTION:
Which of the following statements from the passage expresses an OPINION?","Republic Act No. 6713, or the Code of Conduct and Ethical Standards for Public Officials and Employees, mandates that public servants perform their duties with utmost responsibility, integrity, and efficiency. It is undoubtedly the most inspiring piece of legislation ever enacted in the history of civil administration. The law explicitly requires public officials to respond to letters and requests sent by the public within fifteen working days from receipt.

QUESTION:
Which of the following statements from the passage expresses an OPINION?","STRIPPED_PASSAGE_PREFIX",true,2026-08-19T09:29:17.743Z
cmstwdq0u00kx04l5e7hp1zx0,prompt,"PASSAGE:
The integration of artificial intelligence in public healthcare diagnostics allows for rapid screening of radiological scans in rural clinics lacking specialist physicians. Early trials indicate that AI algorithms match human accuracy in detecting pulmonary tuberculosis. However, these tools require stable power grids and internet connectivity, infrastructure that remains inconsistent across remote island communities.

QUESTION:
Which logical conclusion is best supported by the passage?","The integration of artificial intelligence in public healthcare diagnostics allows for rapid screening of radiological scans in rural clinics lacking specialist physicians. Early trials indicate that AI algorithms match human accuracy in detecting pulmonary tuberculosis. However, these tools require stable power grids and internet connectivity, infrastructure that remains inconsistent across remote island communities.

QUESTION:
Which logical conclusion is best supported by the passage?","STRIPPED_PASSAGE_PREFIX",true,2026-08-19T09:29:17.868Z
cmstwdq0u00ky04l555k4dcjr,prompt,"PASSAGE:
Single-use plastic waste that enters urban waterways frequently clogs drainage channels and storm culverts. During heavy monsoon downpours, these obstructed drainage systems cannot channel floodwaters away efficiently, causing severe inundation in low-lying residential neighborhoods. Consequently, improper plastic disposal directly exacerbates urban flooding risks.

QUESTION:
According to the passage, how does plastic waste directly contribute to urban flooding during monsoons?","Single-use plastic waste that enters urban waterways frequently clogs drainage channels and storm culverts. During heavy monsoon downpours, these obstructed drainage systems cannot channel floodwaters away efficiently, causing severe inundation in low-lying residential neighborhoods. Consequently, improper plastic disposal directly exacerbates urban flooding risks.

QUESTION:
According to the passage, how does plastic waste directly contribute to urban flooding during monsoons?","STRIPPED_PASSAGE_PREFIX",true,2026-08-19T09:29:17.994Z
cmstwdq0u00kz04l5qo8eruq4,prompt,"PASSAGE:
For centuries, the traditional bayanihan spirit manifested as physical community cooperation, such as neighbors gathering to carry a nipa hut to a new location. In the digital age, this cultural trait has morphed into crowdsourced disaster relief, online community pantries, and rapid digital fundraising during public emergencies. While the medium has shifted from physical muscle to virtual networks, the underlying ethos of collective mutual aid remains intact.

QUESTION:
Which of the following is the best title for the passage?","For centuries, the traditional bayanihan spirit manifested as physical community cooperation, such as neighbors gathering to carry a nipa hut to a new location. In the digital age, this cultural trait has morphed into crowdsourced disaster relief, online community pantries, and rapid digital fundraising during public emergencies. While the medium has shifted from physical muscle to virtual networks, the underlying ethos of collective mutual aid remains intact.

QUESTION:
Which of the following is the best title for the passage?","STRIPPED_PASSAGE_PREFIX",true,2026-08-19T09:29:18.120Z
cmstwdq0u00l004l5o2bsufh8,prompt,"PASSAGE:
Diets high in ultra-processed foods containing excessive artificial preservatives and refined sugars disrupt gut microbiome diversity. This microbial imbalance impairs the mucosal barrier of the intestines, triggering chronic low-grade systemic inflammation. Over time, this persistent inflammatory state increases the biological likelihood of developing insulin resistance and metabolic syndrome.

QUESTION:
According to the passage, what directly leads to chronic low-grade systemic inflammation?","Diets high in ultra-processed foods containing excessive artificial preservatives and refined sugars disrupt gut microbiome diversity. This microbial imbalance impairs the mucosal barrier of the intestines, triggering chronic low-grade systemic inflammation. Over time, this persistent inflammatory state increases the biological likelihood of developing insulin resistance and metabolic syndrome.

QUESTION:
According to the passage, what directly leads to chronic low-grade systemic inflammation?","STRIPPED_PASSAGE_PREFIX",true,2026-08-19T09:29:18.248Z
cmstwdq0u00l104l597paymor,prompt,"PASSAGE:
Transparency initiatives in municipal governance, such as public budget portals and open procurement bidding, build civic trust only when accompanied by functional feedback channels. Merely posting complex financial spreadsheets online does not empower citizens if there are no accessible mechanisms to report discrepancies or demand accountability. True administrative transparency requires both open access to readable data and responsive mechanisms for public grievance.

QUESTION:
What is the main idea of the passage?","Transparency initiatives in municipal governance, such as public budget portals and open procurement bidding, build civic trust only when accompanied by functional feedback channels. Merely posting complex financial spreadsheets online does not empower citizens if there are no accessible mechanisms to report discrepancies or demand accountability. True administrative transparency requires both open access to readable data and responsive mechanisms for public grievance.

QUESTION:
What is the main idea of the passage?","STRIPPED_PASSAGE_PREFIX",true,2026-08-19T09:29:18.376Z
cmstwdq0u00l204l5y9j533az,prompt,"PASSAGE:
Community-based forestry initiatives empower local populations by granting them formal stewardship over surrounding forest lands. Under these agreements, residents receive harvesting rights for non-timber forest products in exchange for maintaining patrol units to prevent illegal logging. Data shows that illegal deforestation rates dropped by 40 percent in pilot zones operating under community management compared to state-patrolled reserves.

QUESTION:
What right do local residents receive under the community forestry stewardship agreements?","Community-based forestry initiatives empower local populations by granting them formal stewardship over surrounding forest lands. Under these agreements, residents receive harvesting rights for non-timber forest products in exchange for maintaining patrol units to prevent illegal logging. Data shows that illegal deforestation rates dropped by 40 percent in pilot zones operating under community management compared to state-patrolled reserves.

QUESTION:
What right do local residents receive under the community forestry stewardship agreements?","STRIPPED_PASSAGE_PREFIX",true,2026-08-19T09:29:18.502Z
cmstwdq0u00l304l5ohg8w79h,prompt,"PASSAGE:
Performance evaluation systems in civil service institutions have historically suffered from subjectivity, as annual reviews often relied heavily on supervisor impressions rather than measurable metrics. To address this, the commission introduced Key Performance Indicators (KPIs) tied directly to agency targets. Since the implementation, employee appeals regarding unfair promotion decisions dropped by 35 percent.

QUESTION:
What can be inferred from the reduction in employee promotion appeals?","Performance evaluation systems in civil service institutions have historically suffered from subjectivity, as annual reviews often relied heavily on supervisor impressions rather than measurable metrics. To address this, the commission introduced Key Performance Indicators (KPIs) tied directly to agency targets. Since the implementation, employee appeals regarding unfair promotion decisions dropped by 35 percent.

QUESTION:
What can be inferred from the reduction in employee promotion appeals?","STRIPPED_PASSAGE_PREFIX",true,2026-08-19T09:29:18.633Z
cmstwdq0u00l404l5wv5j21w5,prompt,"PASSAGE:
As remote and hybrid work models become permanent fixtures in professional environments, organizational communication must shift from synchronous meetings to asynchronous documentation. Relying on constant video conferences creates fatigue and fragments deep work focus. Conversely, clear written updates, centralized project boards, and structured documentation allow employees to collaborate across flexible schedules without sacrificing productivity.

QUESTION:
Why did the author write this passage?","As remote and hybrid work models become permanent fixtures in professional environments, organizational communication must shift from synchronous meetings to asynchronous documentation. Relying on constant video conferences creates fatigue and fragments deep work focus. Conversely, clear written updates, centralized project boards, and structured documentation allow employees to collaborate across flexible schedules without sacrificing productivity.

QUESTION:
Why did the author write this passage?","STRIPPED_PASSAGE_PREFIX",true,2026-08-19T09:29:18.758Z
cmstwdq0u00l504l5o83zmhzk,prompt,"PASSAGE:
Proponents of unbridled industrial deregulation argue that removing environmental compliance constraints boosts national economic output. Yet, this myopic view conveniently ignores the astronomical long-term public health costs and ecological damage passed onto future taxpayers. To celebrate short-term GDP growth while poisoning groundwater reserves is not economic progress; it is reckless generational theft.

QUESTION:
Which word best characterizes the author's tone toward industrial deregulation?","Proponents of unbridled industrial deregulation argue that removing environmental compliance constraints boosts national economic output. Yet, this myopic view conveniently ignores the astronomical long-term public health costs and ecological damage passed onto future taxpayers. To celebrate short-term GDP growth while poisoning groundwater reserves is not economic progress; it is reckless generational theft.

QUESTION:
Which word best characterizes the author's tone toward industrial deregulation?","STRIPPED_PASSAGE_PREFIX",true,2026-08-19T09:29:18.882Z
cmstwdq0u00l604l5mdsdvn8z,prompt,"PASSAGE:
Public sector reform in developing administrative systems requires more than digitalizing existing paper-based procedures. True modernization necessitates restructuring workflow architectures, training civil servants in data-driven decision-making, and eliminating redundant supervisory layers. When government agencies simply digitize inefficient manual processes without addressing underlying structural bottlenecks, administrative delays persist despite significant financial investments in technology.

QUESTION:
What is the main idea of the passage?","Public sector reform in developing administrative systems requires more than digitalizing existing paper-based procedures. True modernization necessitates restructuring workflow architectures, training civil servants in data-driven decision-making, and eliminating redundant supervisory layers. When government agencies simply digitize inefficient manual processes without addressing underlying structural bottlenecks, administrative delays persist despite significant financial investments in technology.

QUESTION:
What is the main idea of the passage?","STRIPPED_PASSAGE_PREFIX",true,2026-08-19T09:29:19.008Z
cmstwdq0u00l704l5kz107tkn,prompt,"PASSAGE:
Traditional leadership paradigms often equated effective management with top-down authority and rigid oversight. Modern organizational psychology, however, highlights the efficacy of empathetic leadership—a style characterized by active listening, psychological safety, and supportive coaching. Leaders who cultivate trust rather than compliance observe higher employee retention, increased innovation, and superior problem-solving capabilities within their teams.

QUESTION:
What is the primary purpose of the author in writing this passage?","Traditional leadership paradigms often equated effective management with top-down authority and rigid oversight. Modern organizational psychology, however, highlights the efficacy of empathetic leadership—a style characterized by active listening, psychological safety, and supportive coaching. Leaders who cultivate trust rather than compliance observe higher employee retention, increased innovation, and superior problem-solving capabilities within their teams.

QUESTION:
What is the primary purpose of the author in writing this passage?","STRIPPED_PASSAGE_PREFIX",true,2026-08-19T09:29:19.156Z
cmstwdq0u00l804l5cb7wqr70,prompt,"PASSAGE:
The rapid degradation of freshwater aquifers due to over-extraction and agricultural runoff poses an existential threat to regional food security. Despite decades of hydrogeological warnings, policymaking bodies have consistently prioritized short-term agricultural yields over sustainable water resource management. Without immediate, enforceable groundwater quotas and aggressive watershed restoration, several agricultural basins face permanent depletion within two decades.

QUESTION:
Which of the following best describes the author's tone in the passage?","The rapid degradation of freshwater aquifers due to over-extraction and agricultural runoff poses an existential threat to regional food security. Despite decades of hydrogeological warnings, policymaking bodies have consistently prioritized short-term agricultural yields over sustainable water resource management. Without immediate, enforceable groundwater quotas and aggressive watershed restoration, several agricultural basins face permanent depletion within two decades.

QUESTION:
Which of the following best describes the author's tone in the passage?","STRIPPED_PASSAGE_PREFIX",true,2026-08-19T09:29:19.283Z
cmstwdq0u00l904l59k8kwaye,prompt,"PASSAGE:
The Philippine Archipelago lies along the Pacific Ring of Fire, a region characterized by intense tectonic activity and frequent volcanic eruptions. Geologists observe that subduction zones surrounding the islands continuously accumulate strain along fault lines. Despite significant advancements in seismic monitoring technology, scientists currently possess no methodology to predict the exact time and epicenter of an impending earthquake.

QUESTION:
Based on the passage, which statement can be logically inferred?","The Philippine Archipelago lies along the Pacific Ring of Fire, a region characterized by intense tectonic activity and frequent volcanic eruptions. Geologists observe that subduction zones surrounding the islands continuously accumulate strain along fault lines. Despite significant advancements in seismic monitoring technology, scientists currently possess no methodology to predict the exact time and epicenter of an impending earthquake.

QUESTION:
Based on the passage, which statement can be logically inferred?","STRIPPED_PASSAGE_PREFIX",true,2026-08-19T09:29:19.432Z
cmstwdq0u00la04l59km7aag1,prompt,"PASSAGE:
Precision agriculture utilizes drone mapping, soil moisture sensors, and automated drip irrigation to optimize crop yields while minimizing resource consumption. Smallholder farmers who adopted these technologies reported a 25 percent reduction in fertilizer usage and a 30 percent decrease in water consumption. However, the high initial capital outlay for hardware remains a significant barrier for subsistence farming cooperatives.

QUESTION:
What is the most logical conclusion regarding precision agriculture based on the text?","Precision agriculture utilizes drone mapping, soil moisture sensors, and automated drip irrigation to optimize crop yields while minimizing resource consumption. Smallholder farmers who adopted these technologies reported a 25 percent reduction in fertilizer usage and a 30 percent decrease in water consumption. However, the high initial capital outlay for hardware remains a significant barrier for subsistence farming cooperatives.

QUESTION:
What is the most logical conclusion regarding precision agriculture based on the text?","STRIPPED_PASSAGE_PREFIX",true,2026-08-19T09:29:19.586Z
cmstwdq0u00lb04l5oki7c4y5,prompt,"PASSAGE:
With the proliferation of cloud computing and remote access networks, traditional perimeter-based cybersecurity models are no longer sufficient. Organizations must adopt a ""Zero Trust"" architecture, which operates on the principle of ""never trust, always verify."" Under Zero Trust, every user and device attempting to access network resources must be continuously authenticated and validated, regardless of whether they are inside or outside the corporate network.

QUESTION:
What is the author's main objective in this passage?","With the proliferation of cloud computing and remote access networks, traditional perimeter-based cybersecurity models are no longer sufficient. Organizations must adopt a ""Zero Trust"" architecture, which operates on the principle of ""never trust, always verify."" Under Zero Trust, every user and device attempting to access network resources must be continuously authenticated and validated, regardless of whether they are inside or outside the corporate network.

QUESTION:
What is the author's main objective in this passage?","STRIPPED_PASSAGE_PREFIX",true,2026-08-19T09:29:19.734Z
cmstwdq0u00lc04l5jotak68d,prompt,"PASSAGE:
Whistleblower protection programs encourage employees to report internal corruption by guaranteeing legal defense and anonymity. In 2023, government audit agencies received over 1,200 verified tips through anonymous hotlines. Implementing robust whistleblower protection is moral and essential for maintaining organizational integrity in the public sector.

QUESTION:
Which of the following statements from the passage represents a statement of FACT?","Whistleblower protection programs encourage employees to report internal corruption by guaranteeing legal defense and anonymity. In 2023, government audit agencies received over 1,200 verified tips through anonymous hotlines. Implementing robust whistleblower protection is moral and essential for maintaining organizational integrity in the public sector.

QUESTION:
Which of the following statements from the passage represents a statement of FACT?","STRIPPED_PASSAGE_PREFIX",true,2026-08-19T09:29:19.861Z
cmstwdq0u00ld04l5zlxhu1r6,prompt,"PASSAGE:
Insufficient sleep alters hormonal regulation in the human body, specifically decreasing leptin (the satiety hormone) and elevating ghrelin (the hunger-stimulating hormone). Consequently, individuals experiencing chronic sleep deprivation experience heightened cravings for high-calorie carbohydrates, leading to caloric excess and an increased risk of obesity.

QUESTION:
What is the direct biological effect of elevated ghrelin levels caused by sleep deprivation?","Insufficient sleep alters hormonal regulation in the human body, specifically decreasing leptin (the satiety hormone) and elevating ghrelin (the hunger-stimulating hormone). Consequently, individuals experiencing chronic sleep deprivation experience heightened cravings for high-calorie carbohydrates, leading to caloric excess and an increased risk of obesity.

QUESTION:
What is the direct biological effect of elevated ghrelin levels caused by sleep deprivation?","STRIPPED_PASSAGE_PREFIX",true,2026-08-19T09:29:19.985Z
cmstwdq0u00le04l55ilufd9j,prompt,"PASSAGE:
Standardized multiple-choice testing remains a staple in evaluating student achievement due to its cost-efficiency and grading objectivity. Critics contend, however, that such assessments primarily measure memorization and narrow pattern recognition rather than critical thinking or creative synthesis. Schools that rely exclusively on standardized test scores to evaluate institutional quality risk narrowing their curricula to focus solely on test preparation.

QUESTION:
What can be inferred about a school that relies exclusively on standardized test scores?","Standardized multiple-choice testing remains a staple in evaluating student achievement due to its cost-efficiency and grading objectivity. Critics contend, however, that such assessments primarily measure memorization and narrow pattern recognition rather than critical thinking or creative synthesis. Schools that rely exclusively on standardized test scores to evaluate institutional quality risk narrowing their curricula to focus solely on test preparation.

QUESTION:
What can be inferred about a school that relies exclusively on standardized test scores?","STRIPPED_PASSAGE_PREFIX",true,2026-08-19T09:29:20.127Z
cmstwdq0u00lf04l5u6wkjsfs,prompt,"PASSAGE:
During the American colonial period in the Philippines, the passage of the Education Act of 1901 (Act No. 74) established a centralized public school system. The law authorized the importation of hundreds of American teachers, popularly known as the Thomasites, who arrived aboard the USAT Thomas. These educators were tasked with establishing primary instruction using English as the medium of communication across the islands.

QUESTION:
According to the passage, what vessel brought the group of American teachers known as the Thomasites to the Philippines?","During the American colonial period in the Philippines, the passage of the Education Act of 1901 (Act No. 74) established a centralized public school system. The law authorized the importation of hundreds of American teachers, popularly known as the Thomasites, who arrived aboard the USAT Thomas. These educators were tasked with establishing primary instruction using English as the medium of communication across the islands.

QUESTION:
According to the passage, what vessel brought the group of American teachers known as the Thomasites to the Philippines?","STRIPPED_PASSAGE_PREFIX",true,2026-08-19T09:29:20.252Z
cmstwdq0u00lg04l5fi33s0le,prompt,"PASSAGE:
Oral storytelling traditions among indigenous mountain communities serve as vital repositories of ecological knowledge, ancestral history, and custom laws. Through chants and epic narratives recited during seasonal harvests, elder storytellers pass down intricate maps of local biodiversity and sustainable resource practices to younger generations. As formal schooling systems displace indigenous languages, these oral traditions face extinction.

QUESTION:
Which title best captures the core subject of the passage?","Oral storytelling traditions among indigenous mountain communities serve as vital repositories of ecological knowledge, ancestral history, and custom laws. Through chants and epic narratives recited during seasonal harvests, elder storytellers pass down intricate maps of local biodiversity and sustainable resource practices to younger generations. As formal schooling systems displace indigenous languages, these oral traditions face extinction.

QUESTION:
Which title best captures the core subject of the passage?","STRIPPED_PASSAGE_PREFIX",true,2026-08-19T09:29:20.396Z
cmstwdq0u00lh04l55ff5j7tx,prompt,"PASSAGE:
Rapid urban development often leads to gentrification, a process where rising property values displace long-term, low-income residents. While municipal leaders frequently point to new commercial infrastructure as evidence of economic renewal, social scientists emphasize that urban revitalization is incomplete if it exacerbates housing inequality. Inclusive urban planning must balance commercial growth with affordable housing protections.

QUESTION:
What is the central argument presented by the author?","Rapid urban development often leads to gentrification, a process where rising property values displace long-term, low-income residents. While municipal leaders frequently point to new commercial infrastructure as evidence of economic renewal, social scientists emphasize that urban revitalization is incomplete if it exacerbates housing inequality. Inclusive urban planning must balance commercial growth with affordable housing protections.

QUESTION:
What is the central argument presented by the author?","STRIPPED_PASSAGE_PREFIX",true,2026-08-19T09:29:20.560Z
cmstwdq0u00li04l574d84csg,prompt,"PASSAGE:
Microfinance institutions were initially established to alleviate rural poverty by providing small, uncollateralized loans to low-income entrepreneurs. However, when these institutions prioritize aggressive profit maximization over social impact, interest rates skyrocket, creating an ONEROUS debt burden that traps vulnerable borrowers in cycles of financial insolvency.

QUESTION:
As used in the passage, what is the meaning of the word ""ONEROUS""?","Microfinance institutions were initially established to alleviate rural poverty by providing small, uncollateralized loans to low-income entrepreneurs. However, when these institutions prioritize aggressive profit maximization over social impact, interest rates skyrocket, creating an ONEROUS debt burden that traps vulnerable borrowers in cycles of financial insolvency.

QUESTION:
As used in the passage, what is the meaning of the word ""ONEROUS""?","STRIPPED_PASSAGE_PREFIX",true,2026-08-19T09:29:20.716Z
cmstwdq0u00lj04l5mc1t5ac1,prompt,"PASSAGE:
The constitutional right against self-incrimination ensures that no individual can be compelled to testify against themselves in criminal proceedings. This safeguard remains IMMUTABLE, meaning it cannot be suspended by legislative statutes or administrative decrees, even during declared states of emergency.

QUESTION:
In the passage, what is the meaning of the word ""IMMUTABLE""?","The constitutional right against self-incrimination ensures that no individual can be compelled to testify against themselves in criminal proceedings. This safeguard remains IMMUTABLE, meaning it cannot be suspended by legislative statutes or administrative decrees, even during declared states of emergency.

QUESTION:
In the passage, what is the meaning of the word ""IMMUTABLE""?","STRIPPED_PASSAGE_PREFIX",true,2026-08-19T09:29:20.847Z
cmstwdq0s00g004l5sdwnwhmc,prompt,"(A) The newly appointed administrator noticed
(B) that there were less public complaints received
(C) during the second quarter of the fiscal year
(D) compared to the previous period.

Which part of the sentence contains the grammatical error?","Which part of the following sentence contains a grammatical error: ""(A) The newly appointed administrator noticed (B) that there were less public complaints received (C) during the second quarter of the fiscal year (D) compared to the previous period.""?","ERROR_ID_FORMAT_STANDARDIZED",true,2026-08-19T09:29:27.812Z
cmstwdq0s00g104l5w2keq5ai,prompt,"(A) The executive committee
(B) meets every Tuesday morning
(C) to discuss routine administrative matters
(D) and have approved all budget requests.

Which part of the sentence contains the grammatical error?","Which part of the following sentence contains a grammatical error: ""(A) The executive committee (B) meets every Tuesday morning (C) to discuss routine administrative matters (D) and have approved all budget requests.""?","ERROR_ID_FORMAT_STANDARDIZED",true,2026-08-19T09:29:27.932Z
cmstwdq0s00g204l59tm8t2sp,prompt,"(A) The delegate met with
(B) representatives of the
(C) department of finance
(D) to discuss international trade agreements.

Which part of the sentence contains the grammatical error?","Which part of the following sentence contains a grammatical error: ""(A) The delegate met with (B) representatives of the (C) department of finance (D) to discuss international trade agreements.""?","ERROR_ID_FORMAT_STANDARDIZED",true,2026-08-19T09:29:28.052Z
cmstwdq0s00g304l5gjm178t9,prompt,"(A) The legislative assembly
(B) reached a consensus
(C) during the late-night session,
(D) resulting in a complete unanimous vote.

Which part of the sentence contains the grammatical error?","Which part of the following sentence contains a grammatical error: ""(A) The legislative assembly (B) reached a consensus (C) during the late-night session, (D) resulting in a complete unanimous vote.""?","ERROR_ID_FORMAT_STANDARDIZED",true,2026-08-19T09:29:28.171Z
cmstwdq0s00g404l54d6g4jdv,prompt,"(A) The new municipal ordinance
(B) neither allows street vendors to block major thoroughfares
(C) or permits unauthorized parking
(D) along designated emergency routes.

Which part of the sentence contains the grammatical error?","Which part of the following sentence contains a grammatical error: ""(A) The new municipal ordinance (B) neither allows street vendors to block major thoroughfares (C) or permits unauthorized parking (D) along designated emergency routes.""?","ERROR_ID_FORMAT_STANDARDIZED",true,2026-08-19T09:29:28.292Z
cmstwdq0s00g504l5yw0wkl1m,prompt,"(A) Because the budget was severely cut by the city council
(B) and the project lacked sufficient technical personnel
(C) during the critical implementation phase
(D) of the coastal development project.

Which part of the sentence contains the grammatical error?","Which part of the following sentence contains a grammatical error: ""(A) Because the budget was severely cut by the city council (B) and the project lacked sufficient technical personnel (C) during the critical implementation phase (D) of the coastal development project.""?","ERROR_ID_FORMAT_STANDARDIZED",true,2026-08-19T09:29:28.435Z
cmstwdq0s00g604l5d2tn8w3c,prompt,"(A) The chairperson announced that the candidate
(B) whom scores highest on the comprehensive examination
(C) will be granted the postgraduate scholarship
(D) by the executive commission.

Which part of the sentence contains the grammatical error?","Which part of the following sentence contains a grammatical error: ""(A) The chairperson announced that the candidate (B) whom scores highest on the comprehensive examination (C) will be granted the postgraduate scholarship (D) by the executive commission.""?","ERROR_ID_FORMAT_STANDARDIZED",true,2026-08-19T09:29:28.582Z
cmstwdq0s00g704l55jhh9vc8,prompt,"(A) Between the four local barangays,
(B) the municipal budget surplus was distributed
(C) to finance their respective
(D) community development projects.

Which part of the sentence contains the grammatical error?","Which part of the following sentence contains a grammatical error: ""(A) Between the four local barangays, (B) the municipal budget surplus was distributed (C) to finance their respective (D) community development projects.""?","ERROR_ID_FORMAT_STANDARDIZED",true,2026-08-19T09:29:28.702Z
cmstwdq0s00g804l5ku9tssyw,prompt,"(A) By the time
(B) the fire truck arrived at the scene,
(C) the local volunteers
(D) already extinguished the structural fire.

Which part of the sentence contains the grammatical error?","Which part of the following sentence contains a grammatical error: ""(A) By the time (B) the fire truck arrived at the scene, (C) the local volunteers (D) already extinguished the structural fire.""?","ERROR_ID_FORMAT_STANDARDIZED",true,2026-08-19T09:29:28.820Z
cmstwdq0s00g904l54tjn2p6i,prompt,"(A) The regional director, accompanied by three senior auditors,
(B) are scheduled to visit the province
(C) to inspect the newly constructed
(D) municipal health center.

Which part of the sentence contains the grammatical error?","Which part of the following sentence contains a grammatical error: ""(A) The regional director, accompanied by three senior auditors, (B) are scheduled to visit the province (C) to inspect the newly constructed (D) municipal health center.""?","ERROR_ID_FORMAT_STANDARDIZED",true,2026-08-19T09:29:28.942Z
cmstwdq0s00ga04l5ugll5cah,prompt,"(A) Every members of the executive board
(B) must submit a signed disclosure form
(C) to the ethics officer
(D) before the end of the week.

Which part of the sentence contains the grammatical error?","Which part of the following sentence contains a grammatical error: ""(A) Every members of the executive board (B) must submit a signed disclosure form (C) to the ethics officer (D) before the end of the week.""?","ERROR_ID_FORMAT_STANDARDIZED",true,2026-08-19T09:29:29.064Z
cmstwdq0s00gb04l5c4r03sfn,prompt,"(A) The administrative memorandum was sent to
(B) both the division heads and I
(C) regarding the upcoming mandatory
(D) performance evaluation seminar.

Which part of the sentence contains the grammatical error?","Which part of the following sentence contains a grammatical error: ""(A) The administrative memorandum was sent to (B) both the division heads and I (C) regarding the upcoming mandatory (D) performance evaluation seminar.""?","ERROR_ID_FORMAT_STANDARDIZED",true,2026-08-19T09:29:29.184Z
cmstwdq0s00gc04l5l62tixiq,prompt,"(A) The audit report highlighted three main issues:
(B) unverified receipts, delayed submissions
(C) and unaccounted equipment;
(D) however no legal action was recommended.

Which part of the sentence contains the grammatical error?","Which part of the following sentence contains a grammatical error: ""(A) The audit report highlighted three main issues: (B) unverified receipts, delayed submissions (C) and unaccounted equipment; (D) however no legal action was recommended.""?","ERROR_ID_FORMAT_STANDARDIZED",true,2026-08-19T09:29:29.316Z
cmstwdq0s00gd04l5iza0yw0x,prompt,"(A) During the annual leadership convention,
(B) the principal speaker discussed how
(C) democratic Principles are essential
(D) for effective public administration.

Which part of the sentence contains the grammatical error?","Which part of the following sentence contains a grammatical error: ""(A) During the annual leadership convention, (B) the principal speaker discussed how (C) democratic Principles are essential (D) for effective public administration.""?","ERROR_ID_FORMAT_STANDARDIZED",true,2026-08-19T09:29:29.435Z
cmstwdq0s00ge04l5ku203m0p,prompt,"(A) The chief legal counsel
(B) advised the department secretary
(C) that the proposed statutory mandate
(D) would adversely effect civil rights.

Which part of the sentence contains the grammatical error?","Which part of the following sentence contains a grammatical error: ""(A) The chief legal counsel (B) advised the department secretary (C) that the proposed statutory mandate (D) would adversely effect civil rights.""?","ERROR_ID_FORMAT_STANDARDIZED",true,2026-08-19T09:29:29.553Z
cmstwdq0s00gf04l53niydffe,prompt,"(A) The inter-agency task force decided
(B) to revert back to the original guidelines
(C) after receiving several public petitions
(D) regarding the new regulations.

Which part of the sentence contains the grammatical error?","Which part of the following sentence contains a grammatical error: ""(A) The inter-agency task force decided (B) to revert back to the original guidelines (C) after receiving several public petitions (D) regarding the new regulations.""?","ERROR_ID_FORMAT_STANDARDIZED",true,2026-08-19T09:29:29.676Z
cmstwdq0s00gg04l5fo9i559l,prompt,"(A) The bureau chief submitted the report on time,
(B) however, the accompanying financial vouchers
(C) were missing critical supervisor signatures
(D) required for official reimbursement.

Which part of the sentence contains the grammatical error?","Which part of the following sentence contains a grammatical error: ""(A) The bureau chief submitted the report on time, (B) however, the accompanying financial vouchers (C) were missing critical supervisor signatures (D) required for official reimbursement.""?","ERROR_ID_FORMAT_STANDARDIZED",true,2026-08-19T09:29:29.816Z
cmstwdq0s00gh04l5mv3hbj05,prompt,"(A) Although the technical team worked tirelessly
(B) throughout the weekend,
(C) but they failed to restore the central server
(D) before Monday morning.

Which part of the sentence contains the grammatical error?","Which part of the following sentence contains a grammatical error: ""(A) Although the technical team worked tirelessly (B) throughout the weekend, (C) but they failed to restore the central server (D) before Monday morning.""?","ERROR_ID_FORMAT_STANDARDIZED",true,2026-08-19T09:29:29.943Z
cmstwdq0s00gi04l507tkbv81,prompt,"(A) High-level government officials
(B) are required to act with utmost integrity,
(C) demonstrate accountability in public service,
(D) and uphold a honor of their office.

Which part of the sentence contains the grammatical error?","Which part of the following sentence contains a grammatical error: ""(A) High-level government officials (B) are required to act with utmost integrity, (C) demonstrate accountability in public service, (D) and uphold a honor of their office.""?","ERROR_ID_FORMAT_STANDARDIZED",true,2026-08-19T09:29:30.068Z
cmstwdq0s00gj04l5iofjnnbz,prompt,"(A) In accordance to
(B) the newly approved statutory guidelines,
(C) all procurement contracts exceeding one million pesos
(D) must undergo competitive public bidding.

Which part of the sentence contains the grammatical error?","Which part of the following sentence contains a grammatical error: ""(A) In accordance to (B) the newly approved statutory guidelines, (C) all procurement contracts exceeding one million pesos (D) must undergo competitive public bidding.""?","ERROR_ID_FORMAT_STANDARDIZED",true,2026-08-19T09:29:30.188Z
cmstwdq0s00gk04l5h197y4j6,prompt,"(A) The job description requires applicants
(B) to hold a bachelor's degree,
(C) possessing civil service eligibility,
(D) and to pass a background check.

Which part of the sentence contains the grammatical error?","Which part of the following sentence contains a grammatical error: ""(A) The job description requires applicants (B) to hold a bachelor's degree, (C) possessing civil service eligibility, (D) and to pass a background check.""?","ERROR_ID_FORMAT_STANDARDIZED",true,2026-08-19T09:29:30.308Z
cmstwdq0s00gl04l5ey4obhlk,prompt,"(A) The police officer
(B) served an arrest warrant
(C) to the fleeing suspect
(D) written on official government stationery.

Which part of the sentence contains the grammatical error?","Which part of the following sentence contains a grammatical error: ""(A) The police officer (B) served an arrest warrant (C) to the fleeing suspect (D) written on official government stationery.""?","ERROR_ID_FORMAT_STANDARDIZED",true,2026-08-19T09:29:30.429Z
cmstwdq0s00gm04l5t5h882lv,prompt,"(A) Yesterday morning,
(B) the legislative secretary submits the approved ordinance
(C) to the mayor's office
(D) for formal executive signature.

Which part of the sentence contains the grammatical error?","Which part of the following sentence contains a grammatical error: ""(A) Yesterday morning, (B) the legislative secretary submits the approved ordinance (C) to the mayor's office (D) for formal executive signature.""?","ERROR_ID_FORMAT_STANDARDIZED",true,2026-08-19T09:29:30.553Z
cmstwdq0s00gn04l5a3bpp5c4,prompt,"(A) The regional director commended
(B) the field officers
(C) which completed the disaster relief operations
(D) ahead of the scheduled deadline.

Which part of the sentence contains the grammatical error?","Which part of the following sentence contains a grammatical error: ""(A) The regional director commended (B) the field officers (C) which completed the disaster relief operations (D) ahead of the scheduled deadline.""?","ERROR_ID_FORMAT_STANDARDIZED",true,2026-08-19T09:29:30.671Z
cmstwdq0s00go04l5wif6c8bd,prompt,"(A) Neither of the candidates have submitted
(B) the required civil service credentials
(C) to the human resources department
(D) before the official deadline.

Which part of the sentence contains the grammatical error?","Which part of the following sentence contains a grammatical error: ""(A) Neither of the candidates have submitted (B) the required civil service credentials (C) to the human resources department (D) before the official deadline.""?","ERROR_ID_FORMAT_STANDARDIZED",true,2026-08-19T09:29:30.801Z
